{"type":"FeatureCollection","features":[{"type":"Feature","properties":{"name":"Eğirdir","minZoom":7.0,"rank":9},"geometry":{"type":"Polygon","coordinates":[[[30.860109,38.280991],[30.893078,38.274809],[30.882775,38.240369],[30.86894,38.208283],[30.855105,38.175903],[30.856282,38.150293],[30.8919,38.143523],[30.92428,38.122034],[30.93841,38.092304],[30.944003,38.067871],[30.947535,38.050798],[30.958132,38.022834],[30.966669,37.990159],[30.948124,37.963667],[30.918099,37.928048],[30.905147,37.894785],[30.898376,37.868293],[30.876593,37.852397],[30.855693,37.861522],[30.84804,37.877123],[30.834499,37.88566],[30.811833,37.910387],[30.79476,37.931875],[30.77857,37.940117],[30.7718,37.959251],[30.777098,37.980151],[30.796821,37.996341],[30.812716,38.016652],[30.831556,38.049915],[30.852161,38.076997],[30.843624,38.111143],[30.813894,38.138224],[30.774155,38.148527],[30.755021,38.171193],[30.751194,38.195331],[30.752077,38.223001],[30.773271,38.25126],[30.809773,38.270688],[30.860109,38.280991]]]}},{"type":"Feature","properties":{"name":"Beyşehir","minZoom":5.7,"rank":7},"geometry":{"type":"Polygon","coordinates":[[[31.465027,37.60778],[31.456491,37.628091],[31.459434,37.669891],[31.451781,37.687553],[31.452664,37.699328],[31.45914,37.717872],[31.436474,37.757317],[31.41263,37.800883],[31.388787,37.832969],[31.353757,37.869176],[31.339334,37.894785],[31.324027,37.91804],[31.318728,37.95042],[31.357879,37.962195],[31.394674,37.966316],[31.418518,37.977207],[31.447954,37.957191],[31.474152,37.932464],[31.498879,37.910387],[31.527727,37.886837],[31.561579,37.86947],[31.575708,37.847687],[31.580712,37.834146],[31.593076,37.817662],[31.594842,37.794407],[31.602201,37.781161],[31.613092,37.784693],[31.626633,37.79529],[31.646355,37.795879],[31.654892,37.77233],[31.673143,37.743777],[31.686095,37.727586],[31.702285,37.70492],[31.706406,37.676367],[31.674909,37.66577],[31.644295,37.658117],[31.582478,37.641338],[31.526255,37.635745],[31.515658,37.628386],[31.520073,37.6172],[31.5239,37.604837],[31.508299,37.60101],[31.485633,37.61043],[31.465027,37.60778]]]}},{"type":"Feature","properties":{"name":"Albert","minZoom":1.0,"rank":9},"geometry":{"type":"Polygon","coordinates":[[[31.360528,2.262302],[31.358173,2.253471],[31.359645,2.208139],[31.361705,2.199308],[31.374657,2.184296],[31.389376,2.161041],[31.394674,2.137492],[31.378484,2.120713],[31.403799,2.058308],[31.405271,2.02475],[31.385549,1.997374],[31.403799,1.95322],[31.406154,1.938796],[31.406154,1.914658],[31.404388,1.909065],[31.402033,1.904944],[31.399973,1.89994],[31.394674,1.863144],[31.381133,1.837829],[31.359645,1.824288],[31.330797,1.832825],[31.321966,1.812219],[31.315784,1.759823],[31.309603,1.737156],[31.295768,1.711841],[31.281933,1.695651],[31.24131,1.668275],[31.183909,1.614407],[31.123565,1.582027],[31.111201,1.578789],[31.097955,1.580555],[31.086475,1.584676],[31.075583,1.586148],[31.06322,1.578789],[31.05645,1.583498],[31.049679,1.586442],[31.036727,1.556123],[31.008174,1.541993],[30.974322,1.532868],[30.946652,1.517561],[30.928696,1.49254],[30.898376,1.433373],[30.730883,1.239681],[30.72058,1.22408],[30.718814,1.208773],[30.718814,1.192877],[30.714399,1.174921],[30.604012,1.058058],[30.60725,1.052171],[30.606661,1.048344],[30.601363,1.04599],[30.590471,1.044518],[30.599891,1.038925],[30.604012,1.037747],[30.604012,1.031566],[30.59106,1.027445],[30.577519,1.028033],[30.56545,1.033626],[30.556031,1.044518],[30.546611,1.038042],[30.542196,1.029799],[30.539546,1.021557],[30.533659,1.013904],[30.530421,1.024207],[30.531304,1.034509],[30.533953,1.045695],[30.53572,1.058058],[30.517469,1.041574],[30.506283,1.034509],[30.497747,1.034509],[30.491859,1.044812],[30.495686,1.054526],[30.503045,1.063946],[30.507755,1.072482],[30.509816,1.09456],[30.5054,1.108395],[30.497158,1.121052],[30.488033,1.140775],[30.494214,1.159908],[30.487444,1.181103],[30.486266,1.199059],[30.507755,1.209067],[30.507755,1.215838],[30.493331,1.223491],[30.466838,1.250573],[30.465661,1.255577],[30.460657,1.266174],[30.455064,1.271472],[30.452415,1.260581],[30.452415,1.229673],[30.447999,1.230261],[30.44741,1.231145],[30.447705,1.232911],[30.446233,1.236443],[30.436224,1.225552],[30.432692,1.222608],[30.430337,1.239681],[30.421212,1.254105],[30.407671,1.26117],[30.392364,1.256754],[30.391481,1.26794],[30.39207,1.278537],[30.394425,1.288546],[30.398546,1.297671],[30.385888,1.310329],[30.392953,1.323869],[30.408849,1.334761],[30.422095,1.339471],[30.452415,1.401287],[30.465661,1.420715],[30.476847,1.441615],[30.484795,1.463987],[30.488033,1.486358],[30.490976,1.496661],[30.49863,1.509024],[30.508638,1.519327],[30.518352,1.523743],[30.526006,1.529041],[30.541901,1.555239],[30.54926,1.565248],[30.596359,1.587325],[30.62138,1.602926],[30.631977,1.623826],[30.638453,1.645609],[30.654054,1.662977],[30.724996,1.706837],[30.734415,1.715668],[30.745012,1.745693],[30.751488,1.750109],[30.765912,1.756879],[30.816249,1.798679],[30.912506,1.90671],[30.954011,1.929082],[30.983742,1.93232],[30.994928,1.935264],[31.004936,1.940856],[31.012001,1.948804],[31.017888,1.95793],[31.025247,1.966466],[31.067047,2.002673],[31.111201,2.031521],[31.120915,2.035053],[31.142698,2.040352],[31.152118,2.045061],[31.160655,2.054775],[31.175373,2.079502],[31.183026,2.08951],[31.201571,2.106583],[31.211285,2.111588],[31.224237,2.113354],[31.236895,2.116886],[31.239544,2.126012],[31.238661,2.137197],[31.24131,2.1475],[31.294296,2.190772],[31.303421,2.205784],[31.306365,2.22639],[31.314313,2.245229],[31.325204,2.262302],[31.367593,2.309989],[31.386432,2.322647],[31.439123,2.341192],[31.450898,2.348256],[31.4612,2.359737],[31.465616,2.371511],[31.469443,2.39771],[31.474741,2.408307],[31.474447,2.358854],[31.467971,2.335893],[31.450603,2.326179],[31.432353,2.321175],[31.412042,2.3094],[31.378484,2.284674],[31.372597,2.279375],[31.366121,2.271427],[31.360528,2.262302]]]}},{"type":"Feature","properties":{"name":"Malawi","minZoom":1.0,"rank":9},"geometry":{"type":"Polygon","coordinates":[[[35.222585,-14.380751],[35.174604,-14.339835],[35.155765,-14.310693],[35.143696,-14.297152],[35.126917,-14.291559],[35.122796,-14.285377],[35.098069,-14.256824],[35.092182,-14.24711],[35.084234,-14.218557],[35.0651,-14.186177],[35.040668,-14.164982],[35.017708,-14.168515],[35.012998,-14.162922],[35.001223,-14.153208],[34.996514,-14.147321],[34.964133,-14.155268],[34.941762,-14.127598],[34.933225,-14.086093],[34.942056,-14.051652],[34.928515,-14.043704],[34.906438,-14.021333],[34.893486,-14.01103],[34.863167,-14.002493],[34.844033,-14.015445],[34.840206,-14.041055],[34.856102,-14.069608],[34.862578,-14.093452],[34.844916,-14.117001],[34.821956,-14.141433],[34.812242,-14.168515],[34.816657,-14.17764],[34.824605,-14.187943],[34.830787,-14.197951],[34.82902,-14.206193],[34.817835,-14.213258],[34.813713,-14.217968],[34.812242,-14.226504],[34.805766,-14.237985],[34.790164,-14.247699],[34.771914,-14.254469],[34.75749,-14.257118],[34.741594,-14.262123],[34.72511,-14.270953],[34.709214,-14.27478],[34.69479,-14.264772],[34.69273,-14.250054],[34.698028,-14.237102],[34.698617,-14.22415],[34.681838,-14.209431],[34.664176,-14.20325],[34.64887,-14.201778],[34.634151,-14.197657],[34.616784,-14.185294],[34.60913,-14.174696],[34.601183,-14.159684],[34.595001,-14.143494],[34.592646,-14.130247],[34.586759,-14.11965],[34.551141,-14.079028],[34.546136,-14.064899],[34.529063,-13.97865],[34.534067,-13.95304],[34.549963,-13.931552],[34.575867,-13.90447],[34.582638,-13.89299],[34.600005,-13.84648],[34.598828,-13.838533],[34.591763,-13.822048],[34.592646,-13.812334],[34.598239,-13.804975],[34.615312,-13.792023],[34.620316,-13.78437],[34.622377,-13.765825],[34.618844,-13.751695],[34.618844,-13.73786],[34.63003,-13.719609],[34.63474,-13.703419],[34.62326,-13.689879],[34.607659,-13.678398],[34.600005,-13.668096],[34.594118,-13.654261],[34.564681,-13.628357],[34.551141,-13.613638],[34.538189,-13.585674],[34.530535,-13.573899],[34.517289,-13.565068],[34.501687,-13.563596],[34.470485,-13.575077],[34.45194,-13.578315],[34.438105,-13.574194],[34.428391,-13.564185],[34.420149,-13.551822],[34.400721,-13.529156],[34.379526,-13.483824],[34.325069,-13.395809],[34.312411,-13.363135],[34.308879,-13.329871],[34.321537,-13.301612],[34.343025,-13.271882],[34.348029,-13.243917],[34.33861,-13.174741],[34.336844,-13.012252],[34.325069,-12.961916],[34.326541,-12.944843],[34.334194,-12.915112],[34.331251,-12.900983],[34.328307,-12.910991],[34.323008,-12.922471],[34.315649,-12.928359],[34.307996,-12.921588],[34.305641,-12.909519],[34.311823,-12.886265],[34.311234,-12.873313],[34.300048,-12.855651],[34.269729,-12.829158],[34.263547,-12.808258],[34.277088,-12.759688],[34.27591,-12.738199],[34.238232,-12.722009],[34.222925,-12.704642],[34.202025,-12.667552],[34.186423,-12.621631],[34.182008,-12.596316],[34.181714,-12.571589],[34.184657,-12.546863],[34.189073,-12.537737],[34.198492,-12.52714],[34.204968,-12.517721],[34.205557,-12.508595],[34.202025,-12.486224],[34.171117,-12.397031],[34.147862,-12.382313],[34.128139,-12.382313],[34.108417,-12.385551],[34.085457,-12.380253],[34.087517,-12.372599],[34.086045,-12.36318],[34.080747,-12.355526],[34.062791,-12.348461],[34.059553,-12.339336],[34.058964,-12.32815],[34.057492,-12.318436],[34.039536,-12.270455],[34.03041,-12.205695],[34.030116,-12.188033],[34.041891,-12.139463],[34.045717,-12.107377],[34.057492,-12.05763],[34.062496,-12.019362],[34.068972,-12.001995],[34.08163,-11.985805],[34.195254,-11.89985],[34.182891,-11.879539],[34.182891,-11.850397],[34.190839,-11.820372],[34.202025,-11.798],[34.211739,-11.788875],[34.235288,-11.775334],[34.246474,-11.766798],[34.250006,-11.761499],[34.253538,-11.749136],[34.257365,-11.742954],[34.263841,-11.736773],[34.274733,-11.730591],[34.315649,-11.692324],[34.324186,-11.672307],[34.325069,-11.639927],[34.31977,-11.61314],[34.314766,-11.59901],[34.307996,-11.589002],[34.303286,-11.578699],[34.30358,-11.549557],[34.284152,-11.478615],[34.277382,-11.353511],[34.257365,-11.296698],[34.248534,-11.286984],[34.239409,-11.280803],[34.232344,-11.272266],[34.229401,-11.25637],[34.23205,-11.231349],[34.231756,-11.221047],[34.226163,-11.211627],[34.214977,-11.185723],[34.222042,-11.160408],[34.249712,-11.112132],[34.235582,-11.093293],[34.229106,-11.060324],[34.232933,-10.934336],[34.21586,-10.741822],[34.202025,-10.687659],[34.202613,-10.672058],[34.208795,-10.637617],[34.20909,-10.625548],[34.200847,-10.608769],[34.189073,-10.593462],[34.183185,-10.577861],[34.191428,-10.560494],[34.198492,-10.554018],[34.22263,-10.539888],[34.229401,-10.532823],[34.228812,-10.525464],[34.224985,-10.517516],[34.22263,-10.50898],[34.220864,-10.477483],[34.226457,-10.468358],[34.243236,-10.454228],[34.251772,-10.45099],[34.258543,-10.452462],[34.264724,-10.451285],[34.270906,-10.440687],[34.268845,-10.437744],[34.257365,-10.412723],[34.247062,-10.377988],[34.239115,-10.364153],[34.203497,-10.323825],[34.192605,-10.308224],[34.187895,-10.293211],[34.181125,-10.279082],[34.164935,-10.264952],[34.133438,-10.241992],[34.077803,-10.186651],[33.995381,-10.068906],[33.966239,-10.001791],[33.955053,-9.933498],[33.955053,-9.899352],[33.952698,-9.889638],[33.946517,-9.886694],[33.938569,-9.885811],[33.930915,-9.881984],[33.907366,-9.827233],[33.899713,-9.758057],[33.904423,-9.725383],[33.911862,-9.717959],[33.928296,-9.700285],[33.928296,-9.693464],[33.943075,-9.683852],[33.951343,-9.67362],[33.954857,-9.660598],[33.955581,-9.642304],[33.962609,-9.612125],[33.964469,-9.594659],[33.945866,-9.55001],[33.960748,-9.524896],[33.984313,-9.505569],[33.996508,-9.491823],[34.012735,-9.477457],[34.047461,-9.489962],[34.078491,-9.510186],[34.089319,-9.522208],[34.103169,-9.529856],[34.137068,-9.570577],[34.144613,-9.574918],[34.161873,-9.593625],[34.19025,-9.60646],[34.288067,-9.70845],[34.317936,-9.719199],[34.32424,-9.732428],[34.326721,-9.750308],[34.331682,-9.769222],[34.33747,-9.77718],[34.35969,-9.799918],[34.364238,-9.802398],[34.382325,-9.819658],[34.383462,-9.823792],[34.4833,-9.946162],[34.494669,-9.966729],[34.524745,-10.008794],[34.536424,-10.043003],[34.537767,-10.053855],[34.5357,-10.065328],[34.526812,-10.084861],[34.524745,-10.094783],[34.532393,-10.12889],[34.565569,-10.202684],[34.575078,-10.255807],[34.583449,-10.277614],[34.58562,-10.290017],[34.58531,-10.300662],[34.565053,-10.409803],[34.569497,-10.431404],[34.58872,-10.463133],[34.592958,-10.481736],[34.590787,-10.491245],[34.581486,-10.513672],[34.579419,-10.526488],[34.581072,-10.539717],[34.585723,-10.553567],[34.592338,-10.566692],[34.600399,-10.578061],[34.608874,-10.581989],[34.617556,-10.581472],[34.624377,-10.583436],[34.627168,-10.595114],[34.626341,-10.614338],[34.629028,-10.620229],[34.650525,-10.645344],[34.660034,-10.665498],[34.660861,-10.687305],[34.647631,-10.708389],[34.653936,-10.717588],[34.655693,-10.722032],[34.65993,-10.727716],[34.666442,-10.732367],[34.672436,-10.739498],[34.67502,-10.752418],[34.662824,-10.761409],[34.656727,-10.769884],[34.660551,-10.796032],[34.647631,-10.858561],[34.647631,-10.902899],[34.645461,-10.913235],[34.627064,-10.954059],[34.597919,-10.990956],[34.592958,-11.016174],[34.597299,-11.036638],[34.610631,-11.077669],[34.613525,-11.102164],[34.62107,-11.119734],[34.668715,-11.160145],[34.673986,-11.169963],[34.677087,-11.178748],[34.681841,-11.185053],[34.699928,-11.189497],[34.707886,-11.194974],[34.714087,-11.202726],[34.716568,-11.211718],[34.719772,-11.234559],[34.728348,-11.253721],[34.7413,-11.268439],[34.757496,-11.277553],[34.757496,-11.283755],[34.751604,-11.287062],[34.743026,-11.293676],[34.737032,-11.296777],[34.759149,-11.337498],[34.765557,-11.345146],[34.772172,-11.344423],[34.784884,-11.333467],[34.792325,-11.330883],[34.80049,-11.331917],[34.843692,-11.346283],[34.867876,-11.358789],[34.886583,-11.375429],[34.894128,-11.395996],[34.897902,-11.403258],[34.917072,-11.418837],[34.925651,-11.445915],[34.935056,-11.456457],[34.944461,-11.464415],[34.948698,-11.471753],[34.950972,-11.477748],[34.955726,-11.48674],[34.960687,-11.498522],[34.962961,-11.513095],[34.962961,-11.564874],[34.964615,-11.573556],[34.966783,-11.670541],[34.957657,-11.715284],[34.955597,-11.739422],[34.958541,-11.788875],[34.955891,-11.813602],[34.90791,-11.913686],[34.887599,-12.005822],[34.869348,-12.042617],[34.826077,-12.05763],[34.819306,-12.062634],[34.810475,-12.088243],[34.804882,-12.098546],[34.796935,-12.102962],[34.775446,-12.110321],[34.767793,-12.115914],[34.750131,-12.135342],[34.711275,-12.168899],[34.69479,-12.188033],[34.710392,-12.20805],[34.715985,-12.236603],[34.71363,-12.266628],[34.700089,-12.318142],[34.708331,-12.379075],[34.709214,-12.40704],[34.705682,-12.412338],[34.691847,-12.421758],[34.688609,-12.427351],[34.690669,-12.435004],[34.700089,-12.447368],[34.705682,-12.469739],[34.719811,-12.492994],[34.723049,-12.502119],[34.726876,-12.509184],[34.753663,-12.544213],[34.765438,-12.566585],[34.769264,-12.578065],[34.77368,-12.607796],[34.781628,-12.618393],[34.790459,-12.627813],[34.798701,-12.639882],[34.812242,-12.694928],[34.818718,-12.70111],[34.823133,-12.706702],[34.825488,-12.714945],[34.824016,-12.720243],[34.818129,-12.737611],[34.796346,-12.778233],[34.788104,-12.787653],[34.783983,-12.797955],[34.777507,-12.845937],[34.760434,-12.881849],[34.756901,-12.893624],[34.754841,-12.921883],[34.756607,-12.943077],[34.763377,-12.963388],[34.806354,-13.048459],[34.815774,-13.084666],[34.808709,-13.109687],[34.797229,-13.136474],[34.801056,-13.172681],[34.809298,-13.209182],[34.812242,-13.236264],[34.79458,-13.280713],[34.791636,-13.29808],[34.79458,-13.315742],[34.801939,-13.328694],[34.826077,-13.353126],[34.85934,-13.374026],[34.862872,-13.382857],[34.862283,-13.389039],[34.860223,-13.394337],[34.85934,-13.400519],[34.86611,-13.470283],[34.864638,-13.488828],[34.854924,-13.521502],[34.852569,-13.537398],[34.85934,-13.602747],[34.852275,-13.666918],[34.857279,-13.693117],[34.879945,-13.716077],[34.898785,-13.724908],[34.913503,-13.726674],[35.017119,-13.723436],[35.054798,-13.730501],[35.068927,-13.74934],[35.074226,-13.777599],[35.086,-13.812334],[35.097186,-13.82823],[35.109844,-13.842948],[35.113376,-13.849424],[35.114554,-13.866203],[35.121618,-13.888869],[35.124856,-13.908003],[35.126917,-13.942443],[35.13457,-13.970996],[35.170188,-14.024865],[35.181374,-14.051652],[35.180785,-14.067253],[35.177547,-14.083738],[35.176664,-14.100517],[35.184907,-14.117001],[35.216404,-14.164688],[35.220525,-14.2006],[35.230533,-14.230626],[35.271744,-14.312459],[35.287934,-14.336302],[35.287934,-14.346311],[35.282341,-14.363678],[35.274688,-14.380163],[35.267623,-14.387522],[35.259969,-14.390171],[35.245251,-14.400474],[35.236126,-14.401357],[35.231122,-14.39753],[35.227295,-14.391054],[35.224646,-14.384578],[35.222585,-14.380751]],[[34.702444,-12.077941],[34.708331,-12.083828],[34.717751,-12.090598],[34.728937,-12.093542],[34.739828,-12.088832],[34.744243,-12.076175],[34.740417,-12.063517],[34.741005,-12.052331],[34.756901,-12.043794],[34.728937,-12.030254],[34.718339,-12.03879],[34.710686,-12.066166],[34.702444,-12.077941]]]}},{"type":"Feature","properties":{"name":"Tanganyika","minZoom":1.0,"rank":9},"geometry":{"type":"Polygon","coordinates":[[[30.802708,-8.572947],[30.795054,-8.559701],[30.776509,-8.55764],[30.753843,-8.559112],[30.734415,-8.556463],[30.725879,-8.549692],[30.722052,-8.542333],[30.719403,-8.534974],[30.714399,-8.528204],[30.703213,-8.525554],[30.692027,-8.527026],[30.683196,-8.524966],[30.679664,-8.511131],[30.684668,-8.491997],[30.684373,-8.484343],[30.676131,-8.481105],[30.654348,-8.4814],[30.645223,-8.483166],[30.638158,-8.486698],[30.637864,-8.488465],[30.631977,-8.501122],[30.64434,-8.504949],[30.649638,-8.50436],[30.657881,-8.501122],[30.643457,-8.524083],[30.624323,-8.543216],[30.603423,-8.558229],[30.583407,-8.569415],[30.561329,-8.578246],[30.548083,-8.581778],[30.531893,-8.582955],[30.529538,-8.577951],[30.541018,-8.566765],[30.557503,-8.554991],[30.569866,-8.548809],[30.565156,-8.539095],[30.562212,-8.535268],[30.573987,-8.51584],[30.566922,-8.5023],[30.549849,-8.49759],[30.51217,-8.514074],[30.487444,-8.516724],[30.470371,-8.508481],[30.473609,-8.486698],[30.446233,-8.466682],[30.442112,-8.433418],[30.451826,-8.396034],[30.466838,-8.364537],[30.486855,-8.341282],[30.514525,-8.323326],[30.543962,-8.310374],[30.569866,-8.303015],[30.560741,-8.290652],[30.561329,-8.280055],[30.566039,-8.268575],[30.569866,-8.254739],[30.569866,-8.202931],[30.574576,-8.177616],[30.582523,-8.158482],[30.58429,-8.140232],[30.569866,-8.117566],[30.548966,-8.098138],[30.54249,-8.089601],[30.51482,-8.038971],[30.497452,-8.026902],[30.474492,-8.018365],[30.452415,-8.015127],[30.45683,-8.004824],[30.460068,-8.000703],[30.418563,-7.959787],[30.414442,-7.952427],[30.41297,-7.945951],[30.41032,-7.941242],[30.40149,-7.939181],[30.393542,-7.938887],[30.386183,-7.937415],[30.380884,-7.934471],[30.371464,-7.906801],[30.353214,-7.890022],[30.328782,-7.88178],[30.302878,-7.884724],[30.276385,-7.8494],[30.268731,-7.836154],[30.266082,-7.82379],[30.265788,-7.796414],[30.261372,-7.781696],[30.266965,-7.765212],[30.263727,-7.745195],[30.255485,-7.727533],[30.23223,-7.711049],[30.199556,-7.600957],[30.198673,-7.577996],[30.218395,-7.542967],[30.216629,-7.522361],[30.206915,-7.479384],[30.205737,-7.460251],[30.203971,-7.450831],[30.187781,-7.40491],[30.183071,-7.368998],[30.175124,-7.348981],[30.152163,-7.309242],[30.128025,-7.248603],[30.113896,-7.230058],[29.974662,-7.11084],[29.956411,-7.103187],[29.946697,-7.101126],[29.92668,-7.091707],[29.914906,-7.089646],[29.902542,-7.088763],[29.881348,-7.085231],[29.825125,-7.068158],[29.789506,-7.047258],[29.762131,-7.020176],[29.722097,-6.958065],[29.677648,-6.910673],[29.648212,-6.853861],[29.638203,-6.839142],[29.625546,-6.827368],[29.549011,-6.771144],[29.498675,-6.702852],[29.493671,-6.689017],[29.49161,-6.666056],[29.473654,-6.609833],[29.490433,-6.568916],[29.485723,-6.545661],[29.484251,-6.527411],[29.487195,-6.513576],[29.442451,-6.517991],[29.418019,-6.482373],[29.391821,-6.389943],[29.365917,-6.332542],[29.3668,-6.321356],[29.351198,-6.310464],[29.340012,-6.286327],[29.332948,-6.258656],[29.326177,-6.208614],[29.322351,-6.1989],[29.313814,-6.189481],[29.3041,-6.185065],[29.294092,-6.181533],[29.284966,-6.175057],[29.27849,-6.167992],[29.275547,-6.161222],[29.274664,-6.153274],[29.274664,-6.140911],[29.272603,-6.125898],[29.266716,-6.119422],[29.258179,-6.11589],[29.211375,-6.09028],[29.197835,-6.078211],[29.192536,-6.058194],[29.185766,-5.979599],[29.187826,-5.944864],[29.186354,-5.930146],[29.178995,-5.917783],[29.235513,-5.890112],[29.311754,-5.826824],[29.320584,-5.815933],[29.329121,-5.80092],[29.346194,-5.759415],[29.356791,-5.746463],[29.350021,-5.747935],[29.345017,-5.74764],[29.340601,-5.746757],[29.335303,-5.746463],[29.349432,-5.727329],[29.344428,-5.707901],[29.336186,-5.690239],[29.342073,-5.665218],[29.331182,-5.642847],[29.332065,-5.633721],[29.344134,-5.625773],[29.351493,-5.630189],[29.358852,-5.636959],[29.370038,-5.637254],[29.372687,-5.609583],[29.257885,-5.410593],[29.24876,-5.404117],[29.177229,-5.291964],[29.144849,-5.211309],[29.127187,-5.130064],[29.117768,-5.121822],[29.107465,-5.102688],[29.099517,-5.082083],[29.096279,-5.067953],[29.101578,-5.052352],[29.111292,-5.032335],[29.117768,-5.012024],[29.113646,-4.996129],[29.105699,-4.97935],[29.098928,-4.770351],[29.112763,-4.614633],[29.118945,-4.597854],[29.138079,-4.568417],[29.143672,-4.550461],[29.148676,-4.513371],[29.15839,-4.500125],[29.173991,-4.500714],[29.189592,-4.511605],[29.201367,-4.516021],[29.206077,-4.496298],[29.199895,-4.437425],[29.199895,-4.41682],[29.204016,-4.398569],[29.217557,-4.370016],[29.259357,-4.119218],[29.240517,-4.047099],[29.234041,-4.047099],[29.213436,-4.125694],[29.19283,-4.16926],[29.18135,-4.227838],[29.168398,-4.249327],[29.158095,-4.27111],[29.151619,-4.330571],[29.138079,-4.348527],[29.126598,-4.347644],[29.113058,-4.34058],[29.100694,-4.33116],[29.093335,-4.32439],[29.083916,-4.319385],[29.041822,-4.307022],[29.048592,-4.307022],[29.053596,-4.284062],[29.068314,-4.25963],[29.085976,-4.239907],[29.100106,-4.231959],[29.104816,-4.224011],[29.106287,-4.206644],[29.103638,-4.176619],[29.099517,-4.169554],[29.086271,-4.158074],[29.082738,-4.149832],[29.083916,-4.141884],[29.093924,-4.126871],[29.096279,-4.118629],[29.088626,-4.040917],[29.090097,-4.019723],[29.102166,-3.987048],[29.104816,-3.938773],[29.102755,-3.925526],[29.096279,-3.917284],[29.104816,-3.898445],[29.10511,-3.867536],[29.124244,-3.830447],[29.117768,-3.812785],[29.104816,-3.795123],[29.096279,-3.77334],[29.1004,-3.755384],[29.124832,-3.721532],[29.130425,-3.700338],[29.133663,-3.695039],[29.151619,-3.680027],[29.134546,-3.426873],[29.142494,-3.383896],[29.16516,-3.350633],[29.206077,-3.334443],[29.253175,-3.332971],[29.296741,-3.340625],[29.329121,-3.362113],[29.34325,-3.403324],[29.336774,-3.762743],[29.370038,-3.855173],[29.373276,-3.887259],[29.377397,-3.897267],[29.386816,-3.906687],[29.398002,-3.913457],[29.407422,-3.921405],[29.415958,-3.945837],[29.434798,-3.964971],[29.438919,-3.975274],[29.437153,-3.985871],[29.433326,-3.993819],[29.430677,-4.002061],[29.432148,-4.012952],[29.437153,-4.022078],[29.459524,-4.05328],[29.469533,-4.073297],[29.474831,-4.081834],[29.483662,-4.091253],[29.493965,-4.10656],[29.496909,-4.123339],[29.497203,-4.142178],[29.50103,-4.163078],[29.510449,-4.176324],[29.524284,-4.187216],[29.536353,-4.200757],[29.541946,-4.221657],[29.545184,-4.243734],[29.553721,-4.2664],[29.591399,-4.329394],[29.606118,-4.346173],[29.641441,-4.379436],[29.654393,-4.399158],[29.656748,-4.420352],[29.649684,-4.509545],[29.602585,-4.760637],[29.601997,-4.832168],[29.603468,-4.842176],[29.608473,-4.850418],[29.615832,-4.858661],[29.621425,-4.866314],[29.620836,-4.87279],[29.593166,-4.897517],[29.593166,-4.904287],[29.611122,-4.910469],[29.641736,-4.913412],[29.651744,-4.91665],[29.664402,-4.923715],[29.670583,-4.931074],[29.674999,-4.939022],[29.682652,-4.948442],[29.689717,-4.952268],[29.71621,-4.963454],[29.735932,-4.969047],[29.745646,-4.977584],[29.761836,-4.999072],[29.765663,-5.000838],[29.771256,-5.000544],[29.776849,-5.001133],[29.781559,-5.006431],[29.781853,-5.012319],[29.779498,-5.0185],[29.775377,-5.026448],[29.781559,-5.044699],[29.805697,-5.075901],[29.816294,-5.097095],[29.822475,-5.12035],[29.823064,-5.143605],[29.820709,-5.155085],[29.816882,-5.160972],[29.813056,-5.164799],[29.809523,-5.170392],[29.807168,-5.171864],[29.803342,-5.171864],[29.799221,-5.172747],[29.795688,-5.177162],[29.795688,-5.183639],[29.800692,-5.184522],[29.80658,-5.184227],[29.809523,-5.18776],[29.811289,-5.198945],[29.813939,-5.206305],[29.813644,-5.212781],[29.805991,-5.221906],[29.799809,-5.233386],[29.80658,-5.253697],[29.802459,-5.266649],[29.795099,-5.262528],[29.791861,-5.261939],[29.788918,-5.264],[29.781559,-5.266649],[29.784208,-5.279012],[29.78568,-5.30315],[29.784208,-5.32876],[29.778321,-5.345833],[29.765369,-5.363201],[29.7533,-5.385572],[29.744763,-5.409121],[29.741231,-5.431199],[29.750062,-5.463579],[29.770373,-5.491543],[29.816294,-5.534226],[29.836016,-5.559836],[29.943165,-5.79621],[29.952879,-5.841837],[29.95229,-5.861853],[29.945814,-5.898649],[29.946108,-5.917783],[29.922265,-5.922787],[29.899599,-5.935444],[29.83425,-5.996378],[29.826596,-6.000205],[29.815705,-5.997555],[29.798632,-5.986664],[29.788918,-5.986075],[29.771256,-5.997555],[29.751239,-6.019927],[29.73446,-6.044948],[29.72769,-6.064965],[29.725335,-6.128547],[29.732105,-6.195662],[29.728279,-6.218623],[29.716799,-6.236579],[29.711794,-6.246587],[29.716504,-6.25689],[29.726807,-6.264544],[29.750356,-6.271314],[29.757421,-6.280145],[29.768018,-6.301339],[29.856622,-6.411137],[29.904897,-6.452054],[29.940221,-6.47001],[29.95229,-6.483845],[29.952879,-6.507394],[30.029708,-6.4653],[30.072096,-6.453231],[30.117428,-6.452054],[30.138622,-6.457646],[30.158639,-6.468832],[30.173652,-6.484434],[30.179539,-6.503567],[30.190136,-6.523584],[30.29228,-6.620724],[30.309648,-6.632793],[30.327015,-6.637797],[30.335846,-6.646334],[30.358218,-6.699025],[30.395602,-6.747006],[30.39413,-6.757898],[30.40149,-6.782919],[30.418563,-6.822069],[30.484206,-6.89566],[30.507755,-6.910967],[30.514525,-6.924508],[30.564567,-6.956299],[30.576636,-6.97661],[30.576636,-7.017527],[30.573693,-7.022826],[30.560446,-7.034306],[30.556031,-7.041076],[30.557208,-7.059327],[30.561035,-7.082287],[30.559857,-7.101715],[30.546022,-7.109957],[30.518352,-7.109957],[30.511582,-7.105836],[30.506283,-7.09936],[30.500985,-7.098183],[30.494214,-7.109957],[30.508049,-7.1182],[30.52159,-7.132623],[30.531893,-7.150285],[30.53572,-7.168241],[30.533365,-7.173834],[30.530421,-7.184431],[30.532482,-7.194734],[30.546022,-7.199444],[30.551321,-7.204743],[30.562212,-7.240361],[30.604306,-7.331908],[30.610782,-7.370764],[30.607544,-7.389309],[30.594298,-7.436407],[30.593709,-7.445827],[30.604895,-7.454363],[30.599597,-7.473497],[30.583407,-7.507938],[30.623146,-7.577113],[30.62815,-7.589182],[30.644929,-7.595953],[30.653465,-7.611259],[30.658764,-7.62951],[30.666123,-7.643934],[30.677014,-7.651293],[30.704096,-7.663951],[30.714399,-7.671898],[30.720286,-7.683967],[30.726173,-7.700157],[30.733532,-7.713993],[30.744718,-7.720174],[30.79947,-7.874421],[30.823608,-7.896498],[30.833616,-7.910039],[30.840975,-7.945068],[30.849806,-7.955665],[30.871589,-7.973327],[30.882186,-7.986868],[30.902792,-8.018954],[30.906324,-8.031611],[30.909562,-8.073706],[30.915744,-8.093722],[30.926046,-8.110501],[30.930462,-8.106674],[30.946652,-8.09696],[30.954894,-8.111384],[30.961959,-8.129046],[30.964608,-8.14818],[30.959604,-8.165253],[30.955188,-8.155539],[30.954011,-8.151418],[30.946652,-8.151418],[30.942825,-8.165841],[30.945769,-8.176439],[30.951362,-8.185858],[30.955777,-8.205286],[30.960193,-8.212057],[30.964608,-8.217061],[30.967257,-8.220593],[30.969024,-8.227952],[30.968729,-8.231485],[30.967846,-8.235311],[30.967257,-8.244437],[30.971084,-8.262099],[30.980798,-8.270341],[30.994045,-8.275051],[31.008174,-8.281821],[31.01936,-8.294773],[31.031134,-8.324209],[31.042615,-8.337161],[31.044381,-8.332452],[31.044969,-8.331568],[31.046147,-8.331568],[31.049679,-8.329802],[31.067341,-8.356884],[31.127097,-8.393974],[31.145348,-8.426059],[31.134456,-8.48817],[31.135339,-8.52526],[31.155356,-8.542039],[31.165953,-8.546454],[31.168602,-8.557934],[31.165659,-8.586782],[31.170957,-8.598557],[31.194506,-8.612097],[31.199805,-8.627993],[31.197744,-8.63653],[31.188914,-8.651837],[31.186853,-8.658607],[31.188914,-8.665377],[31.197744,-8.681862],[31.199805,-8.689221],[31.198628,-8.705411],[31.194212,-8.723661],[31.18597,-8.739557],[31.173312,-8.748094],[31.16978,-8.738085],[31.155356,-8.726605],[31.149174,-8.70806],[31.142993,-8.710121],[31.131513,-8.720718],[31.128275,-8.725133],[31.125331,-8.731609],[31.12121,-8.738085],[31.107375,-8.743384],[31.103254,-8.750154],[31.102076,-8.75928],[31.103548,-8.768699],[31.087358,-8.775764],[31.065575,-8.789893],[31.043498,-8.801079],[31.025247,-8.799019],[30.858048,-8.61769],[30.809773,-8.584722],[30.802708,-8.572947]]]}},{"type":"Feature","properties":{"name":"Nyanza","minZoom":1.0,"rank":9},"geometry":{"type":"Polygon","coordinates":[[[33.904717,-1.529402],[33.888821,-1.52116],[33.879402,-1.518216],[33.870276,-1.517333],[33.841723,-1.518216],[33.82465,-1.512329],[33.816702,-1.4982],[33.810226,-1.482304],[33.797568,-1.470529],[33.793153,-1.481715],[33.784322,-1.48201],[33.771664,-1.478183],[33.755769,-1.476711],[33.747821,-1.47936],[33.734575,-1.489074],[33.725744,-1.491135],[33.716618,-1.489074],[33.710437,-1.484659],[33.705727,-1.479949],[33.7019,-1.476711],[33.681,-1.466408],[33.66746,-1.464348],[33.653919,-1.470529],[33.647443,-1.482304],[33.652741,-1.492018],[33.661867,-1.500849],[33.667754,-1.511446],[33.682472,-1.508797],[33.686004,-1.519099],[33.681295,-1.534995],[33.671286,-1.549125],[33.657157,-1.555012],[33.64185,-1.554423],[33.626543,-1.555601],[33.612413,-1.566198],[33.619184,-1.571202],[33.627426,-1.572674],[33.636846,-1.570908],[33.64656,-1.566198],[33.648326,-1.577972],[33.653919,-1.584154],[33.66275,-1.584743],[33.674524,-1.580327],[33.686888,-1.597695],[33.688359,-1.604171],[33.687771,-1.615357],[33.685416,-1.617711],[33.679234,-1.619478],[33.667754,-1.628014],[33.67629,-1.632135],[33.684238,-1.633901],[33.692775,-1.633018],[33.7019,-1.628014],[33.709259,-1.636845],[33.71132,-1.648325],[33.70867,-1.6601],[33.7019,-1.669814],[33.695424,-1.673641],[33.687771,-1.675407],[33.585332,-1.675996],[33.549125,-1.672169],[33.543238,-1.675407],[33.550597,-1.690125],[33.556779,-1.696307],[33.578267,-1.710142],[33.584154,-1.716029],[33.589747,-1.723094],[33.598873,-1.738106],[33.605643,-1.730453],[33.614768,-1.738695],[33.641261,-1.756946],[33.64656,-1.76195],[33.641261,-1.775196],[33.629487,-1.778434],[33.617712,-1.775491],[33.612413,-1.76872],[33.580622,-1.761067],[33.578267,-1.758418],[33.567376,-1.765482],[33.567081,-1.771664],[33.568848,-1.779906],[33.564726,-1.792564],[33.557073,-1.803455],[33.550008,-1.809637],[33.540883,-1.812581],[33.527048,-1.813169],[33.522632,-1.81729],[33.515273,-1.826416],[33.505265,-1.835541],[33.492607,-1.839662],[33.470824,-1.840251],[33.450808,-1.837307],[33.440505,-1.825533],[33.447864,-1.799628],[33.388402,-1.798745],[33.365148,-1.804338],[33.338066,-1.826121],[33.331296,-1.837307],[33.321287,-1.86586],[33.311279,-1.883522],[33.310396,-1.890881],[33.31069,-1.9056],[33.307158,-1.907366],[33.28302,-1.922378],[33.314223,-1.944456],[33.352784,-1.924733],[33.392523,-1.897063],[33.427553,-1.895002],[33.430202,-1.884994],[33.437855,-1.880284],[33.449041,-1.879696],[33.461699,-1.881462],[33.455223,-1.893531],[33.460816,-1.901478],[33.482304,-1.915608],[33.490252,-1.926794],[33.488486,-1.932387],[33.461699,-1.949754],[33.504382,-1.953581],[33.544121,-1.963295],[33.542355,-1.967416],[33.541766,-1.968299],[33.540589,-1.968299],[33.536762,-1.970065],[33.544415,-1.973303],[33.547065,-1.975364],[33.550008,-1.974481],[33.557956,-1.970065],[33.573263,-1.987138],[33.569142,-2.001562],[33.557073,-2.014809],[33.550597,-2.028938],[33.542649,-2.0257],[33.496434,-2.025406],[33.431379,-1.981251],[33.399883,-1.972126],[33.372212,-1.99803],[33.400177,-2.038947],[33.386047,-2.042773],[33.382515,-2.046011],[33.379571,-2.05337],[33.340421,-2.01893],[33.324231,-2.016575],[33.324525,-2.045717],[33.317755,-2.045717],[33.310396,-2.030999],[33.296855,-2.011276],[33.281548,-2.000385],[33.269774,-2.011571],[33.284786,-2.01893],[33.29244,-2.031587],[33.292734,-2.045423],[33.285964,-2.056314],[33.280959,-2.052487],[33.256233,-2.045717],[33.256233,-2.047189],[33.228268,-2.045717],[33.223264,-2.044539],[33.220909,-2.041596],[33.218849,-2.042773],[33.214727,-2.05337],[33.217082,-2.05337],[33.219143,-2.061907],[33.221203,-2.072504],[33.221498,-2.079863],[33.217671,-2.09046],[33.20884,-2.104295],[33.207663,-2.114892],[33.210018,-2.123135],[33.21355,-2.130199],[33.221498,-2.141974],[33.239454,-2.121663],[33.259471,-2.111066],[33.282431,-2.111066],[33.31069,-2.121663],[33.336594,-2.135792],[33.347486,-2.146095],[33.351901,-2.159047],[33.358083,-2.167584],[33.372507,-2.166112],[33.400177,-2.155809],[33.449336,-2.151099],[33.509386,-2.15316],[33.566198,-2.163168],[33.605643,-2.182891],[33.628898,-2.158164],[33.642144,-2.146684],[33.657157,-2.141974],[33.666576,-2.137559],[33.712203,-2.10459],[33.749293,-2.08575],[33.786383,-2.094876],[33.815819,-2.123135],[33.83142,-2.162579],[33.831126,-2.171999],[33.825533,-2.187895],[33.82465,-2.197314],[33.827005,-2.200552],[33.831715,-2.204674],[33.836425,-2.210561],[33.838485,-2.220569],[33.780495,-2.258837],[33.770193,-2.260603],[33.75989,-2.269728],[33.715441,-2.279148],[33.7019,-2.286801],[33.667754,-2.313294],[33.64862,-2.30829],[33.633902,-2.318887],[33.612413,-2.34744],[33.597401,-2.356565],[33.557367,-2.372167],[33.540589,-2.374816],[33.532346,-2.378643],[33.522338,-2.387179],[33.513801,-2.397482],[33.509975,-2.40543],[33.511447,-2.414261],[33.514979,-2.418382],[33.520572,-2.421031],[33.527048,-2.426035],[33.529991,-2.440165],[33.515273,-2.448701],[33.49349,-2.448407],[33.475828,-2.435749],[33.465526,-2.444286],[33.442565,-2.452234],[33.416956,-2.467246],[33.407536,-2.467246],[33.407536,-2.467835],[33.420782,-2.477255],[33.4564,-2.493739],[33.461699,-2.501687],[33.458755,-2.516111],[33.450808,-2.527002],[33.439916,-2.531123],[33.427553,-2.524942],[33.42196,-2.532301],[33.420782,-2.539071],[33.422843,-2.545547],[33.427553,-2.552906],[33.41048,-2.554378],[33.399883,-2.552023],[33.39429,-2.544075],[33.392818,-2.528768],[33.38693,-2.530829],[33.373095,-2.532595],[33.3572,-2.531418],[33.344836,-2.524942],[33.347486,-2.522292],[33.351018,-2.513756],[33.353373,-2.504336],[33.351901,-2.498449],[33.344542,-2.495505],[33.33836,-2.497566],[33.334239,-2.502276],[33.329824,-2.5167],[33.323053,-2.514345],[33.315694,-2.508457],[33.31069,-2.505219],[33.286258,-2.511107],[33.233861,-2.517877],[33.221498,-2.518171],[33.207663,-2.512873],[33.185585,-2.495211],[33.177343,-2.491384],[33.173222,-2.488146],[33.174105,-2.473722],[33.170573,-2.470484],[33.169984,-2.469013],[33.151145,-2.46342],[33.147024,-2.462831],[33.138487,-2.452528],[33.127007,-2.428979],[33.119059,-2.416321],[33.119354,-2.400131],[33.080497,-2.388945],[32.999253,-2.380409],[32.962752,-2.388357],[32.926545,-2.409257],[32.902996,-2.438399],[32.906823,-2.470484],[32.892399,-2.465186],[32.881507,-2.467246],[32.874737,-2.477255],[32.872676,-2.494917],[32.877975,-2.507574],[32.901524,-2.532595],[32.906823,-2.549668],[32.900641,-2.554084],[32.877092,-2.586758],[32.876209,-2.594412],[32.865612,-2.601476],[32.865023,-2.617372],[32.869733,-2.634445],[32.876209,-2.645631],[32.895048,-2.658877],[32.899169,-2.662704],[32.907706,-2.675362],[32.909472,-2.679189],[32.906234,-2.681543],[32.899169,-2.69008],[32.895637,-2.688314],[32.888278,-2.687136],[32.880919,-2.690963],[32.879447,-2.704504],[32.883273,-2.708625],[32.900347,-2.724226],[32.906823,-2.730997],[32.910944,-2.73865],[32.916537,-2.753368],[32.920363,-2.758961],[32.925956,-2.762494],[32.942441,-2.769558],[32.947739,-2.772502],[32.954804,-2.786337],[32.948034,-2.793696],[32.93567,-2.802233],[32.927134,-2.820483],[32.960103,-2.818717],[32.968639,-2.820483],[32.969522,-2.824016],[32.96805,-2.837262],[32.968639,-2.841089],[32.982474,-2.848448],[32.991894,-2.849625],[33.00043,-2.846093],[33.010144,-2.845504],[33.023391,-2.85463],[33.027806,-2.861106],[33.029278,-2.868759],[33.028101,-2.876118],[33.023391,-2.882594],[33.011322,-2.883772],[32.991599,-2.878179],[32.933904,-2.851686],[32.917714,-2.8405],[32.908,-2.824604],[32.906823,-2.799878],[32.899169,-2.799878],[32.890927,-2.821955],[32.877681,-2.831963],[32.860607,-2.839028],[32.841179,-2.851392],[32.832348,-2.866404],[32.825284,-2.888481],[32.822046,-2.90997],[32.824989,-2.922922],[32.809388,-2.960895],[32.803795,-2.970609],[32.770826,-2.999457],[32.762879,-3.012114],[32.755519,-3.012114],[32.747866,-3.000045],[32.745511,-2.985033],[32.748749,-2.969137],[32.759052,-2.95383],[32.762584,-2.941761],[32.76229,-2.928221],[32.769649,-2.918212],[32.79673,-2.91674],[32.79673,-2.90997],[32.764939,-2.886126],[32.745511,-2.877296],[32.728438,-2.882594],[32.72049,-2.869642],[32.725494,-2.862577],[32.749043,-2.85463],[32.781718,-2.836673],[32.793198,-2.834024],[32.805856,-2.833141],[32.847361,-2.82431],[32.84795,-2.816657],[32.844417,-2.805765],[32.844712,-2.793107],[32.865906,-2.754546],[32.872971,-2.728936],[32.862079,-2.717456],[32.834115,-2.714218],[32.822929,-2.705387],[32.82705,-2.692435],[32.844712,-2.676539],[32.825578,-2.665648],[32.81763,-2.66447],[32.810566,-2.668886],[32.805856,-2.660938],[32.802029,-2.652696],[32.79673,-2.635034],[32.811743,-2.639155],[32.817336,-2.642393],[32.821457,-2.623259],[32.815864,-2.603831],[32.816158,-2.589702],[32.837647,-2.587053],[32.834115,-2.575572],[32.82911,-2.56733],[32.821457,-2.563798],[32.810566,-2.566447],[32.812332,-2.549963],[32.820574,-2.539366],[32.830877,-2.53024],[32.837647,-2.518171],[32.837647,-2.51199],[32.828522,-2.50934],[32.824401,-2.504336],[32.820868,-2.497271],[32.814098,-2.488146],[32.805267,-2.485203],[32.787899,-2.495211],[32.776419,-2.491384],[32.76229,-2.499626],[32.746689,-2.522881],[32.73462,-2.532595],[32.734914,-2.519349],[32.732265,-2.498743],[32.73462,-2.491384],[32.728438,-2.484614],[32.687227,-2.511107],[32.673392,-2.518171],[32.679868,-2.504336],[32.690171,-2.489618],[32.69488,-2.473428],[32.683989,-2.453706],[32.669565,-2.433983],[32.666327,-2.418088],[32.665738,-2.401603],[32.659557,-2.380409],[32.650726,-2.388945],[32.641895,-2.40543],[32.635125,-2.422209],[32.632475,-2.432511],[32.630415,-2.453411],[32.624822,-2.467246],[32.549465,-2.538482],[32.524738,-2.552906],[32.502072,-2.546136],[32.516201,-2.518171],[32.522972,-2.509635],[32.540339,-2.494917],[32.548581,-2.482259],[32.552997,-2.466658],[32.553586,-2.450468],[32.550642,-2.435749],[32.543577,-2.435749],[32.537984,-2.446641],[32.517673,-2.459887],[32.509431,-2.470484],[32.5006,-2.461948],[32.492064,-2.455766],[32.483233,-2.455472],[32.475285,-2.462831],[32.465865,-2.45871],[32.455562,-2.456355],[32.444965,-2.45606],[32.433779,-2.456649],[32.436134,-2.451939],[32.439372,-2.440459],[32.441139,-2.435749],[32.395218,-2.436632],[32.371374,-2.432217],[32.358128,-2.416321],[32.361072,-2.403664],[32.338111,-2.378937],[32.320155,-2.353916],[32.323982,-2.333899],[32.330163,-2.333016],[32.338994,-2.334782],[32.345176,-2.337726],[32.344293,-2.341258],[32.356656,-2.333605],[32.361072,-2.328895],[32.35489,-2.32654],[32.338111,-2.323302],[32.328691,-2.315649],[32.309852,-2.271789],[32.305731,-2.2712],[32.293073,-2.271789],[32.28071,-2.274732],[32.270407,-2.280619],[32.258633,-2.283857],[32.241854,-2.279148],[32.237144,-2.273555],[32.230963,-2.256482],[32.227725,-2.252066],[32.218894,-2.250889],[32.214184,-2.256187],[32.213889,-2.262369],[32.217716,-2.265607],[32.223898,-2.272672],[32.225075,-2.289156],[32.221543,-2.320947],[32.202998,-2.321536],[32.177388,-2.370401],[32.159432,-2.388357],[32.146186,-2.391006],[32.132939,-2.388651],[32.122931,-2.381881],[32.119104,-2.370989],[32.082014,-2.369517],[32.077599,-2.367457],[32.070534,-2.37511],[32.066413,-2.385707],[32.064352,-2.398659],[32.063764,-2.412789],[32.067885,-2.424564],[32.077304,-2.429568],[32.088785,-2.431923],[32.09791,-2.435749],[32.102325,-2.441931],[32.104386,-2.454294],[32.107918,-2.459887],[32.114983,-2.464008],[32.129996,-2.469896],[32.146186,-2.482259],[32.157372,-2.488441],[32.166791,-2.496388],[32.173562,-2.51199],[32.162376,-2.520821],[32.160904,-2.535833],[32.156783,-2.550846],[32.138238,-2.560265],[32.138532,-2.552023],[32.132056,-2.532595],[32.119399,-2.536422],[32.108213,-2.530829],[32.101737,-2.521115],[32.104386,-2.51199],[32.095555,-2.506397],[32.086724,-2.503159],[32.077893,-2.502864],[32.069945,-2.505219],[32.074361,-2.513167],[32.07495,-2.515522],[32.072889,-2.517583],[32.069945,-2.524942],[32.058465,-2.509046],[32.035505,-2.483142],[32.029618,-2.470484],[32.026085,-2.478727],[32.02373,-2.486674],[32.022553,-2.494917],[32.022847,-2.505219],[32.016077,-2.505219],[32.007246,-2.486969],[31.993999,-2.490795],[31.985757,-2.507869],[31.991939,-2.528768],[31.992233,-2.537011],[31.988407,-2.561443],[31.991939,-2.566447],[31.995177,-2.568802],[31.995471,-2.573806],[31.994294,-2.579399],[31.991939,-2.583815],[31.982814,-2.590879],[31.977809,-2.590879],[31.973983,-2.587641],[31.96839,-2.587053],[31.95691,-2.588524],[31.948373,-2.58823],[31.941014,-2.589113],[31.934244,-2.594412],[31.932183,-2.601182],[31.935715,-2.607952],[31.942486,-2.612957],[31.950728,-2.615017],[31.957793,-2.618549],[31.965446,-2.627086],[31.971922,-2.637389],[31.977221,-2.659466],[31.983697,-2.66712],[31.990467,-2.671535],[31.994883,-2.676539],[31.995766,-2.683604],[31.994294,-2.702738],[31.994883,-2.710685],[32.00077,-2.717161],[32.01902,-2.732174],[32.022847,-2.741594],[32.015488,-2.760139],[31.999004,-2.768381],[31.980753,-2.765732],[31.96839,-2.752191],[31.965152,-2.729819],[31.965446,-2.709802],[31.959853,-2.695673],[31.937187,-2.69008],[31.937187,-2.68066],[31.938659,-2.661821],[31.931889,-2.648575],[31.906279,-2.655934],[31.906573,-2.641216],[31.904513,-2.63474],[31.899509,-2.635034],[31.893327,-2.640921],[31.894504,-2.644454],[31.898037,-2.648575],[31.899509,-2.655934],[31.899214,-2.667708],[31.902452,-2.699794],[31.906279,-2.710685],[31.888028,-2.712452],[31.872133,-2.717456],[31.874488,-2.702443],[31.868306,-2.687431],[31.858003,-2.678011],[31.847995,-2.679777],[31.839458,-2.686842],[31.832099,-2.691257],[31.826506,-2.697145],[31.824151,-2.707447],[31.829156,-2.720988],[31.830627,-2.728053],[31.827389,-2.730997],[31.828861,-2.738061],[31.842108,-2.773385],[31.844757,-2.786337],[31.838281,-2.799878],[31.825329,-2.814302],[31.810022,-2.826665],[31.796481,-2.834024],[31.78294,-2.81489],[31.782352,-2.790753],[31.790299,-2.741594],[31.789416,-2.725698],[31.786473,-2.718633],[31.78088,-2.717161],[31.762335,-2.717456],[31.759686,-2.715984],[31.760863,-2.711274],[31.763512,-2.692729],[31.775876,-2.668886],[31.775581,-2.664765],[31.773521,-2.660055],[31.773521,-2.654168],[31.779408,-2.645631],[31.785001,-2.642982],[31.797953,-2.643865],[31.809139,-2.640038],[31.81326,-2.641216],[31.815909,-2.640038],[31.816792,-2.631796],[31.816792,-2.624142],[31.817087,-2.620021],[31.819147,-2.617961],[31.824151,-2.615017],[31.835337,-2.615017],[31.846817,-2.619138],[31.855648,-2.617372],[31.858298,-2.600888],[31.846229,-2.605597],[31.829744,-2.607952],[31.799719,-2.608247],[31.769105,-2.617961],[31.754681,-2.620021],[31.7485,-2.611485],[31.7485,-2.556733],[31.743201,-2.547019],[31.731427,-2.54437],[31.719652,-2.539071],[31.714354,-2.521704],[31.717886,-2.507574],[31.726717,-2.504925],[31.739963,-2.506397],[31.75527,-2.505219],[31.771166,-2.49786],[31.78294,-2.487852],[31.791183,-2.475783],[31.796481,-2.462831],[31.795304,-2.455472],[31.791477,-2.448113],[31.789416,-2.440754],[31.796187,-2.424858],[31.789711,-2.420442],[31.775876,-2.416321],[31.759391,-2.393067],[31.756153,-2.380998],[31.75527,-2.361275],[31.771166,-2.36363],[31.772343,-2.357449],[31.763512,-2.348029],[31.7485,-2.341258],[31.751149,-2.337137],[31.75527,-2.32654],[31.725245,-2.320359],[31.704051,-2.331839],[31.684917,-2.349206],[31.659307,-2.361275],[31.641646,-2.361864],[31.633698,-2.356271],[31.631637,-2.343319],[31.631932,-2.323597],[31.633992,-2.316238],[31.638996,-2.308584],[31.649299,-2.296221],[31.652831,-2.288273],[31.652243,-2.258837],[31.672259,-2.199375],[31.669316,-2.189955],[31.674909,-2.182596],[31.693748,-2.141974],[31.691687,-2.134909],[31.681679,-2.123723],[31.680502,-2.114892],[31.684328,-2.105473],[31.697869,-2.087811],[31.700813,-2.076625],[31.698458,-2.071621],[31.688449,-2.063673],[31.686389,-2.059552],[31.687861,-2.054548],[31.692865,-2.047189],[31.695514,-2.033648],[31.706994,-2.0048],[31.689333,-2.005978],[31.680502,-2.011865],[31.67432,-2.019518],[31.666078,-2.025406],[31.656658,-2.027761],[31.651065,-2.027466],[31.645178,-2.026289],[31.63517,-2.025406],[31.629282,-2.028644],[31.626044,-2.035709],[31.621334,-2.040713],[31.611032,-2.038947],[31.612504,-2.003623],[31.618391,-1.974186],[31.630754,-1.947988],[31.673731,-1.895002],[31.684328,-1.867332],[31.693748,-1.799628],[31.698458,-1.783733],[31.711704,-1.755474],[31.720535,-1.675996],[31.736136,-1.643616],[31.754093,-1.619772],[31.760863,-1.596517],[31.741729,-1.566198],[31.752621,-1.537644],[31.748794,-1.493784],[31.75527,-1.46582],[31.796481,-1.48407],[31.801191,-1.470824],[31.802957,-1.456106],[31.802957,-1.425492],[31.805312,-1.411951],[31.814732,-1.389874],[31.820913,-1.347485],[31.842108,-1.306863],[31.850938,-1.278015],[31.858592,-1.182347],[31.8686,-1.158798],[31.870072,-1.149967],[31.864185,-1.138487],[31.856237,-1.125829],[31.850938,-1.113466],[31.85035,-1.099336],[31.851527,-1.087267],[31.851233,-1.075198],[31.844757,-1.059008],[31.853882,-1.051944],[31.867129,-1.038108],[31.873899,-1.024568],[31.86183,-1.01868],[31.853588,-1.021035],[31.845934,-1.024568],[31.840047,-1.024273],[31.837986,-1.014854],[31.838281,-1.003962],[31.837398,-0.995131],[31.833571,-0.988361],[31.824151,-0.983945],[31.82474,-1.001607],[31.821208,-1.02133],[31.813849,-1.039875],[31.802957,-1.045468],[31.781469,-1.055182],[31.768517,-1.047528],[31.767045,-1.029572],[31.785001,-0.998664],[31.787945,-0.988655],[31.786473,-0.980413],[31.772343,-0.973348],[31.769988,-0.964517],[31.766162,-0.920068],[31.769105,-0.863845],[31.760569,-0.846477],[31.740846,-0.842651],[31.71818,-0.843534],[31.700813,-0.839413],[31.696986,-0.8244],[31.699047,-0.799379],[31.706111,-0.775241],[31.717592,-0.764644],[31.717886,-0.756991],[31.75527,-0.716369],[31.778819,-0.66927],[31.786473,-0.661617],[31.795009,-0.659262],[31.798247,-0.652491],[31.79707,-0.644838],[31.78559,-0.625704],[31.784707,-0.616285],[31.792949,-0.575957],[31.796481,-0.565654],[31.827684,-0.522677],[31.834748,-0.508547],[31.837986,-0.493829],[31.846817,-0.471458],[31.868306,-0.456739],[31.913049,-0.435839],[31.926296,-0.422299],[31.961325,-0.37785],[31.96839,-0.363426],[31.977515,-0.338111],[31.997826,-0.314561],[32.01902,-0.306025],[32.029618,-0.325747],[32.037271,-0.325747],[32.035799,-0.311323],[32.029618,-0.294545],[32.020787,-0.278649],[32.012839,-0.267463],[32.009895,-0.260987],[32.008718,-0.253039],[32.006068,-0.246563],[31.998709,-0.244208],[31.990173,-0.244503],[31.984285,-0.244208],[31.979576,-0.240382],[31.974571,-0.230373],[31.980164,-0.204764],[31.980459,-0.189457],[31.971333,-0.182686],[31.961325,-0.183569],[31.92659,-0.195638],[31.935421,-0.15531],[31.940131,-0.140298],[31.934538,-0.13912],[31.91982,-0.134116],[31.939836,-0.124697],[31.994883,-0.085841],[32.011956,-0.092611],[32.051695,-0.094966],[32.069945,-0.099381],[32.061703,-0.075832],[32.025791,-0.067296],[32.016077,-0.04463],[32.031089,-0.048751],[32.037271,-0.052283],[32.076716,-0.036387],[32.104386,-0.045513],[32.132056,-0.063175],[32.170029,-0.072594],[32.18828,-0.068473],[32.200349,-0.057582],[32.206236,-0.04198],[32.208002,-0.024318],[32.205353,-0.015782],[32.195933,0.002469],[32.193578,0.013655],[32.195639,0.01807],[32.208002,0.037204],[32.206825,0.031022],[32.206825,0.026018],[32.205353,0.021602],[32.200349,0.016598],[32.215361,-0.003419],[32.241265,-0.021375],[32.26923,-0.029028],[32.289835,-0.017548],[32.291602,0.00188],[32.279533,0.018953],[32.24833,0.043974],[32.255689,0.051333],[32.286009,0.037498],[32.324276,0.026901],[32.352241,0.009533],[32.351946,-0.024318],[32.372846,-0.025202],[32.379028,-0.024318],[32.368725,-0.003713],[32.374907,0.053982],[32.365487,0.085479],[32.386092,0.091661],[32.401105,0.077826],[32.421122,0.08283],[32.439078,0.099314],[32.447615,0.119037],[32.459095,0.108734],[32.457917,0.095193],[32.449969,0.081653],[32.441139,0.07135],[32.41965,0.05516],[32.422005,0.048684],[32.437606,0.033671],[32.45203,0.030139],[32.462921,0.041325],[32.471752,0.056337],[32.481761,0.067818],[32.484116,0.07606],[32.488237,0.083419],[32.49589,0.085479],[32.5006,0.08077],[32.509431,0.051333],[32.517968,0.056632],[32.523855,0.073999],[32.530037,0.07812],[32.539751,0.074882],[32.54711,0.065757],[32.557412,0.043974],[32.57007,0.060458],[32.543872,0.102258],[32.550642,0.119037],[32.559473,0.11315],[32.578018,0.105202],[32.588026,0.107851],[32.571542,0.133461],[32.590676,0.139348],[32.598329,0.140231],[32.598329,0.147001],[32.589498,0.149945],[32.571542,0.161425],[32.575369,0.174672],[32.563005,0.189684],[32.568009,0.198515],[32.578901,0.201459],[32.588026,0.197338],[32.594797,0.19616],[32.598329,0.208524],[32.615991,0.211467],[32.626588,0.240021],[32.63483,0.273284],[32.645427,0.290946],[32.662795,0.288885],[32.666916,0.276816],[32.663383,0.263275],[32.647782,0.247674],[32.648077,0.230895],[32.656613,0.222064],[32.673392,0.236488],[32.680751,0.222064],[32.657496,0.183208],[32.661323,0.171728],[32.690465,0.167313],[32.699296,0.174083],[32.707244,0.187918],[32.714897,0.208524],[32.724906,0.205874],[32.731087,0.19616],[32.736091,0.183797],[32.741684,0.173789],[32.728438,0.16643],[32.71107,0.144647],[32.704006,0.140231],[32.685755,0.141114],[32.680751,0.140231],[32.670448,0.135227],[32.6625,0.132872],[32.653081,0.133461],[32.660734,0.11992],[32.661323,0.098431],[32.666621,0.091661],[32.682223,0.089012],[32.69488,0.094605],[32.704594,0.102258],[32.71107,0.106085],[32.719607,0.107262],[32.732265,0.1105],[32.744039,0.115799],[32.749043,0.122864],[32.756108,0.126102],[32.771709,0.120214],[32.79673,0.106085],[32.797319,0.124924],[32.799085,0.138759],[32.803206,0.150239],[32.810566,0.161425],[32.817336,0.161425],[32.82234,0.149651],[32.832348,0.149651],[32.8453,0.151711],[32.859136,0.147001],[32.855309,0.154949],[32.853248,0.163192],[32.851482,0.181148],[32.859136,0.181148],[32.86414,0.168784],[32.877681,0.190567],[32.892987,0.195572],[32.890044,0.19145],[32.888278,0.188507],[32.885628,0.181148],[32.895931,0.181442],[32.899169,0.181148],[32.890927,0.171434],[32.885923,0.161131],[32.887395,0.152594],[32.899169,0.147001],[32.888866,0.143175],[32.877681,0.136404],[32.871499,0.126985],[32.876209,0.115799],[32.887983,0.107262],[32.892693,0.107262],[32.893282,0.104907],[32.892987,0.088717],[32.90123,0.076943],[32.920658,0.077826],[32.986301,0.101081],[33.008084,0.112855],[33.077554,0.166135],[33.084913,0.173789],[33.091978,0.186152],[33.105224,0.222064],[33.071667,0.223536],[33.043113,0.228835],[33.070489,0.246497],[33.078731,0.250029],[33.078731,0.256799],[33.071078,0.256799],[33.071078,0.262981],[33.081086,0.260332],[33.098748,0.251795],[33.123769,0.247085],[33.123475,0.239726],[33.112877,0.225597],[33.116999,0.214411],[33.126418,0.21706],[33.135544,0.224714],[33.13937,0.228835],[33.140842,0.234133],[33.13937,0.241198],[33.138782,0.24738],[33.143197,0.250029],[33.15085,0.251206],[33.156149,0.25415],[33.167335,0.262981],[33.156443,0.276522],[33.150556,0.297422],[33.153794,0.316261],[33.170573,0.324503],[33.188823,0.328919],[33.220026,0.347463],[33.238571,0.351879],[33.242103,0.354528],[33.264181,0.367775],[33.269774,0.373073],[33.270657,0.38632],[33.26683,0.390441],[33.259176,0.390735],[33.231212,0.396917],[33.210018,0.398388],[33.192945,0.406042],[33.187352,0.428119],[33.210901,0.422821],[33.235922,0.427236],[33.250346,0.440483],[33.241809,0.461677],[33.273895,0.476689],[33.28302,0.482871],[33.290673,0.439599],[33.318638,0.437539],[33.34572,0.456378],[33.351901,0.475217],[33.366031,0.497],[33.385164,0.490819],[33.389285,0.484637],[33.372212,0.461677],[33.349841,0.421938],[33.354845,0.41605],[33.362498,0.41134],[33.366031,0.407219],[33.349252,0.391912],[33.325703,0.389263],[33.310101,0.381904],[33.317755,0.351879],[33.328646,0.359532],[33.366031,0.373073],[33.369857,0.363948],[33.368974,0.355117],[33.365148,0.34658],[33.35926,0.338927],[33.376922,0.343048],[33.394878,0.341282],[33.411951,0.334511],[33.427553,0.324503],[33.426081,0.33304],[33.424315,0.338927],[33.420782,0.342754],[33.413718,0.345697],[33.441977,0.356294],[33.455812,0.357766],[33.469058,0.351879],[33.454929,0.345697],[33.46582,0.330685],[33.483188,0.324503],[33.494668,0.31891],[33.489075,0.304781],[33.508209,0.300365],[33.507914,0.283292],[33.494962,0.27034],[33.475828,0.277405],[33.482304,0.280937],[33.489075,0.283586],[33.47524,0.289768],[33.45905,0.294478],[33.444037,0.295361],[33.434323,0.290946],[33.426375,0.295655],[33.418427,0.297716],[33.400177,0.297716],[33.405475,0.288885],[33.413423,0.283586],[33.434323,0.277405],[33.420782,0.270046],[33.43344,0.261215],[33.439033,0.258565],[33.447864,0.256799],[33.426375,0.243553],[33.439622,0.227363],[33.465526,0.208818],[33.482304,0.187918],[33.489075,0.187918],[33.486426,0.216177],[33.487603,0.230307],[33.492607,0.236488],[33.501144,0.232073],[33.503793,0.221476],[33.502616,0.195572],[33.511152,0.202931],[33.522044,0.217943],[33.53058,0.222064],[33.529108,0.211173],[33.525576,0.200576],[33.516156,0.181148],[33.525282,0.18262],[33.531169,0.185563],[33.534701,0.191745],[33.536762,0.201753],[33.544121,0.201753],[33.545887,0.185858],[33.555601,0.179676],[33.566493,0.183797],[33.571497,0.198515],[33.580033,0.20764],[33.598873,0.215588],[33.617418,0.227069],[33.626249,0.246202],[33.618889,0.298893],[33.619773,0.310962],[33.629487,0.320676],[33.642144,0.323326],[33.655685,0.319793],[33.667754,0.310962],[33.68571,0.325975],[33.694247,0.330096],[33.70867,0.332157],[33.720445,0.330685],[33.735458,0.325975],[33.748998,0.319204],[33.755769,0.310962],[33.733397,0.306841],[33.715146,0.298305],[33.7019,0.284175],[33.69513,0.262981],[33.706316,0.267985],[33.718385,0.268868],[33.730748,0.266808],[33.742817,0.262981],[33.742817,0.256799],[33.733691,0.248851],[33.720445,0.23325],[33.709848,0.215294],[33.70867,0.201753],[33.721917,0.193217],[33.763717,0.190862],[33.776963,0.187918],[33.78756,0.197926],[33.787854,0.208524],[33.786088,0.220593],[33.789915,0.236488],[33.804633,0.220298],[33.807871,0.199987],[33.809343,0.177321],[33.81788,0.153772],[33.823472,0.166724],[33.827005,0.193511],[33.83142,0.208524],[33.862034,0.188507],[33.893826,0.173789],[33.895297,0.192334],[33.905011,0.199104],[33.915903,0.204402],[33.920907,0.219121],[33.965945,0.256211],[33.972126,0.262981],[33.980369,0.264453],[33.98184,0.26563],[33.982723,0.264453],[33.989199,0.256799],[33.993026,0.251501],[34.001857,0.232956],[34.003623,0.225597],[34.001268,0.212939],[33.991554,0.181148],[33.989199,0.164369],[33.990377,0.134933],[33.988316,0.119037],[33.982429,0.106085],[33.974187,0.102847],[33.965356,0.10579],[33.957997,0.10579],[33.955053,0.095193],[33.956231,0.075471],[33.958291,0.066346],[33.961824,0.057515],[33.968888,0.05045],[33.977719,0.044857],[33.985961,0.038087],[33.989199,0.026901],[33.989788,0.01807],[33.99597,-0.010778],[33.99597,-0.040508],[33.999797,-0.04463],[34.018047,-0.045807],[34.024523,-0.048162],[34.030116,-0.052283],[34.030116,-0.058465],[34.020696,-0.070534],[34.027172,-0.074949],[34.038947,-0.074655],[34.043657,-0.072594],[34.055137,-0.087901],[34.05131,-0.085841],[34.054548,-0.091139],[34.055137,-0.096732],[34.057198,-0.101736],[34.064851,-0.10674],[34.064851,-0.096732],[34.066029,-0.088784],[34.068383,-0.081131],[34.071916,-0.072594],[34.064851,-0.072594],[34.07692,-0.063469],[34.094582,-0.059348],[34.12343,-0.058465],[34.13491,-0.064941],[34.130789,-0.079659],[34.112832,-0.10674],[34.128728,-0.106446],[34.138442,-0.11145],[34.137853,-0.117338],[34.12343,-0.120576],[34.115482,-0.12293],[34.091049,-0.135588],[34.085457,-0.140298],[34.093993,-0.168851],[34.122252,-0.185336],[34.158165,-0.191223],[34.187895,-0.188868],[34.184952,-0.208885],[34.195843,-0.221248],[34.229401,-0.237144],[34.249123,-0.252156],[34.253244,-0.26452],[34.236465,-0.298666],[34.251184,-0.29896],[34.256776,-0.305142],[34.253833,-0.314856],[34.243236,-0.325747],[34.252067,-0.328691],[34.262664,-0.334284],[34.272083,-0.340466],[34.277088,-0.346353],[34.278854,-0.358127],[34.276205,-0.36843],[34.272083,-0.376672],[34.270906,-0.381088],[34.287979,-0.396395],[34.302992,-0.390507],[34.313883,-0.373729],[34.318299,-0.35695],[34.325363,-0.341349],[34.376288,-0.301904],[34.386885,-0.284831],[34.388357,-0.265403],[34.383059,-0.244208],[34.372756,-0.223309],[34.357449,-0.228902],[34.346263,-0.219776],[34.341553,-0.203881],[34.34538,-0.188868],[34.359804,-0.179448],[34.377466,-0.178565],[34.406902,-0.182686],[34.446641,-0.168263],[34.461654,-0.168263],[34.491385,-0.179743],[34.505514,-0.18092],[34.520821,-0.171795],[34.534067,-0.159432],[34.548491,-0.149423],[34.564093,-0.142653],[34.600299,-0.137354],[34.623849,-0.123519],[34.646515,-0.117043],[34.658878,-0.108801],[34.669769,-0.098793],[34.674479,-0.089667],[34.722755,-0.091139],[34.73659,-0.085841],[34.735413,-0.109684],[34.730997,-0.123814],[34.731291,-0.137943],[34.74336,-0.162081],[34.750131,-0.154427],[34.756901,-0.165613],[34.768087,-0.179154],[34.781628,-0.190634],[34.795168,-0.195638],[34.798701,-0.206235],[34.832847,-0.27129],[34.836674,-0.272467],[34.846977,-0.279532],[34.85463,-0.28748],[34.849331,-0.291307],[34.846388,-0.294545],[34.84315,-0.301609],[34.837851,-0.308969],[34.82902,-0.312207],[34.809298,-0.306319],[34.782805,-0.286891],[34.770736,-0.291307],[34.749542,-0.287186],[34.748365,-0.300726],[34.754252,-0.320449],[34.753663,-0.335756],[34.740417,-0.340171],[34.678306,-0.346353],[34.658289,-0.344881],[34.612957,-0.331929],[34.604715,-0.332812],[34.595884,-0.335461],[34.586759,-0.335756],[34.575867,-0.328985],[34.569097,-0.322215],[34.562326,-0.318388],[34.554379,-0.318977],[34.544076,-0.325747],[34.527003,-0.32457],[34.497861,-0.32928],[34.467836,-0.337522],[34.448702,-0.346353],[34.450762,-0.367253],[34.449291,-0.396983],[34.456944,-0.424065],[34.499921,-0.441432],[34.50522,-0.45409],[34.505514,-0.467925],[34.503159,-0.476756],[34.4749,-0.493829],[34.472251,-0.497362],[34.460771,-0.501483],[34.436339,-0.520911],[34.423975,-0.525032],[34.407491,-0.521794],[34.40808,-0.513552],[34.415733,-0.504426],[34.420443,-0.497362],[34.418677,-0.489119],[34.409551,-0.468514],[34.403959,-0.459977],[34.395422,-0.450852],[34.386002,-0.44467],[34.374522,-0.441432],[34.359215,-0.442021],[34.365691,-0.459094],[34.360687,-0.472635],[34.347735,-0.479405],[34.331251,-0.476756],[34.326541,-0.470869],[34.318299,-0.453501],[34.311234,-0.44938],[34.304758,-0.452324],[34.304463,-0.460566],[34.307701,-0.469691],[34.311234,-0.476756],[34.284741,-0.465865],[34.244413,-0.429363],[34.21586,-0.42848],[34.219981,-0.418766],[34.22263,-0.415234],[34.189073,-0.422299],[34.174355,-0.450852],[34.161108,-0.517673],[34.150217,-0.531508],[34.13697,-0.53504],[34.10253,-0.532097],[34.101352,-0.534746],[34.085457,-0.551819],[34.077803,-0.554468],[34.063674,-0.555646],[34.057492,-0.558589],[34.065734,-0.568598],[34.075154,-0.57684],[34.082807,-0.58626],[34.085457,-0.599506],[34.081335,-0.607748],[34.072505,-0.616873],[34.062202,-0.624527],[34.054548,-0.627471],[34.047778,-0.641306],[34.037475,-0.730498],[34.057492,-0.728143],[34.0675,-0.748749],[34.071327,-0.776124],[34.071916,-0.795258],[34.078392,-0.797613],[34.119603,-0.826166],[34.165524,-0.841768],[34.174943,-0.846772],[34.183185,-0.871204],[34.169645,-0.886511],[34.150217,-0.898286],[34.139914,-0.911826],[34.127845,-0.953626],[34.124607,-0.977764],[34.133438,-0.997486],[34.133438,-1.003668],[34.117542,-0.999252],[34.071916,-0.97011],[34.066029,-0.996014],[34.058375,-1.002196],[34.037475,-0.997486],[34.048072,-1.01191],[34.063379,-1.015737],[34.079569,-1.01191],[34.092227,-1.003668],[34.09782,-1.018975],[34.087223,-1.022802],[34.072505,-1.025156],[34.064851,-1.035459],[34.0675,-1.043996],[34.072505,-1.046056],[34.075448,-1.048411],[34.071916,-1.059008],[34.040713,-1.079614],[34.033648,-1.082263],[34.03041,-1.088739],[34.028056,-1.095804],[34.023346,-1.100514],[34.016281,-1.101691],[33.992732,-1.100514],[33.975659,-1.105224],[33.980074,-1.115821],[33.990377,-1.128478],[33.992732,-1.138192],[33.963295,-1.172633],[33.948283,-1.18323],[33.915608,-1.198831],[33.900596,-1.20884],[33.886172,-1.223264],[33.87322,-1.255938],[33.885878,-1.277721],[33.908838,-1.285669],[33.927677,-1.278015],[33.933859,-1.278015],[33.931798,-1.282725],[33.929738,-1.289201],[33.927677,-1.292439],[33.927677,-1.298621],[33.946517,-1.303625],[33.966828,-1.316283],[33.982723,-1.333061],[33.989199,-1.350134],[33.988611,-1.359848],[33.985667,-1.369857],[33.979485,-1.376039],[33.968888,-1.374272],[33.967417,-1.369857],[33.969183,-1.362203],[33.972421,-1.355433],[33.975659,-1.353667],[33.961824,-1.340126],[33.95417,-1.336888],[33.933859,-1.334533],[33.915608,-1.323936],[33.905306,-1.320698],[33.882934,-1.319521],[33.821412,-1.326291],[33.804339,-1.319521],[33.792564,-1.334239],[33.79904,-1.348663],[33.82465,-1.374272],[33.820529,-1.37751],[33.81994,-1.379277],[33.819646,-1.381926],[33.81788,-1.387813],[33.832009,-1.383103],[33.843784,-1.387519],[33.852909,-1.397527],[33.858796,-1.408419],[33.797568,-1.387813],[33.781378,-1.397527],[33.781378,-1.409596],[33.791092,-1.421371],[33.804339,-1.429024],[33.812581,-1.429613],[33.830243,-1.427552],[33.838485,-1.429024],[33.847316,-1.43344],[33.849965,-1.437266],[33.851731,-1.441976],[33.858796,-1.449924],[33.867333,-1.470824],[33.871159,-1.470529],[33.875869,-1.469352],[33.879402,-1.470529],[33.890882,-1.480243],[33.894414,-1.486131],[33.893826,-1.497611],[33.909132,-1.487603],[33.918552,-1.48407],[33.927677,-1.48407],[33.93592,-1.489957],[33.940041,-1.499083],[33.94269,-1.507619],[33.944751,-1.511446],[33.952993,-1.513801],[33.955936,-1.518511],[33.952993,-1.523515],[33.944751,-1.525575],[33.940041,-1.524398],[33.932976,-1.518805],[33.927677,-1.518216],[33.927089,-1.520277],[33.923262,-1.525281],[33.918258,-1.529991],[33.913548,-1.532052],[33.904717,-1.529402]],[[34.119603,-0.415234],[34.119603,-0.427892],[34.132849,-0.431718],[34.149922,-0.432601],[34.161108,-0.435839],[34.204085,-0.407286],[34.217332,-0.389036],[34.22263,-0.360188],[34.214094,-0.36843],[34.207323,-0.388741],[34.202025,-0.394923],[34.191133,-0.394629],[34.182008,-0.387269],[34.16729,-0.366958],[34.158459,-0.39404],[34.153749,-0.401105],[34.14639,-0.405226],[34.119603,-0.415234]],[[33.945634,-0.472929],[33.951815,-0.476756],[33.971832,-0.480288],[33.998619,-0.49795],[34.017164,-0.504721],[34.026878,-0.497656],[34.048955,-0.490002],[34.057492,-0.482938],[34.061907,-0.474401],[34.059258,-0.470574],[34.05396,-0.467336],[34.05131,-0.459977],[34.045129,-0.437311],[34.03041,-0.432307],[33.99597,-0.442021],[33.964179,-0.444965],[33.955053,-0.44938],[33.950932,-0.454973],[33.946517,-0.464098],[33.945634,-0.472929]],[[31.810611,-1.819351],[31.840636,-1.795213],[31.849172,-1.779906],[31.850938,-1.758418],[31.845346,-1.753119],[31.842402,-1.751647],[31.837986,-1.751647],[31.836515,-1.774608],[31.826801,-1.788443],[31.815909,-1.800806],[31.810611,-1.819351]],[[31.786473,-2.147567],[31.797953,-2.151394],[31.802957,-2.145506],[31.821208,-2.136381],[31.82474,-2.130494],[31.806784,-2.12755],[31.793243,-2.124312],[31.785001,-2.114892],[31.781469,-2.10194],[31.782646,-2.087517],[31.775876,-2.079863],[31.768811,-2.093698],[31.764395,-2.107239],[31.764101,-2.121074],[31.769105,-2.135204],[31.774698,-2.139913],[31.786473,-2.147567]],[[31.920997,-2.398071],[31.913932,-2.383353],[31.904513,-2.369517],[31.899509,-2.354799],[31.901569,-2.336843],[31.907162,-2.32654],[31.907751,-2.32183],[31.895976,-2.320947],[31.868895,-2.310056],[31.860064,-2.283563],[31.856237,-2.252066],[31.844757,-2.224102],[31.840341,-2.215565],[31.828272,-2.209972],[31.817675,-2.202907],[31.816792,-2.182891],[31.810611,-2.182891],[31.790888,-2.23411],[31.788239,-2.25972],[31.810611,-2.252066],[31.807961,-2.267667],[31.801191,-2.281208],[31.790299,-2.288862],[31.775876,-2.285918],[31.782646,-2.320947],[31.802957,-2.315943],[31.822385,-2.316826],[31.830333,-2.322714],[31.816792,-2.333899],[31.82474,-2.34744],[31.844757,-2.364513],[31.850938,-2.374816],[31.851233,-2.388651],[31.840636,-2.411023],[31.837986,-2.426035],[31.840636,-2.441048],[31.848289,-2.454589],[31.860064,-2.460476],[31.875371,-2.453706],[31.912755,-2.423975],[31.91982,-2.416321],[31.920997,-2.398071]],[[31.940131,-1.66216],[31.937482,-1.651269],[31.93336,-1.64391],[31.91982,-1.628014],[31.896271,-1.615062],[31.892444,-1.610941],[31.888323,-1.610352],[31.858298,-1.621244],[31.868012,-1.636256],[31.871838,-1.653035],[31.872133,-1.690125],[31.867129,-1.690714],[31.865951,-1.688948],[31.865951,-1.686298],[31.865362,-1.682766],[31.865362,-1.699545],[31.858298,-1.744877],[31.888617,-1.691302],[31.897742,-1.662749],[31.899509,-1.635079],[31.940131,-1.66216]],[[32.071417,-2.27797],[32.06759,-2.267079],[32.059937,-2.265313],[32.050223,-2.279148],[32.044041,-2.279148],[32.045513,-2.269728],[32.048457,-2.260897],[32.051989,-2.252655],[32.056993,-2.245001],[32.050223,-2.252066],[32.046102,-2.247062],[32.04463,-2.242647],[32.044041,-2.231461],[32.025791,-2.233521],[32.009601,-2.242941],[31.993116,-2.25501],[31.974571,-2.265607],[31.960148,-2.271494],[31.951022,-2.277087],[31.947196,-2.285918],[31.951022,-2.292394],[31.972216,-2.289745],[31.981342,-2.292983],[31.985169,-2.308878],[31.974866,-2.322419],[31.960736,-2.334782],[31.954555,-2.34744],[31.966035,-2.340964],[31.969862,-2.343613],[31.971333,-2.350089],[31.974571,-2.354799],[31.975455,-2.357743],[31.974571,-2.361864],[31.974277,-2.365691],[31.977809,-2.367457],[31.981636,-2.366574],[31.98664,-2.364513],[31.989878,-2.362453],[31.988701,-2.361275],[32.003713,-2.361275],[32.020787,-2.357743],[32.037565,-2.350973],[32.050223,-2.341258],[32.069945,-2.292983],[32.071417,-2.27797]],[[32.323982,-0.354006],[32.318977,-0.337522],[32.297194,-0.314267],[32.289835,-0.298666],[32.28071,-0.303081],[32.277178,-0.308969],[32.278061,-0.316916],[32.283065,-0.325747],[32.273351,-0.330163],[32.264226,-0.330752],[32.255984,-0.326925],[32.24833,-0.318388],[32.255689,-0.305436],[32.212712,-0.321332],[32.187397,-0.327513],[32.166202,-0.325747],[32.152956,-0.311618],[32.156194,-0.291601],[32.173562,-0.257455],[32.172384,-0.239793],[32.157372,-0.234494],[32.111745,-0.237144],[32.086135,-0.231551],[32.073772,-0.230373],[32.064352,-0.235083],[32.06553,-0.244797],[32.064647,-0.254511],[32.050223,-0.257455],[32.050223,-0.263931],[32.077304,-0.273056],[32.091728,-0.280415],[32.09791,-0.288069],[32.099382,-0.295722],[32.102325,-0.298077],[32.106741,-0.299843],[32.111745,-0.305436],[32.111745,-0.309263],[32.105858,-0.316328],[32.104386,-0.322215],[32.116455,-0.329868],[32.144125,-0.338111],[32.172384,-0.34076],[32.187397,-0.331929],[32.193578,-0.331929],[32.202409,-0.341349],[32.218011,-0.35018],[32.228313,-0.360482],[32.221543,-0.373729],[32.231257,-0.378144],[32.241265,-0.386092],[32.248036,-0.396689],[32.24833,-0.408464],[32.242148,-0.413468],[32.233317,-0.413173],[32.225075,-0.409052],[32.216539,-0.39875],[32.205942,-0.407875],[32.197111,-0.421416],[32.197111,-0.42848],[32.18563,-0.429069],[32.1768,-0.43113],[32.170618,-0.435545],[32.166202,-0.442021],[32.166202,-0.44938],[32.170912,-0.458211],[32.167674,-0.471458],[32.152662,-0.497362],[32.135883,-0.515318],[32.132351,-0.525326],[32.138238,-0.538278],[32.166202,-0.538278],[32.165614,-0.531213],[32.167086,-0.523266],[32.173562,-0.504721],[32.178271,-0.506487],[32.189163,-0.509136],[32.193578,-0.510902],[32.19034,-0.497362],[32.189752,-0.478228],[32.187397,-0.469986],[32.22537,-0.462627],[32.241854,-0.463804],[32.241854,-0.469986],[32.236261,-0.47705],[32.238616,-0.483526],[32.247153,-0.488531],[32.258927,-0.490297],[32.263048,-0.487059],[32.265992,-0.4797],[32.271879,-0.472341],[32.283065,-0.469986],[32.274823,-0.432896],[32.270702,-0.386681],[32.282771,-0.353123],[32.323982,-0.354006]],[[32.347236,-0.265697],[32.351946,-0.27129],[32.369902,-0.269818],[32.365193,-0.258044],[32.351946,-0.241559],[32.344293,-0.227135],[32.339583,-0.215949],[32.328103,-0.204175],[32.312501,-0.197993],[32.296606,-0.202997],[32.305731,-0.205941],[32.315151,-0.211534],[32.323982,-0.219776],[32.331341,-0.230373],[32.321627,-0.235378],[32.319272,-0.242148],[32.322804,-0.249801],[32.331341,-0.257455],[32.333107,-0.252156],[32.334284,-0.252156],[32.337522,-0.250096],[32.339289,-0.25716],[32.342821,-0.261576],[32.347236,-0.265697]],[[32.400516,-0.366075],[32.413468,-0.366958],[32.413468,-0.360188],[32.400222,-0.35695],[32.394629,-0.348413],[32.389919,-0.338699],[32.379028,-0.331929],[32.369314,-0.334284],[32.368725,-0.344292],[32.37314,-0.35695],[32.379028,-0.366958],[32.372552,-0.364898],[32.358422,-0.362543],[32.351946,-0.360188],[32.354007,-0.370196],[32.356656,-0.374906],[32.360777,-0.375495],[32.388447,-0.367841],[32.400516,-0.366075]],[[32.536807,-2.307112],[32.532686,-2.283857],[32.523855,-2.282386],[32.512963,-2.287979],[32.502072,-2.285918],[32.49589,-2.285918],[32.498834,-2.312411],[32.502072,-2.320947],[32.474696,-2.32448],[32.464982,-2.314177],[32.467926,-2.271789],[32.461744,-2.271789],[32.454974,-2.283269],[32.446437,-2.283857],[32.438195,-2.277087],[32.433779,-2.265607],[32.407581,-2.342142],[32.409936,-2.354799],[32.42642,-2.362158],[32.432013,-2.379231],[32.434368,-2.399543],[32.441139,-2.416321],[32.45203,-2.420442],[32.462627,-2.418382],[32.472341,-2.411906],[32.481761,-2.402192],[32.492064,-2.404252],[32.506782,-2.396599],[32.519439,-2.383058],[32.523266,-2.367457],[32.519439,-2.369517],[32.518851,-2.370695],[32.518262,-2.371872],[32.516201,-2.374816],[32.51208,-2.35892],[32.520028,-2.343319],[32.531214,-2.32654],[32.536807,-2.307112]],[[32.543577,-0.373729],[32.529448,-0.378144],[32.523855,-0.381382],[32.516201,-0.387269],[32.508842,-0.383443],[32.504132,-0.384031],[32.502072,-0.391096],[32.502661,-0.40552],[32.502072,-0.408464],[32.489709,-0.418472],[32.469986,-0.420533],[32.454091,-0.42848],[32.477051,-0.441727],[32.47293,-0.46086],[32.455857,-0.479111],[32.441139,-0.490297],[32.444082,-0.49795],[32.448498,-0.502071],[32.454091,-0.503838],[32.461744,-0.504721],[32.470869,-0.499717],[32.481172,-0.492063],[32.486471,-0.48176],[32.481761,-0.469986],[32.492947,-0.465865],[32.5006,-0.458506],[32.521206,-0.420533],[32.523561,-0.409641],[32.523266,-0.394923],[32.530037,-0.394923],[32.536807,-0.408464],[32.537101,-0.398455],[32.538279,-0.390213],[32.543577,-0.373729]],[[32.749632,-0.027262],[32.753459,-0.03992],[32.762879,-0.052283],[32.782307,-0.036682],[32.803206,-0.009012],[32.81086,0.019247],[32.789371,0.037204],[32.789371,0.016598],[32.78319,0.016598],[32.773476,0.020719],[32.767,0.011594],[32.765233,-0.003713],[32.769649,-0.017548],[32.753753,-0.018431],[32.749632,-0.027262]],[[32.817336,-0.085841],[32.804384,-0.079953],[32.793198,-0.080248],[32.78525,-0.086724],[32.78319,-0.099381],[32.773476,-0.097026],[32.762879,-0.0932],[32.765822,-0.07701],[32.758757,-0.059937],[32.746689,-0.045807],[32.73462,-0.037859],[32.737269,-0.049339],[32.742567,-0.060231],[32.755519,-0.079659],[32.755519,-0.085841],[32.745511,-0.083191],[32.739035,-0.077598],[32.735797,-0.069356],[32.73462,-0.058465],[32.730204,-0.06759],[32.724022,-0.0723],[32.716369,-0.071417],[32.707538,-0.065235],[32.709599,-0.07701],[32.71372,-0.088195],[32.714308,-0.097909],[32.707538,-0.10674],[32.698707,-0.105857],[32.691642,-0.097615],[32.683989,-0.094083],[32.673392,-0.10674],[32.659557,-0.099381],[32.665444,-0.111156],[32.673981,-0.117926],[32.685755,-0.12087],[32.700768,-0.120576],[32.718724,-0.12558],[32.740801,-0.114983],[32.755519,-0.120576],[32.741684,-0.127346],[32.741684,-0.134116],[32.765822,-0.130878],[32.786428,-0.121459],[32.803795,-0.106446],[32.817336,-0.085841]],[[33.009261,-1.819351],[32.995426,-1.819351],[32.998664,-1.826416],[33.002491,-1.83819],[33.003668,-1.849082],[32.999253,-1.854086],[32.996898,-1.858796],[33.004846,-1.869687],[33.023391,-1.888232],[33.027218,-1.88941],[33.030456,-1.889998],[33.033988,-1.891176],[33.037226,-1.895002],[33.070489,-1.869687],[33.083735,-1.856146],[33.088151,-1.853791],[33.0908,-1.849082],[33.091683,-1.836718],[33.089917,-1.832597],[33.081381,-1.821117],[33.078731,-1.813169],[33.084913,-1.813169],[33.093449,-1.816702],[33.097571,-1.814347],[33.096982,-1.807871],[33.091683,-1.799628],[33.083441,-1.795507],[33.072255,-1.795802],[33.050767,-1.799628],[33.015737,-1.800512],[33.005729,-1.805221],[33.009261,-1.819351]],[[33.187352,-2.124606],[33.186174,-2.116659],[33.182936,-2.11607],[33.178521,-2.117247],[33.173517,-2.114892],[33.143786,-2.087811],[33.13466,-2.073976],[33.147024,-2.066911],[33.147024,-2.059552],[33.109345,-2.05131],[33.100514,-2.043362],[33.120237,-2.011276],[33.117587,-1.995969],[33.109934,-1.981251],[33.105224,-1.966827],[33.097276,-1.965355],[33.04694,-1.977424],[33.043702,-1.975658],[33.035754,-1.973303],[33.027218,-1.973303],[33.023391,-1.980662],[33.018975,-1.98184],[32.992483,-1.99126],[32.940969,-1.963295],[32.931549,-1.947988],[32.935965,-1.936802],[32.944796,-1.925616],[32.947739,-1.909426],[32.943029,-1.904422],[32.924779,-1.896474],[32.920363,-1.895002],[32.911532,-1.896474],[32.907117,-1.899712],[32.899169,-1.909426],[32.879741,-1.927088],[32.867967,-1.935036],[32.851482,-1.943278],[32.846478,-1.934742],[32.841474,-1.930915],[32.834703,-1.929737],[32.824989,-1.929149],[32.831171,-1.943278],[32.846478,-1.959468],[32.851482,-1.970065],[32.859136,-1.970065],[32.863845,-1.971832],[32.89181,-1.974481],[32.899169,-1.977424],[32.897109,-1.989493],[32.887395,-2.003034],[32.850305,-2.041596],[32.845006,-2.050721],[32.844712,-2.059552],[32.853248,-2.071915],[32.862079,-2.070443],[32.871499,-2.066322],[32.882685,-2.069855],[32.904468,-2.085456],[32.928606,-2.092226],[32.978647,-2.093698],[32.996015,-2.098997],[33.043113,-2.135204],[33.055771,-2.140502],[33.066662,-2.139325],[33.07461,-2.132849],[33.078731,-2.121663],[33.10228,-2.134321],[33.120531,-2.152277],[33.141725,-2.166701],[33.173517,-2.16935],[33.163508,-2.154043],[33.167629,-2.147567],[33.17646,-2.146978],[33.180876,-2.148744],[33.185585,-2.137559],[33.186763,-2.131966],[33.187352,-2.124606]],[[33.194711,0.161425],[33.176755,0.161425],[33.165863,0.147001],[33.164097,0.125513],[33.173517,0.106085],[33.180876,0.117271],[33.184114,0.149945],[33.194711,0.161425]],[[33.30392,0.043974],[33.28302,0.043974],[33.284786,0.048684],[33.288024,0.059575],[33.290379,0.063696],[33.264181,0.057515],[33.250346,0.049567],[33.247696,0.035437],[33.256233,0.010417],[33.284492,0.021897],[33.295972,0.030728],[33.30392,0.043974]],[[33.400177,0.256799],[33.388402,0.272401],[33.381043,0.287413],[33.371035,0.297716],[33.351901,0.297716],[33.351901,0.290946],[33.359555,0.288885],[33.365736,0.285058],[33.370152,0.278582],[33.372212,0.270046],[33.366031,0.270046],[33.356905,0.274461],[33.349841,0.267102],[33.347191,0.254444],[33.351901,0.24267],[33.343365,0.245908],[33.341598,0.247085],[33.338066,0.250029],[33.329235,0.239137],[33.319815,0.240315],[33.314517,0.247968],[33.317755,0.256799],[33.317755,0.262981],[33.295972,0.263275],[33.293911,0.274167],[33.30392,0.288296],[33.317755,0.297716],[33.298327,0.305075],[33.278016,0.304486],[33.238571,0.297716],[33.233272,0.294184],[33.211195,0.266513],[33.205013,0.255916],[33.20884,0.249735],[33.221498,0.24267],[33.255055,0.207935],[33.259176,0.201753],[33.263298,0.198515],[33.26212,0.19145],[33.256233,0.184386],[33.245636,0.181148],[33.235627,0.181736],[33.207663,0.187918],[33.228268,0.153772],[33.235039,0.153772],[33.246813,0.164958],[33.264475,0.153183],[33.279193,0.129928],[33.28302,0.106085],[33.293911,0.109912],[33.301271,0.117565],[33.304509,0.127868],[33.30392,0.140231],[33.31069,0.140231],[33.310101,0.100198],[33.316283,0.084891],[33.332473,0.07812],[33.339244,0.079886],[33.342187,0.081653],[33.344836,0.085479],[33.324525,0.09696],[33.319227,0.119037],[33.325114,0.141703],[33.338066,0.153772],[33.325114,0.160248],[33.317755,0.171434],[33.316872,0.184091],[33.324525,0.195572],[33.318344,0.210878],[33.32482,0.219121],[33.3363,0.217355],[33.344836,0.201753],[33.352196,0.210878],[33.35926,0.217355],[33.366325,0.219121],[33.372212,0.215883],[33.378688,0.227657],[33.381632,0.240315],[33.38693,0.251206],[33.400177,0.256799]],[[33.728687,-0.108801],[33.718973,-0.099381],[33.704844,-0.104091],[33.671286,-0.126757],[33.653919,-0.134116],[33.653919,-0.140298],[33.670698,-0.138237],[33.681589,-0.139709],[33.689242,-0.147068],[33.69513,-0.162081],[33.7019,-0.154427],[33.715441,-0.168263],[33.726038,-0.129701],[33.728687,-0.108801]],[[33.781084,0.072822],[33.81994,0.064874],[33.83142,0.063696],[33.842901,0.067818],[33.85232,0.073116],[33.863506,0.073705],[33.879402,0.063696],[33.88264,0.078709],[33.866744,0.090484],[33.843784,0.095782],[33.82465,0.091661],[33.812287,0.11521],[33.786088,0.115799],[33.765483,0.100786],[33.769604,0.07812],[33.781084,0.072822]]]}},{"type":"Feature","properties":{"name":"Chad","minZoom":1.7,"rank":1},"geometry":{"type":"Polygon","coordinates":[[[14.745145,13.075768],[14.768105,13.069881],[14.720712,13.052219],[14.705111,13.044566],[14.698635,13.038973],[14.690687,13.009536],[14.688921,13.007181],[14.687155,13.004238],[14.681268,13.001883],[14.678618,12.995407],[14.680973,12.98952],[14.683917,12.983338],[14.681268,12.977745],[14.667138,12.974507],[14.652714,12.973918],[14.644767,12.972446],[14.637113,12.973035],[14.619451,12.990108],[14.609443,12.993935],[14.598846,12.99629],[14.588249,12.991286],[14.58089,12.981866],[14.578535,12.974213],[14.57147,12.971563],[14.564994,12.977156],[14.560578,12.984515],[14.550864,12.985987],[14.540856,12.983632],[14.509065,12.978039],[14.495524,12.970092],[14.485516,12.957434],[14.47904,12.95243],[14.476685,12.944188],[14.473447,12.937123],[14.469031,12.939183],[14.465204,12.951547],[14.461966,12.957434],[14.456373,12.951252],[14.452547,12.943599],[14.452252,12.933002],[14.450486,12.929764],[14.44872,12.926526],[14.441361,12.933296],[14.43253,12.93624],[14.423405,12.930941],[14.415457,12.923288],[14.406037,12.915929],[14.398384,12.907098],[14.410158,12.89444],[14.406626,12.882077],[14.400444,12.882077],[14.394557,12.883254],[14.387492,12.882371],[14.37248,12.872951],[14.362766,12.874129],[14.35364,12.878839],[14.343043,12.879133],[14.318611,12.870302],[14.313313,12.875012],[14.310369,12.88502],[14.30036,12.88767],[14.268864,12.888258],[14.275928,12.898561],[14.287997,12.904154],[14.273279,12.9383],[14.28417,12.941244],[14.29359,12.946837],[14.285937,12.961849],[14.271807,12.973918],[14.270335,12.9801],[14.270924,12.98481],[14.260621,12.993935],[14.247375,12.999234],[14.251202,13.004532],[14.257678,13.009831],[14.263271,13.011597],[14.282993,13.013069],[14.293884,13.019545],[14.294179,13.027198],[14.29153,13.034852],[14.290352,13.042211],[14.285348,13.048687],[14.278578,13.052808],[14.273868,13.058106],[14.285054,13.061639],[14.324793,13.057223],[14.32126,13.069881],[14.305953,13.099023],[14.302421,13.109031],[14.296534,13.118157],[14.284759,13.125221],[14.278872,13.136113],[14.306837,13.126693],[14.345987,13.08872],[14.350697,13.081656],[14.362766,13.06782],[14.380722,13.063699],[14.376306,13.073413],[14.373068,13.083422],[14.371302,13.102555],[14.359528,13.112269],[14.344809,13.118745],[14.303304,13.165549],[14.30036,13.172614],[14.308897,13.171731],[14.318022,13.16761],[14.327148,13.162311],[14.337156,13.159073],[14.346576,13.15819],[14.35629,13.158779],[14.363649,13.1629],[14.366887,13.170259],[14.364238,13.180268],[14.373952,13.193808],[14.437534,13.223539],[14.446954,13.222067],[14.457257,13.216474],[14.469031,13.214414],[14.462555,13.222362],[14.464321,13.230604],[14.513186,13.251209],[14.536735,13.253564],[14.544388,13.248854],[14.55057,13.242084],[14.570587,13.22766],[14.598551,13.199107],[14.607677,13.192925],[14.612092,13.197341],[14.614153,13.202639],[14.611209,13.20941],[14.609737,13.217357],[14.631814,13.212353],[14.651243,13.215886],[14.667433,13.205583],[14.673614,13.18851],[14.667727,13.180562],[14.666844,13.17703],[14.670965,13.164372],[14.67538,13.157307],[14.692748,13.148771],[14.702756,13.134935],[14.718652,13.127871],[14.719535,13.121983],[14.719829,13.116391],[14.71718,13.109326],[14.718652,13.098729],[14.724245,13.089015],[14.733664,13.080772],[14.745145,13.075768]]]}},{"type":"Feature","properties":{"name":"Tana","minZoom":1.7,"rank":1},"geometry":{"type":"Polygon","coordinates":[[[37.29638,11.786159],[37.292259,11.798817],[37.284606,11.808236],[37.272243,11.816479],[37.258996,11.821777],[37.224556,11.830314],[37.209837,11.830314],[37.194825,11.824426],[37.181873,11.816184],[37.167449,11.810003],[37.14861,11.810297],[37.132125,11.816479],[37.123,11.825898],[37.119762,11.839439],[37.120645,11.858278],[37.101806,11.85033],[37.095035,11.835318],[37.092386,11.818539],[37.086499,11.803527],[37.072369,11.826781],[37.06972,11.830314],[37.066188,11.83208],[37.044405,11.840028],[37.039401,11.841205],[37.035574,11.861516],[37.026154,11.879767],[37.010847,11.889775],[36.991419,11.88536],[36.987298,11.905377],[36.993185,11.92245],[37.000839,11.935402],[37.001428,11.943644],[36.999367,11.955124],[37.015263,12.170893],[37.024388,12.18826],[37.068248,12.242129],[37.0812,12.252137],[37.096802,12.255964],[37.110048,12.261851],[37.123,12.273332],[37.137424,12.28128],[37.15538,12.27657],[37.167449,12.258908],[37.170393,12.238597],[37.175986,12.220052],[37.196297,12.207688],[37.212192,12.220641],[37.226616,12.219463],[37.239863,12.212104],[37.251048,12.207688],[37.268122,12.20916],[37.275775,12.215636],[37.294909,12.264795],[37.301679,12.274509],[37.312865,12.282751],[37.3267,12.289227],[37.337591,12.290994],[37.347894,12.285106],[37.360846,12.268916],[37.378214,12.285106],[37.394698,12.29011],[37.429139,12.289522],[37.446212,12.295409],[37.461813,12.30424],[37.478592,12.309244],[37.498609,12.303946],[37.505085,12.295703],[37.525101,12.255964],[37.534227,12.244778],[37.538348,12.236831],[37.546296,12.207688],[37.559836,12.180313],[37.591922,12.138219],[37.601047,12.11202],[37.601342,12.093181],[37.598104,12.075813],[37.580442,12.015763],[37.574849,12.006343],[37.568962,11.999573],[37.566607,11.99192],[37.573671,11.981028],[37.560719,11.96837],[37.548945,11.934813],[37.538937,11.920095],[37.52569,11.913913],[37.500375,11.912736],[37.49125,11.905965],[37.49331,11.898017],[37.508028,11.868581],[37.511561,11.858278],[37.505673,11.838262],[37.490072,11.829725],[37.471233,11.823543],[37.456809,11.810297],[37.454748,11.80176],[37.453277,11.779977],[37.450333,11.76938],[37.444151,11.761727],[37.42855,11.74642],[37.429139,11.734645],[37.429139,11.721693],[37.424134,11.712274],[37.411771,11.695495],[37.409122,11.690491],[37.408533,11.668708],[37.406178,11.661937],[37.401763,11.652812],[37.38675,11.631912],[37.369971,11.624259],[37.350543,11.625731],[37.3267,11.632207],[37.315514,11.648397],[37.302856,11.656344],[37.293731,11.663998],[37.292554,11.680188],[37.29903,11.697555],[37.307861,11.697555],[37.319047,11.692257],[37.33347,11.693729],[37.344067,11.70462],[37.336708,11.712274],[37.312865,11.721693],[37.305211,11.731113],[37.301973,11.740238],[37.29638,11.786159]]]}},{"type":"Feature","properties":{"name":"","minZoom":3.0,"rank":3},"geometry":{"type":"Polygon","coordinates":[[[35.324435,-14.592105],[35.326201,-14.628017],[35.320903,-14.63832],[35.298237,-14.668051],[35.296176,-14.669522],[35.28764,-14.672761],[35.284402,-14.675115],[35.283519,-14.679531],[35.285285,-14.691305],[35.284402,-14.696015],[35.280869,-14.701608],[35.276748,-14.705435],[35.273216,-14.711322],[35.271155,-14.722802],[35.271155,-14.732222],[35.275865,-14.74694],[35.277926,-14.757537],[35.216404,-14.714266],[35.190794,-14.685418],[35.20198,-14.65451],[35.191383,-14.609472],[35.193443,-14.557958],[35.213754,-14.517042],[35.25732,-14.504384],[35.30383,-14.559136],[35.324435,-14.592105]]]}},{"type":"Feature","properties":{"name":"Hongze Lake","minZoom":3.0,"rank":3},"geometry":{"type":"Polygon","coordinates":[[[118.652149,33.190552],[118.614176,33.172596],[118.603579,33.177895],[118.593276,33.185548],[118.578558,33.183782],[118.573848,33.1776],[118.558247,33.152874],[118.55913,33.142571],[118.564429,33.127558],[118.565312,33.118727],[118.562662,33.10813],[118.556775,33.101949],[118.549416,33.09665],[118.544412,33.087525],[118.545001,33.078399],[118.548827,33.069274],[118.550299,33.058971],[118.544412,33.046608],[118.52469,33.056617],[118.513798,33.044842],[118.499963,33.009224],[118.481124,32.98538],[118.469643,32.979493],[118.426078,32.975666],[118.409593,32.970957],[118.333647,32.937988],[118.319223,32.93681],[118.323344,32.953],[118.315397,32.955944],[118.294791,32.950351],[118.291259,32.947113],[118.290376,32.940048],[118.288315,32.932984],[118.280956,32.93004],[118.27448,32.931806],[118.270065,32.93475],[118.266238,32.936516],[118.260645,32.933278],[118.255935,32.922386],[118.253286,32.89089],[118.250048,32.882059],[118.237979,32.879409],[118.229442,32.887063],[118.224732,32.899132],[118.222966,32.909434],[118.206188,32.900898],[118.190881,32.871167],[118.174691,32.861747],[118.173513,32.877643],[118.168803,32.887652],[118.16321,32.895894],[118.160855,32.906196],[118.167626,32.917971],[118.180872,32.92533],[118.191175,32.934161],[118.18882,32.950351],[118.200006,32.949468],[118.210603,32.950057],[118.220611,32.952706],[118.229148,32.95771],[118.204716,32.971545],[118.150847,33.022765],[118.134951,33.029535],[118.129064,33.017172],[118.126709,32.985086],[118.116112,32.97184],[118.104926,32.968602],[118.093446,32.967424],[118.081966,32.960948],[118.05459,32.926508],[118.041638,32.917382],[118.014851,32.904725],[118.003076,32.895894],[117.992774,32.871756],[117.985709,32.860276],[117.982765,32.864985],[117.98041,32.877054],[117.976584,32.886768],[117.9757,32.895305],[117.982765,32.903253],[117.975406,32.895894],[117.990419,32.91856],[118.051058,32.970957],[118.069603,32.993623],[118.083732,33.017172],[118.100216,33.0366],[118.126709,33.046608],[118.17263,33.034245],[118.242689,32.972428],[118.291259,32.970957],[118.291259,32.977727],[118.255052,32.988618],[118.230914,33.026297],[118.21649,33.073984],[118.205304,33.139922],[118.198534,33.15464],[118.18411,33.16141],[118.157617,33.163176],[118.135246,33.16141],[118.11729,33.156112],[118.085204,33.142276],[118.062243,33.1358],[118.042521,33.134329],[117.923598,33.140805],[117.907408,33.136095],[117.902992,33.121082],[117.907408,33.050435],[117.896811,33.038072],[117.871496,33.028063],[117.84412,33.021293],[117.826163,33.019232],[117.807324,33.023648],[117.78613,33.033656],[117.767585,33.046608],[117.757282,33.060149],[117.837644,33.045431],[117.877088,33.050435],[117.893867,33.087525],[117.89004,33.104598],[117.882093,33.125792],[117.877972,33.147575],[117.884153,33.166709],[117.902109,33.184076],[117.92036,33.193201],[117.940671,33.196734],[117.965692,33.197323],[117.988358,33.195262],[118.031041,33.185254],[118.051058,33.183782],[118.071369,33.190847],[118.100216,33.218222],[118.116406,33.22411],[118.154379,33.227936],[118.173219,33.226759],[118.195002,33.217928],[118.210603,33.206154],[118.21914,33.194379],[118.236507,33.163176],[118.228559,33.11755],[118.237685,33.064859],[118.260056,33.018349],[118.291259,32.991268],[118.315691,32.983909],[118.343067,32.979493],[118.369854,32.979199],[118.394286,32.985086],[118.415186,33.000099],[118.43903,33.039838],[118.456397,33.060149],[118.43432,33.044548],[118.403117,33.031301],[118.368971,33.025708],[118.338946,33.032479],[118.356902,33.045431],[118.382806,33.058971],[118.410182,33.069569],[118.456986,33.081343],[118.472293,33.095767],[118.469643,33.10607],[118.442562,33.10136],[118.485245,33.137567],[118.490543,33.149636],[118.48289,33.16612],[118.467583,33.171713],[118.43167,33.170241],[118.427255,33.167886],[118.421073,33.162882],[118.413714,33.158172],[118.404883,33.155817],[118.393697,33.1567],[118.313925,33.178778],[118.287138,33.195262],[118.248576,33.201149],[118.23268,33.20792],[118.222378,33.224404],[118.223555,33.242655],[118.228265,33.2612],[118.229148,33.280039],[118.225321,33.288281],[118.213252,33.304765],[118.209131,33.313596],[118.207954,33.322722],[118.209131,33.352158],[118.205599,33.372469],[118.199123,33.389248],[118.197945,33.405144],[118.209131,33.423394],[118.210014,33.394547],[118.231208,33.348331],[118.241511,33.291225],[118.255052,33.269147],[118.276541,33.253252],[118.3048,33.238534],[118.320401,33.265615],[118.330704,33.275918],[118.36014,33.285337],[118.380451,33.308298],[118.397819,33.313596],[118.409004,33.327432],[118.396641,33.389542],[118.411654,33.403377],[118.426078,33.401317],[118.436086,33.396901],[118.445506,33.394252],[118.456397,33.396607],[118.4667,33.407793],[118.470527,33.422217],[118.472293,33.435758],[118.476708,33.444588],[118.488777,33.445766],[118.494664,33.433991],[118.496725,33.403377],[118.492604,33.390425],[118.487305,33.380123],[118.489955,33.373058],[118.510266,33.368937],[118.518214,33.385127],[118.537347,33.391603],[118.556775,33.387776],[118.575026,33.357751],[118.595926,33.350981],[118.618886,33.353924],[118.633899,33.368937],[118.615354,33.370409],[118.603873,33.380417],[118.595337,33.393369],[118.585917,33.403377],[118.579736,33.406027],[118.542057,33.412503],[118.539996,33.419273],[118.542351,33.427515],[118.54088,33.433991],[118.518214,33.458129],[118.496725,33.48786],[118.479652,33.520829],[118.469938,33.553798],[118.461696,33.618852],[118.46199,33.630332],[118.469055,33.639457],[118.548239,33.650055],[118.558541,33.652704],[118.562074,33.657414],[118.564723,33.658297],[118.572377,33.650055],[118.575026,33.64299],[118.575026,33.62886],[118.578558,33.622679],[118.56384,33.606783],[118.558247,33.602073],[118.576792,33.603545],[118.583268,33.596186],[118.582385,33.583234],[118.578558,33.567338],[118.606817,33.577935],[118.615648,33.563217],[118.612999,33.537019],[118.606523,33.512881],[118.622124,33.507877],[118.619475,33.49463],[118.610055,33.474908],[118.606523,33.451359],[118.613293,33.451359],[118.618003,33.474025],[118.633016,33.477557],[118.668045,33.4649],[118.781669,33.44606],[118.793738,33.43929],[118.811989,33.409853],[118.819937,33.399551],[118.82759,33.393369],[118.845841,33.382478],[118.867035,33.373352],[118.876749,33.367465],[118.88087,33.358928],[118.874983,33.345976],[118.861442,33.328609],[118.846135,33.313302],[118.836127,33.306826],[118.830828,33.296523],[118.821114,33.249131],[118.815816,33.235001],[118.78844,33.214984],[118.784613,33.20792],[118.78373,33.199383],[118.778137,33.174362],[118.774605,33.166709],[118.75812,33.148458],[118.744285,33.129619],[118.738104,33.109602],[118.743696,33.087525],[118.72368,33.083992],[118.701014,33.084581],[118.685707,33.079871],[118.688356,33.060149],[118.668045,33.076633],[118.660686,33.105775],[118.669222,33.132562],[118.695715,33.142276],[118.695715,33.149636],[118.668634,33.180838],[118.652149,33.190552]]]}},{"type":"Feature","properties":{"name":"Mweru","minZoom":3.0,"rank":3},"geometry":{"type":"Polygon","coordinates":[[[29.143377,-8.64124],[29.149265,-8.657724],[29.14691,-8.67568],[29.086271,-8.826689],[29.046237,-8.894393],[29.023571,-8.960625],[29.007675,-8.988295],[28.99649,-8.99742],[28.953512,-9.023619],[28.935262,-9.029211],[28.91966,-9.036865],[28.910535,-9.05541],[28.902587,-9.077782],[28.890813,-9.097504],[28.849013,-9.131945],[28.830174,-9.15255],[28.816044,-9.194644],[28.802209,-9.208185],[28.774245,-9.227907],[28.765414,-9.240859],[28.754522,-9.265291],[28.746869,-9.275594],[28.727441,-9.292667],[28.718315,-9.303559],[28.712723,-9.316511],[28.712428,-9.332701],[28.723908,-9.347419],[28.727146,-9.364492],[28.714194,-9.397755],[28.714194,-9.413651],[28.732739,-9.419538],[28.720376,-9.445442],[28.70242,-9.437789],[28.665036,-9.399227],[28.654733,-9.405409],[28.647374,-9.405998],[28.640898,-9.402171],[28.634422,-9.395695],[28.625002,-9.390985],[28.616171,-9.392751],[28.607635,-9.396872],[28.580259,-9.403643],[28.541403,-9.422188],[28.521091,-9.426309],[28.526684,-9.410413],[28.524329,-9.391868],[28.515499,-9.378327],[28.500486,-9.378033],[28.500486,-9.364492],[28.483118,-9.38657],[28.48253,-9.444559],[28.458981,-9.46752],[28.480764,-9.473407],[28.506962,-9.473701],[28.526096,-9.481355],[28.527862,-9.509025],[28.503724,-9.503432],[28.454565,-9.523743],[28.424834,-9.529336],[28.397164,-9.527864],[28.384212,-9.524921],[28.373321,-9.519033],[28.357425,-9.514618],[28.330049,-9.528453],[28.315037,-9.521977],[28.329166,-9.509025],[28.322396,-9.495779],[28.325928,-9.487536],[28.346239,-9.470758],[28.352126,-9.457806],[28.352421,-9.443382],[28.348888,-9.423071],[28.340058,-9.39805],[28.323868,-9.37921],[28.315037,-9.361254],[28.329166,-9.337705],[28.318863,-9.316805],[28.326222,-9.285014],[28.315037,-9.275594],[28.327989,-9.258521],[28.339469,-9.232911],[28.345062,-9.207302],[28.339469,-9.18964],[28.325634,-9.170801],[28.320924,-9.148723],[28.322984,-9.125469],[28.329166,-9.103686],[28.341824,-9.082491],[28.401285,-9.039514],[28.423068,-9.012433],[28.428367,-9.008606],[28.46634,-8.988295],[28.486945,-8.964451],[28.520797,-8.906167],[28.541403,-8.878497],[28.613816,-8.813148],[28.665919,-8.747799],[28.757172,-8.655369],[28.86903,-8.494941],[28.890813,-8.481105],[28.909063,-8.483166],[28.9385,-8.508187],[28.956162,-8.514663],[28.979711,-8.519667],[29.001199,-8.531736],[29.041822,-8.56235],[29.106582,-8.602089],[29.127187,-8.621223],[29.143377,-8.64124]]]}},{"type":"Feature","properties":{"name":"Tonlé Sap","minZoom":3.0,"rank":3},"geometry":{"type":"Polygon","coordinates":[[[104.613041,12.416098],[104.6204,12.379008],[104.609803,12.384013],[104.608331,12.390194],[104.609509,12.397553],[104.606271,12.406384],[104.595968,12.418453],[104.591258,12.422869],[104.585076,12.427284],[104.545631,12.448773],[104.534151,12.457604],[104.515606,12.477032],[104.507364,12.488512],[104.503832,12.498815],[104.496178,12.510884],[104.478516,12.515299],[104.457911,12.517654],[104.441721,12.522952],[104.435834,12.517948],[104.407575,12.509412],[104.399627,12.513533],[104.353412,12.525602],[104.318971,12.543558],[104.298071,12.557982],[104.288063,12.562692],[104.262159,12.566224],[104.223008,12.575938],[104.212411,12.580648],[104.195927,12.597427],[104.158248,12.654239],[104.150595,12.660126],[104.148534,12.66307],[104.149712,12.669546],[104.152361,12.677494],[104.153833,12.68397],[104.151184,12.692801],[104.145002,12.693095],[104.138232,12.691034],[104.133227,12.693684],[104.129989,12.705753],[104.131461,12.715761],[104.139998,12.741959],[104.119687,12.748141],[104.117037,12.760504],[104.127046,12.7973],[104.11115,12.789352],[104.102908,12.796711],[104.092311,12.824676],[104.07877,12.80407],[104.064641,12.7973],[104.047273,12.793767],[104.02343,12.78317],[104.013421,12.796122],[104.011066,12.802304],[104.009889,12.810841],[103.98634,12.801715],[103.971916,12.811724],[103.955726,12.844987],[103.940713,12.834095],[103.923934,12.844104],[103.909511,12.862943],[103.900385,12.878544],[103.900385,12.872363],[103.889199,12.873246],[103.877719,12.881194],[103.867417,12.893263],[103.859469,12.906509],[103.858586,12.903271],[103.858586,12.900916],[103.857114,12.899739],[103.852698,12.900327],[103.859469,12.892968],[103.856525,12.88767],[103.85417,12.882077],[103.852993,12.875012],[103.852698,12.865004],[103.841218,12.877073],[103.844751,12.888553],[103.850638,12.900327],[103.845928,12.913279],[103.832682,12.919755],[103.820907,12.918283],[103.810016,12.919167],[103.798535,12.933885],[103.788233,12.981277],[103.777341,12.999528],[103.749671,13.009536],[103.753792,13.017779],[103.759974,13.02396],[103.767921,13.027787],[103.777635,13.029553],[103.777635,13.036912],[103.747905,13.055163],[103.727005,13.078418],[103.714347,13.109915],[103.705222,13.17438],[103.691387,13.214414],[103.688738,13.228543],[103.693742,13.245616],[103.704633,13.260923],[103.719646,13.268282],[103.782345,13.245616],[103.805306,13.242673],[103.825911,13.249149],[103.829149,13.242378],[103.839746,13.228543],[103.851521,13.234136],[103.863884,13.233253],[103.875953,13.228249],[103.887433,13.221184],[103.902446,13.224717],[103.985457,13.197929],[103.998997,13.189687],[104.011361,13.179679],[104.073766,13.108737],[104.127046,12.961849],[104.133227,12.961849],[104.169434,12.902388],[104.173261,12.87825],[104.208879,12.824676],[104.219182,12.781699],[104.225952,12.763742],[104.239493,12.745492],[104.256272,12.736955],[104.27776,12.735778],[104.391385,12.756678],[104.424353,12.751968],[104.45585,12.729007],[104.466153,12.71635],[104.472335,12.703398],[104.475573,12.686913],[104.476456,12.663364],[104.47204,12.645114],[104.452907,12.616266],[104.44908,12.605374],[104.456439,12.594777],[104.470274,12.587418],[104.484109,12.577704],[104.490291,12.560631],[104.483521,12.5518],[104.468802,12.550034],[104.452318,12.552683],[104.441721,12.557099],[104.444076,12.547973],[104.44702,12.541497],[104.45585,12.529723],[104.462621,12.529723],[104.469391,12.536199],[104.481166,12.542675],[104.492057,12.543558],[104.497061,12.53355],[104.500299,12.529134],[104.507659,12.540909],[104.517373,12.564458],[104.525026,12.564458],[104.519433,12.536788],[104.521199,12.526779],[104.548575,12.519126],[104.56506,12.51],[104.579189,12.499698],[104.585076,12.492044],[104.588903,12.480564],[104.594496,12.471144],[104.593907,12.46614],[104.578895,12.468201],[104.565648,12.473794],[104.540627,12.489689],[104.525026,12.495577],[104.533563,12.480858],[104.548869,12.462608],[104.566826,12.447007],[104.582133,12.440531],[104.60421,12.433171],[104.613041,12.416098]]]}},{"type":"Feature","properties":{"name":"Bangweulu","minZoom":4.0,"rank":4},"geometry":{"type":"Polygon","coordinates":[[[30.040893,-10.984967],[30.042365,-10.999391],[30.038833,-11.00675],[30.021171,-11.026766],[30.014989,-11.037069],[30.000566,-11.095353],[29.988202,-11.123023],[29.966714,-11.139508],[29.979666,-11.097708],[29.982609,-11.079163],[29.976722,-11.071215],[29.959355,-11.076514],[29.934922,-11.089466],[29.911373,-11.107128],[29.898127,-11.125967],[29.899599,-11.145984],[29.911668,-11.159819],[29.925797,-11.171299],[29.932273,-11.184251],[29.935805,-11.199853],[29.950229,-11.231055],[29.952879,-11.249306],[29.947874,-11.276387],[29.936394,-11.290811],[29.901659,-11.314066],[29.895183,-11.322308],[29.889885,-11.333494],[29.886058,-11.344974],[29.884586,-11.354982],[29.879582,-11.361458],[29.85044,-11.37235],[29.823653,-11.419448],[29.812761,-11.426807],[29.787152,-11.421509],[29.770078,-11.411206],[29.7533,-11.405319],[29.72769,-11.413267],[29.723275,-11.417093],[29.713855,-11.428868],[29.707085,-11.434461],[29.698842,-11.429162],[29.692955,-11.427396],[29.687068,-11.429162],[29.67912,-11.434461],[29.654393,-11.422097],[29.604351,-11.409145],[29.583452,-11.399726],[29.565495,-11.384124],[29.553426,-11.36558],[29.547539,-11.34203],[29.548717,-11.310828],[29.598759,-11.190727],[29.620836,-11.156581],[29.66499,-11.10595],[29.683535,-11.077691],[29.699431,-11.043251],[29.687951,-11.061501],[29.641441,-11.108894],[29.626134,-11.127733],[29.589633,-11.201619],[29.566378,-11.234882],[29.56314,-11.246068],[29.558725,-11.254899],[29.547539,-11.255193],[29.502796,-11.24283],[29.492787,-11.226051],[29.479835,-11.181013],[29.489844,-11.169239],[29.501913,-11.163351],[29.513393,-11.164529],[29.521635,-11.173654],[29.522518,-11.191316],[29.510744,-11.220752],[29.513982,-11.235765],[29.529583,-11.212805],[29.539003,-11.188078],[29.552249,-11.168061],[29.579919,-11.160113],[29.592283,-11.150399],[29.631433,-11.095059],[29.63526,-11.075042],[29.644679,-11.055614],[29.666168,-11.023528],[29.678826,-11.009693],[29.694721,-10.997036],[29.709734,-10.982023],[29.720331,-10.961418],[29.705318,-10.950232],[29.721508,-10.930804],[29.740348,-10.923445],[29.733872,-10.947877],[29.741231,-10.947877],[29.754772,-10.919912],[29.761836,-10.919912],[29.754772,-10.939046],[29.7324,-10.976725],[29.72769,-10.995564],[29.733872,-10.995564],[29.760659,-10.943167],[29.777732,-10.916674],[29.795688,-10.906077],[29.795688,-10.913731],[29.773022,-10.939635],[29.720625,-11.025],[29.713266,-11.050904],[29.723275,-11.036775],[29.761836,-10.995564],[29.783914,-10.936691],[29.79245,-10.927271],[29.802459,-10.920501],[29.817471,-10.905194],[29.831012,-10.887827],[29.836899,-10.875463],[29.842492,-10.872225],[29.880759,-10.871931],[29.891651,-10.867515],[29.910785,-10.848382],[29.925503,-10.844849],[29.926975,-10.858685],[29.938749,-10.873108],[29.966714,-10.893125],[29.990852,-10.927271],[29.998211,-10.929038],[30.007042,-10.933453],[30.015284,-10.939929],[30.021171,-10.947877],[30.016756,-10.951409],[30.01234,-10.957885],[30.00763,-10.961418],[30.014989,-10.981729],[30.028236,-10.97437],[30.036772,-10.976136],[30.040893,-10.984967]]]}},{"type":"Feature","properties":{"name":"Kivu","minZoom":4.0,"rank":4},"geometry":{"type":"Polygon","coordinates":[[[29.325883,-2.056608],[29.31558,-2.059552],[29.319996,-2.069266],[29.322351,-2.080158],[29.321173,-2.091049],[29.31558,-2.101057],[29.304394,-2.079274],[29.297035,-2.072504],[29.288204,-2.073093],[29.281434,-2.082807],[29.277313,-2.098408],[29.274664,-2.12755],[29.268188,-2.12755],[29.263183,-2.118425],[29.263478,-2.107239],[29.268188,-2.079863],[29.254353,-2.087222],[29.248465,-2.099586],[29.247877,-2.131671],[29.252586,-2.13697],[29.262595,-2.142857],[29.272014,-2.152571],[29.274664,-2.16935],[29.252292,-2.148156],[29.224327,-2.149627],[29.206077,-2.168172],[29.21373,-2.197314],[29.193714,-2.194665],[29.183116,-2.205851],[29.180761,-2.22469],[29.185766,-2.245001],[29.193125,-2.242352],[29.199895,-2.237642],[29.196363,-2.252066],[29.185177,-2.256482],[29.171047,-2.253244],[29.15839,-2.245001],[29.116884,-2.32654],[29.118945,-2.314766],[29.12336,-2.298281],[29.124244,-2.285918],[29.116884,-2.285918],[29.113646,-2.297987],[29.108937,-2.306524],[29.096279,-2.320947],[29.097456,-2.315943],[29.093041,-2.313],[29.086859,-2.312116],[29.082738,-2.313294],[29.080972,-2.318298],[29.081561,-2.331839],[29.0795,-2.337726],[29.070081,-2.353327],[29.065076,-2.370106],[29.057717,-2.385119],[29.041822,-2.395421],[29.053302,-2.375699],[29.062133,-2.354799],[29.052713,-2.340375],[29.051536,-2.31506],[29.04712,-2.292394],[29.027986,-2.285918],[29.019744,-2.290922],[29.014151,-2.300342],[29.000611,-2.34744],[28.99649,-2.353622],[28.993546,-2.355977],[28.990602,-2.357154],[28.986481,-2.361275],[28.967642,-2.37511],[28.924076,-2.391889],[28.904648,-2.408962],[28.893756,-2.435455],[28.88728,-2.461948],[28.874034,-2.477549],[28.842537,-2.470484],[28.842537,-2.462831],[28.83665,-2.447524],[28.834884,-2.428979],[28.836355,-2.391889],[28.841654,-2.373344],[28.855489,-2.360392],[28.94998,-2.311822],[28.959694,-2.31035],[28.962343,-2.292983],[28.972352,-2.264135],[28.97294,-2.245001],[28.933496,-2.290628],[28.911418,-2.311233],[28.884042,-2.32654],[28.919072,-2.278853],[28.925842,-2.252655],[28.912007,-2.224102],[28.90347,-2.227928],[28.897289,-2.23411],[28.892873,-2.242058],[28.890813,-2.252066],[28.887575,-2.249711],[28.879921,-2.247356],[28.876683,-2.245001],[28.873445,-2.250594],[28.870502,-2.253538],[28.867558,-2.255599],[28.863437,-2.258837],[28.863731,-2.240292],[28.865792,-2.232049],[28.870502,-2.224102],[28.85961,-2.217626],[28.858138,-2.207028],[28.864614,-2.194665],[28.876683,-2.182891],[28.871679,-2.179947],[28.86903,-2.176415],[28.866969,-2.172882],[28.863437,-2.16935],[28.889047,-2.16464],[28.897878,-2.149922],[28.888164,-2.138147],[28.856667,-2.141974],[28.883454,-2.114598],[28.931435,-2.08575],[28.967053,-2.05337],[28.956162,-2.015103],[28.952041,-2.006861],[28.950863,-1.996264],[28.949097,-1.987433],[28.942327,-1.9839],[28.925253,-1.980662],[28.919955,-1.983312],[28.918189,-1.994498],[28.907297,-2.006861],[28.904942,-2.014809],[28.914951,-2.018635],[28.916717,-2.02364],[28.910535,-2.034825],[28.900232,-2.046894],[28.890813,-2.05337],[28.891107,-2.028938],[28.889047,-2.01893],[28.884042,-2.011571],[28.89464,-2.00009],[28.90141,-1.988905],[28.912007,-1.963295],[28.928197,-1.96771],[28.946448,-1.943867],[28.99384,-1.83348],[29.004143,-1.822],[29.015329,-1.813169],[29.02416,-1.802867],[29.027986,-1.785793],[29.014446,-1.792564],[29.014446,-1.751647],[29.031519,-1.754296],[29.047709,-1.739578],[29.092747,-1.670991],[29.096279,-1.66216],[29.097456,-1.649503],[29.094513,-1.638906],[29.082738,-1.614473],[29.078617,-1.621538],[29.028281,-1.67835],[29.020627,-1.690125],[29.014446,-1.690125],[29.017389,-1.663927],[29.027986,-1.629486],[29.042705,-1.599167],[29.059189,-1.586509],[29.076557,-1.589158],[29.087742,-1.595634],[29.10717,-1.617711],[29.119828,-1.625071],[29.150148,-1.631841],[29.161333,-1.638317],[29.173108,-1.65068],[29.194597,-1.668636],[29.206077,-1.675996],[29.246405,-1.691008],[29.254647,-1.696601],[29.256119,-1.702783],[29.253764,-1.70867],[29.249643,-1.714557],[29.247877,-1.720739],[29.250526,-1.723388],[29.263772,-1.726921],[29.268188,-1.730453],[29.272014,-1.74105],[29.273192,-1.754296],[29.270543,-1.767543],[29.261417,-1.779023],[29.277019,-1.79904],[29.279668,-1.848493],[29.288204,-1.867627],[29.275841,-1.887349],[29.284966,-1.907954],[29.309104,-1.932681],[29.311754,-1.925616],[29.316758,-1.93327],[29.321468,-1.945044],[29.322351,-1.949754],[29.331476,-1.971243],[29.337658,-1.976836],[29.349726,-1.970065],[29.346488,-1.988905],[29.352081,-2.005683],[29.359735,-2.02099],[29.363856,-2.035709],[29.361207,-2.05131],[29.355614,-2.05131],[29.350315,-2.044245],[29.349726,-2.038947],[29.340012,-2.044834],[29.333242,-2.05131],[29.325883,-2.056608]],[[29.116884,-1.943278],[29.115118,-1.927971],[29.106876,-1.918846],[29.096868,-1.918552],[29.090097,-1.929149],[29.085682,-1.925616],[29.081855,-1.92385],[29.078617,-1.921201],[29.075968,-1.915608],[29.050947,-1.95152],[29.044177,-1.971537],[29.041822,-1.99803],[29.057423,-1.99126],[29.061838,-2.000385],[29.055951,-2.032176],[29.050358,-2.049249],[29.027986,-2.087517],[29.028575,-2.089577],[29.022394,-2.114304],[29.020627,-2.11813],[29.01945,-2.134321],[29.017389,-2.14168],[29.014446,-2.148744],[29.006204,-2.160519],[28.995606,-2.172588],[28.985598,-2.186129],[28.9803,-2.203496],[28.986776,-2.201141],[29.000905,-2.199081],[29.007675,-2.197314],[29.004437,-2.205851],[29.004143,-2.211738],[29.007381,-2.216742],[29.014446,-2.224102],[29.017684,-2.220864],[29.019744,-2.220275],[29.022688,-2.219686],[29.027986,-2.217331],[29.020039,-2.225279],[29.015329,-2.234699],[29.013857,-2.24559],[29.014446,-2.258837],[29.036229,-2.262075],[29.068609,-2.245885],[29.093924,-2.220275],[29.093335,-2.193488],[29.089509,-2.17406],[29.109525,-2.134026],[29.10717,-2.11813],[29.09834,-2.105178],[29.093924,-2.092521],[29.088037,-2.081629],[29.075968,-2.073093],[29.075968,-2.066911],[29.084799,-2.066322],[29.08892,-2.063967],[29.090097,-2.058963],[29.090097,-2.049544],[29.093041,-2.045423],[29.108054,-2.038947],[29.113646,-2.035709],[29.115118,-2.026878],[29.106287,-2.00009],[29.102166,-1.978896],[29.098928,-1.973009],[29.095985,-1.967122],[29.096279,-1.957113],[29.099517,-1.955641],[29.116884,-1.943278]]]}},{"type":"Feature","properties":{"name":"Edward","minZoom":4.0,"rank":4},"geometry":{"type":"Polygon","coordinates":[[[29.452165,-0.606865],[29.437741,-0.609514],[29.438919,-0.620111],[29.42685,-0.636596],[29.410954,-0.66721],[29.398002,-0.681634],[29.396825,-0.678101],[29.391821,-0.66927],[29.380635,-0.683105],[29.377397,-0.689581],[29.370038,-0.689581],[29.369449,-0.678396],[29.370332,-0.667504],[29.373276,-0.657201],[29.377397,-0.648076],[29.377691,-0.623349],[29.375631,-0.609809],[29.370038,-0.599506],[29.355614,-0.593324],[29.318524,-0.593913],[29.309104,-0.592736],[29.311165,-0.566537],[29.334125,-0.538867],[29.344428,-0.514435],[29.309104,-0.497362],[29.319701,-0.48176],[29.330593,-0.475873],[29.342662,-0.472046],[29.356791,-0.463804],[29.366211,-0.452618],[29.380046,-0.429952],[29.391821,-0.422004],[29.384461,-0.397572],[29.392409,-0.375789],[29.428616,-0.335756],[29.43833,-0.319271],[29.446572,-0.257455],[29.463645,-0.215949],[29.493376,-0.181215],[29.531938,-0.155016],[29.639086,-0.12293],[29.655276,-0.120576],[29.674704,-0.1141],[29.685596,-0.099676],[29.694427,-0.08378],[29.707085,-0.072594],[29.7324,-0.069356],[29.754477,-0.077598],[29.76949,-0.094377],[29.775377,-0.117043],[29.780676,-0.126168],[29.79245,-0.127346],[29.804225,-0.127052],[29.809523,-0.130878],[29.809818,-0.142947],[29.811289,-0.151778],[29.815116,-0.157665],[29.823064,-0.162081],[29.83631,-0.163553],[29.84573,-0.159432],[29.853972,-0.152956],[29.863686,-0.147657],[29.889296,-0.141181],[29.901659,-0.140298],[29.900776,-0.14854],[29.888118,-0.190929],[29.878993,-0.2551],[29.866924,-0.29425],[29.850146,-0.328985],[29.830129,-0.360188],[29.814822,-0.374317],[29.782147,-0.389624],[29.746529,-0.419944],[29.727396,-0.426125],[29.707379,-0.429069],[29.68589,-0.435839],[29.67235,-0.44732],[29.649095,-0.47705],[29.634671,-0.482938],[29.626134,-0.49118],[29.611122,-0.545637],[29.587867,-0.580372],[29.554898,-0.603038],[29.479835,-0.641306],[29.470416,-0.61599],[29.452165,-0.606865]]]}},{"type":"Feature","properties":{"name":"Tai","minZoom":4.0,"rank":4},"geometry":{"type":"Polygon","coordinates":[[[120.576996,31.172686],[120.601428,31.086437],[120.589654,31.077018],[120.542556,31.056412],[120.520773,31.039634],[120.389192,30.959861],[120.304121,30.93013],[120.213162,30.920416],[120.128385,30.943082],[120.050968,30.994596],[120.025358,31.022266],[119.96207,31.067598],[119.942642,31.086437],[119.93852,31.098506],[119.936754,31.112636],[119.935871,31.138246],[119.93175,31.15002],[119.912911,31.172097],[119.90879,31.186521],[119.905257,31.211542],[119.89937,31.230381],[119.898193,31.248043],[119.90879,31.271298],[119.917032,31.290726],[119.963836,31.354014],[119.984441,31.396992],[119.998571,31.415831],[120.018587,31.429077],[120.009168,31.447622],[120.014466,31.460869],[120.027713,31.468816],[120.042431,31.471466],[120.071573,31.468228],[120.09159,31.468816],[120.100421,31.474409],[120.105425,31.490599],[120.117494,31.496781],[120.133389,31.499725],[120.148991,31.504729],[120.160471,31.515915],[120.169891,31.52975],[120.182548,31.54123],[120.203448,31.54594],[120.200505,31.538875],[120.196089,31.531516],[120.21169,31.535637],[120.229058,31.538286],[120.240538,31.53446],[120.237594,31.518564],[120.278511,31.518564],[120.278511,31.512382],[120.268503,31.506201],[120.263793,31.496487],[120.26291,31.484712],[120.264382,31.471466],[120.257611,31.471466],[120.251724,31.487361],[120.243776,31.502374],[120.23259,31.51356],[120.216695,31.518564],[120.225231,31.499725],[120.224054,31.485595],[120.219344,31.473232],[120.207864,31.428489],[120.208747,31.412887],[120.224054,31.40229],[120.251135,31.406411],[120.285281,31.42319],[120.317367,31.44409],[120.336795,31.460574],[120.34857,31.461457],[120.36947,31.457336],[120.390075,31.450566],[120.402144,31.443501],[120.404499,31.430843],[120.391547,31.402879],[120.38772,31.384628],[120.380067,31.369027],[120.362405,31.364317],[120.342094,31.364023],[120.326492,31.361374],[120.31619,31.350776],[120.295584,31.315453],[120.292346,31.306327],[120.331497,31.330465],[120.34386,31.333409],[120.357401,31.329582],[120.361227,31.321634],[120.35534,31.314275],[120.340033,31.313098],[120.345037,31.299557],[120.336206,31.29102],[120.32973,31.281601],[120.340033,31.265411],[120.351808,31.259229],[120.364465,31.257463],[120.376829,31.254519],[120.38772,31.244217],[120.353868,31.223611],[120.380361,31.217429],[120.446887,31.223317],[120.470436,31.216841],[120.474558,31.192703],[120.427754,31.143838],[120.425693,31.124705],[120.434818,31.109103],[120.421278,31.107337],[120.403027,31.111458],[120.398612,31.114402],[120.384482,31.109987],[120.370058,31.090853],[120.357695,31.086437],[120.351808,31.081728],[120.330908,31.057884],[120.326492,31.049053],[120.331791,31.038456],[120.344154,31.027565],[120.367409,31.011375],[120.37624,31.016379],[120.385071,31.016084],[120.393607,31.011963],[120.402144,31.004604],[120.414802,31.029625],[120.444238,31.069659],[120.449831,31.097035],[120.462489,31.111458],[120.491336,31.116168],[120.523716,31.113519],[120.546088,31.107043],[120.546971,31.127648],[120.552564,31.153847],[120.562867,31.173275],[120.576996,31.172686]]]}},{"type":"Feature","properties":{"name":"Namtso","minZoom":4.0,"rank":4},"geometry":{"type":"Polygon","coordinates":[[[90.384068,30.523319],[90.361107,30.510956],[90.337558,30.50448],[90.325489,30.51125],[90.325489,30.515665],[90.326667,30.518609],[90.33226,30.524202],[90.337558,30.539803],[90.324606,30.552167],[90.306944,30.565119],[90.298113,30.583075],[90.301646,30.591906],[90.315775,30.610451],[90.315186,30.614277],[90.284867,30.623403],[90.277508,30.627818],[90.277802,30.646363],[90.298702,30.695522],[90.304295,30.713478],[90.301057,30.736438],[90.277508,30.792368],[90.271915,30.835639],[90.284867,30.869785],[90.314598,30.887447],[90.359635,30.88156],[90.38083,30.875084],[90.400552,30.874201],[90.417331,30.881266],[90.428222,30.883326],[90.438525,30.878028],[90.479736,30.829163],[90.496809,30.819449],[90.521241,30.813856],[90.582763,30.812679],[90.595127,30.817094],[90.611611,30.835934],[90.623386,30.840055],[90.68167,30.840055],[90.658121,30.865664],[90.67019,30.888036],[90.705513,30.912174],[90.711401,30.90923],[90.718465,30.908347],[90.733184,30.908936],[90.743486,30.90717],[90.746724,30.902754],[90.747313,30.898044],[90.749962,30.894806],[90.762914,30.890685],[90.77881,30.888036],[90.792056,30.889802],[90.797944,30.898339],[90.80442,30.901577],[90.832679,30.880383],[90.839449,30.885092],[90.845336,30.887447],[90.875361,30.863309],[90.887136,30.86066],[90.889491,30.871257],[90.88066,30.904815],[90.884192,30.918944],[90.894789,30.922477],[90.905975,30.913646],[90.917455,30.901282],[90.92923,30.894806],[90.933057,30.922182],[90.938944,30.932191],[90.952779,30.936312],[90.967792,30.936017],[90.984276,30.933368],[90.998111,30.926303],[91.003704,30.912174],[91.007531,30.906581],[91.025487,30.88627],[91.03108,30.874201],[91.030491,30.862132],[91.007531,30.800315],[90.995168,30.787952],[90.977506,30.784714],[90.846219,30.784714],[90.864176,30.714361],[90.798827,30.657843],[90.633394,30.593083],[90.590711,30.582486],[90.555388,30.579248],[90.535076,30.565119],[90.523008,30.558643],[90.512116,30.567768],[90.498575,30.566296],[90.435287,30.545691],[90.410855,30.544807],[90.399375,30.542158],[90.39437,30.535093],[90.384068,30.523319]]]}},{"type":"Feature","properties":{"name":"","minZoom":4.0,"rank":4},"geometry":{"type":"Polygon","coordinates":[[[114.435972,30.067054],[114.436855,30.067054],[114.435677,30.066466],[114.433617,30.066171],[114.435972,30.067054]]]}},{"type":"Feature","properties":{"name":"","minZoom":4.0,"rank":4},"geometry":{"type":"Polygon","coordinates":[[[114.436855,30.067054],[114.440976,30.068526],[114.440093,30.067349],[114.436855,30.067054]]]}},{"type":"Feature","properties":{"name":"Bosten","minZoom":4.0,"rank":4},"geometry":{"type":"Polygon","coordinates":[[[87.416877,41.839265],[87.378316,41.844563],[87.310023,41.866052],[87.312672,41.870173],[87.316499,41.872822],[87.307079,41.884008],[87.296482,41.893428],[87.28147,41.884302],[87.24909,41.892839],[87.212294,41.906674],[87.133993,41.921981],[87.049511,41.911973],[86.914692,41.876355],[86.874953,41.872822],[86.844339,41.865757],[86.786644,41.834555],[86.753381,41.82543],[86.737485,41.833966],[86.698334,41.833377],[86.680084,41.845446],[86.725416,41.85516],[86.734247,41.858987],[86.735424,41.864286],[86.734836,41.871056],[86.733069,41.876943],[86.730715,41.879593],[86.721589,41.882536],[86.721295,41.889601],[86.727182,41.904025],[86.73042,41.909029],[86.745138,41.92463],[86.748376,41.931106],[86.750143,41.945824],[86.754852,41.960248],[86.763095,41.972612],[86.775164,41.98262],[86.802834,41.991451],[86.827266,41.993217],[86.83955964745223,42.0],[87.35478055941356,42.0],[87.357416,41.974966],[87.351234,41.913739],[87.364186,41.91786],[87.377433,41.91315],[87.38803,41.902847],[87.391856,41.89019],[87.398332,41.881359],[87.42718,41.858693],[87.433656,41.848979],[87.416877,41.839265]]]}},{"type":"Feature","properties":{"name":"","minZoom":4.0,"rank":4},"geometry":{"type":"Polygon","coordinates":[[[33.160564,1.63354],[33.155855,1.630302],[33.154677,1.63148],[33.15556,1.632068],[33.157915,1.632363],[33.160564,1.63354]]]}},{"type":"Feature","properties":{"name":"Poyang","minZoom":4.0,"rank":4},"geometry":{"type":"Polygon","coordinates":[[[116.688446,29.168066],[116.715233,29.137158],[116.715233,29.097125],[116.70758,29.082995],[116.688446,29.07858],[116.690801,29.091826],[116.689918,29.112137],[116.684325,29.127739],[116.656655,29.12715],[116.645763,29.112726],[116.637227,29.091826],[116.6334,29.072398],[116.625747,29.074164],[116.622803,29.075636],[116.618976,29.07858],[116.623686,29.086233],[116.62663,29.094475],[116.627513,29.103601],[116.626335,29.113315],[116.623686,29.120968],[116.619271,29.130682],[116.615444,29.135686],[116.607202,29.117436],[116.593072,29.12244],[116.576588,29.13392],[116.564519,29.140691],[116.556865,29.137158],[116.543325,29.12244],[116.537143,29.119496],[116.529784,29.123617],[116.523308,29.132154],[116.518598,29.142457],[116.516537,29.151288],[116.506823,29.160707],[116.48769,29.159824],[116.47621,29.152171],[116.488573,29.140691],[116.483274,29.124501],[116.492694,29.112137],[116.508295,29.103601],[116.523308,29.099774],[116.516537,29.085939],[116.53155,29.079757],[116.537143,29.07858],[116.537143,29.072398],[116.512416,29.069749],[116.485629,29.0462],[116.461197,29.051204],[116.459725,29.036486],[116.461197,29.024417],[116.468556,29.017058],[116.482391,29.017058],[116.480036,28.998807],[116.48975,28.983794],[116.504174,28.970254],[116.516537,28.95583],[116.52213,28.940523],[116.522425,28.924627],[116.518009,28.909026],[116.509178,28.894308],[116.52478,28.890481],[116.535377,28.895485],[116.544796,28.898135],[116.558043,28.886654],[116.550684,28.880473],[116.558043,28.873702],[116.541264,28.866049],[116.533905,28.861045],[116.530961,28.856335],[116.533022,28.845738],[116.541264,28.830725],[116.543325,28.825427],[116.54097,28.812769],[116.535082,28.796579],[116.526546,28.782449],[116.516537,28.776856],[116.523308,28.790692],[116.518892,28.791575],[116.515654,28.792752],[116.513005,28.794518],[116.509178,28.798051],[116.481508,28.79128],[116.472088,28.790692],[116.46208,28.794224],[116.456487,28.803055],[116.453249,28.814535],[116.448245,28.825427],[116.438531,28.836024],[116.429994,28.842794],[116.423224,28.850153],[116.420869,28.862811],[116.424107,28.874291],[116.432349,28.882828],[116.454721,28.894308],[116.426168,28.899606],[116.404973,28.874291],[116.388489,28.840145],[116.372593,28.818362],[116.365823,28.825427],[116.371416,28.83308],[116.39261,28.877823],[116.419103,28.917563],[116.424696,28.929926],[116.427934,28.943172],[116.427345,28.95583],[116.420575,28.966133],[116.413804,28.961423],[116.4088,28.948765],[116.40674,28.935224],[116.397614,28.940523],[116.393199,28.938462],[116.386134,28.921389],[116.3879,28.919623],[116.39261,28.906082],[116.393199,28.900489],[116.39055,28.898723],[116.381424,28.894013],[116.379658,28.890481],[116.373182,28.87017],[116.358464,28.850153],[116.342274,28.841322],[116.331088,28.853391],[116.333737,28.863988],[116.354637,28.883122],[116.359053,28.894308],[116.353754,28.904611],[116.344334,28.907554],[116.335209,28.908143],[116.331088,28.911381],[116.333149,28.925216],[116.338742,28.941112],[116.359053,28.976141],[116.344334,28.980851],[116.329911,28.982911],[116.2678,28.980262],[116.260735,28.985855],[116.269566,29.004106],[116.264267,29.007932],[116.259558,29.012642],[116.256614,29.019118],[116.255142,29.027655],[116.252198,29.031481],[116.206572,29.033248],[116.19833,29.037957],[116.194503,29.051204],[116.187733,29.051204],[116.174192,29.038841],[116.155647,29.047083],[116.142989,29.066216],[116.145933,29.085939],[116.131509,29.082701],[116.115908,29.077108],[116.10325,29.078285],[116.093536,29.114492],[116.08235,29.125678],[116.057329,29.140691],[116.042317,29.165417],[116.035841,29.181313],[116.040256,29.188378],[116.074991,29.183668],[116.084117,29.186906],[116.077935,29.202213],[116.140046,29.197208],[116.158885,29.203096],[116.14505,29.212515],[116.123856,29.220758],[116.102661,29.223996],[116.088238,29.219874],[116.077641,29.223996],[116.005816,29.239891],[115.997573,29.254315],[115.98992,29.272271],[115.980795,29.280219],[115.967843,29.264029],[115.967548,29.249017],[115.974907,29.232827],[115.980795,29.215459],[115.975202,29.195737],[115.929281,29.203979],[115.907498,29.216931],[115.922216,29.250194],[115.924277,29.262852],[115.927809,29.273449],[115.97844,29.294643],[115.984916,29.299353],[116.009642,29.311127],[116.01759,29.319075],[116.024066,29.327906],[116.028187,29.338798],[116.029954,29.352927],[116.02701,29.361169],[116.00405,29.410328],[115.998751,29.417393],[115.990509,29.42122],[115.975202,29.42122],[115.975202,29.428579],[115.991392,29.433583],[116.001695,29.440059],[116.01082,29.447712],[116.023183,29.455955],[116.046144,29.448007],[116.060862,29.463314],[116.070576,29.485391],[116.077935,29.49746],[116.077935,29.503642],[116.063217,29.509529],[116.070576,29.51836],[116.086471,29.528957],[116.098246,29.538376],[116.097069,29.544558],[116.092653,29.553683],[116.090298,29.56222],[116.112081,29.579587],[116.116497,29.593717],[116.12886,29.65936],[116.126211,29.66878],[116.116497,29.674667],[116.098246,29.681732],[116.100895,29.685853],[116.105605,29.695567],[116.092653,29.694389],[116.069398,29.688797],[116.060862,29.692035],[116.092947,29.724415],[116.102073,29.730302],[116.150054,29.727947],[116.173603,29.73354],[116.187733,29.750907],[116.229238,29.743843],[116.210399,29.735012],[116.193326,29.718527],[116.188027,29.702632],[116.204806,29.695567],[116.238658,29.708225],[116.256908,29.709696],[116.269566,29.695567],[116.247783,29.691151],[116.243073,29.683792],[116.244839,29.673784],[116.243073,29.661421],[116.232182,29.651412],[116.217758,29.670252],[116.204806,29.664953],[116.202451,29.650235],[116.205983,29.630807],[116.205689,29.613439],[116.190971,29.60608],[116.187733,29.598427],[116.195386,29.581059],[116.207161,29.562809],[116.215697,29.552212],[116.195681,29.556627],[116.186261,29.564869],[116.179491,29.574878],[116.167127,29.585769],[116.152115,29.554272],[116.145639,29.533667],[116.14976,29.524247],[116.157119,29.521303],[116.162417,29.514533],[116.166244,29.506585],[116.17066,29.500698],[116.168893,29.495694],[116.152115,29.477737],[116.145933,29.469495],[116.151232,29.460959],[116.152998,29.452422],[116.150937,29.443591],[116.145933,29.43476],[116.115614,29.443886],[116.08029,29.418276],[116.061745,29.383835],[116.081467,29.366468],[116.114142,29.367645],[116.150643,29.373533],[116.184789,29.387956],[116.208044,29.415038],[116.223056,29.380892],[116.225706,29.363819],[116.221879,29.346157],[116.214225,29.358226],[116.206572,29.356459],[116.198035,29.347923],[116.187733,29.339386],[116.145639,29.342036],[116.132981,29.339386],[116.120323,29.324962],[116.123561,29.312305],[116.145933,29.290816],[116.161829,29.27963],[116.166244,29.273743],[116.130626,29.264029],[116.126211,29.264029],[116.12415,29.24725],[116.140046,29.244012],[116.174192,29.250488],[116.181845,29.248722],[116.189205,29.244601],[116.196858,29.242246],[116.204806,29.246662],[116.217169,29.258436],[116.22394,29.262852],[116.229238,29.264029],[116.236008,29.258436],[116.246017,29.234593],[116.255142,29.223112],[116.266328,29.215753],[116.280752,29.210455],[116.296059,29.209572],[116.310483,29.216342],[116.306656,29.220758],[116.305478,29.22429],[116.305478,29.228705],[116.303712,29.236948],[116.316664,29.232238],[116.325495,29.236065],[116.331971,29.241657],[116.338447,29.243129],[116.346101,29.23577],[116.346395,29.228411],[116.347867,29.221641],[116.359053,29.216342],[116.366412,29.232827],[116.372299,29.238714],[116.379658,29.229294],[116.378775,29.221641],[116.369944,29.196325],[116.365823,29.188378],[116.338153,29.171304],[116.324023,29.156881],[116.324906,29.140691],[116.33933,29.139807],[116.364646,29.166889],[116.365823,29.147461],[116.372888,29.15011],[116.379658,29.15482],[116.393199,29.140691],[116.397909,29.152171],[116.39732,29.163357],[116.394671,29.175131],[116.393199,29.188378],[116.399381,29.188378],[116.407917,29.176603],[116.422047,29.176014],[116.434999,29.183962],[116.440886,29.198975],[116.442358,29.207806],[116.445596,29.215165],[116.447068,29.221346],[116.444713,29.226351],[116.438237,29.234593],[116.435587,29.244307],[116.43647,29.254609],[116.440886,29.264029],[116.437059,29.266973],[116.432055,29.273449],[116.427345,29.277864],[116.445596,29.280808],[116.463552,29.269622],[116.477093,29.249311],[116.488573,29.202507],[116.500053,29.204568],[116.50594,29.223112],[116.495638,29.250488],[116.510356,29.24519],[116.514477,29.231355],[116.516243,29.216636],[116.523308,29.208983],[116.536554,29.213987],[116.541853,29.229294],[116.541264,29.246073],[116.537143,29.257259],[116.543325,29.257259],[116.550389,29.251371],[116.555394,29.252255],[116.558337,29.259025],[116.558043,29.271094],[116.570406,29.248133],[116.588362,29.245484],[116.606613,29.24725],[116.618976,29.236948],[116.605435,29.236948],[116.618976,29.202213],[116.629573,29.232238],[116.630751,29.246367],[116.626335,29.264029],[116.641053,29.257847],[116.65636,29.249017],[116.665191,29.239303],[116.660776,29.229294],[116.688446,29.216342],[116.684031,29.212221],[116.678438,29.2081],[116.667546,29.202213],[116.65636,29.209277],[116.651356,29.207511],[116.648413,29.200741],[116.643703,29.192204],[116.618976,29.168066],[116.623686,29.150405],[116.638404,29.152465],[116.664014,29.168066],[116.67255,29.169833],[116.674611,29.172776],[116.677555,29.173365],[116.688446,29.168066]]]}},{"type":"Feature","properties":{"name":"Daguan Lake","minZoom":4.0,"rank":4},"geometry":{"type":"Polygon","coordinates":[[[116.459725,30.08089],[116.443241,30.0647],[116.436765,30.050864],[116.494755,30.038795],[116.50859,30.023194],[116.517126,30.003177],[116.530961,29.983455],[116.509178,29.96285],[116.477976,29.950781],[116.442358,29.948131],[116.40674,29.956079],[116.395259,29.96491],[116.376126,29.986987],[116.365823,29.989637],[116.354932,29.981983],[116.353754,29.970503],[116.349339,29.958434],[116.331088,29.94872],[116.309011,29.963733],[116.302829,29.973152],[116.303712,29.989637],[116.291349,29.986693],[116.281635,29.989637],[116.27457,29.995818],[116.269566,30.004061],[116.276042,30.007887],[116.284284,30.014952],[116.289288,30.017601],[116.270155,30.0229],[116.258674,30.014952],[116.257203,30.010831],[116.247194,30.036441],[116.25632,30.042622],[116.255142,30.066171],[116.240424,30.05999],[116.234831,30.072059],[116.236597,30.091192],[116.243073,30.107088],[116.245722,30.102378],[116.251021,30.097963],[116.255142,30.093547],[116.254259,30.105616],[116.245134,30.120629],[116.243073,30.130637],[116.2469,30.139174],[116.255731,30.135053],[116.264856,30.126516],[116.269566,30.120629],[116.278397,30.078535],[116.286639,30.059695],[116.303712,30.058812],[116.289288,30.099435],[116.291938,30.117391],[116.310483,30.12681],[116.315487,30.095313],[116.320491,30.081184],[116.331088,30.072942],[116.33462,30.086188],[116.339625,30.085305],[116.345512,30.07824],[116.351399,30.072942],[116.386134,30.058812],[116.380836,30.051453],[116.38113,30.044683],[116.387606,30.039973],[116.399381,30.038207],[116.401147,30.050864],[116.407328,30.058224],[116.420869,30.058812],[116.420869,30.066171],[116.410861,30.076474],[116.424107,30.087954],[116.444124,30.101201],[116.461197,30.093547],[116.459725,30.08089]]]}},{"type":"Feature","properties":{"name":"Longgan","minZoom":4.0,"rank":4},"geometry":{"type":"Polygon","coordinates":[[[116.252493,29.999645],[116.24896,29.983455],[116.254259,29.983749],[116.264562,29.983161],[116.269566,29.983455],[116.265445,29.961672],[116.266328,29.941655],[116.263384,29.927526],[116.246017,29.921933],[116.233065,29.915163],[116.218052,29.901622],[116.200685,29.89338],[116.180962,29.901622],[116.158885,29.893674],[116.11738,29.90486],[116.091476,29.901622],[116.051148,29.871597],[116.040256,29.866887],[116.029365,29.870125],[116.001989,29.893968],[115.997573,29.904565],[115.995807,29.915457],[115.995807,29.939006],[115.992275,29.953136],[115.983444,29.9602],[115.961661,29.969914],[115.954302,29.983455],[115.949003,29.986399],[115.942233,29.989048],[115.936346,29.993169],[115.933991,30.000528],[115.933991,30.044977],[115.939878,30.035557],[115.97373,29.996701],[115.981678,29.993463],[115.985799,29.987576],[115.995807,29.983455],[116.007288,29.983455],[116.016413,29.989637],[116.014941,29.996113],[115.999634,30.011714],[115.995807,30.021134],[115.996396,30.031436],[115.998751,30.038795],[116.003755,30.043505],[116.01288,30.044977],[116.021123,30.041739],[116.024655,30.03438],[116.026421,30.025255],[116.029954,30.017601],[116.054091,29.993758],[116.057329,29.986693],[116.061156,29.973741],[116.070576,29.969914],[116.081467,29.973741],[116.091476,29.983455],[116.077052,29.988459],[116.071459,29.989637],[116.085883,29.996996],[116.092653,29.991697],[116.097952,29.981983],[116.108843,29.976685],[116.13563,29.977273],[116.148288,29.979334],[116.160357,29.983455],[116.152703,29.996113],[116.143284,29.99523],[116.132392,29.989931],[116.11944,29.989637],[116.10796,29.996996],[116.113553,30.002],[116.125328,30.006121],[116.132981,30.01142],[116.133275,30.06205],[116.141223,30.085011],[116.163889,30.076474],[116.173309,30.069998],[116.180962,30.067643],[116.185967,30.062639],[116.189793,30.027315],[116.193031,30.016129],[116.198035,30.007887],[116.2051,30.000823],[116.218052,29.990814],[116.230416,29.987576],[116.236008,30.000528],[116.234242,30.01348],[116.228944,30.023194],[116.222468,30.032614],[116.215697,30.044977],[116.247194,30.036441],[116.257203,30.010831],[116.252493,29.999645]]]}},{"type":"Feature","properties":{"name":"Liangzi","minZoom":4.0,"rank":4},"geometry":{"type":"Polygon","coordinates":[[[114.366796,30.188627],[114.345602,30.191276],[114.330589,30.188921],[114.334711,30.202756],[114.342953,30.208349],[114.351784,30.212765],[114.357965,30.223656],[114.364736,30.223656],[114.373272,30.207466],[114.383281,30.205994],[114.3927,30.214825],[114.399471,30.229838],[114.412423,30.223656],[114.412423,30.229838],[114.406241,30.236314],[114.401531,30.242495],[114.39535,30.247794],[114.385636,30.250443],[114.391228,30.263395],[114.389462,30.274876],[114.382692,30.28459],[114.371506,30.29136],[114.41154,30.270166],[114.428613,30.264278],[114.440387,30.271343],[114.447452,30.267811],[114.453339,30.266339],[114.467469,30.264867],[114.467469,30.271343],[114.453928,30.27517],[114.443037,30.282823],[114.435972,30.29342],[114.433617,30.305784],[114.447158,30.29136],[114.453928,30.298719],[114.485719,30.282529],[114.501615,30.278702],[114.515156,30.299602],[114.546064,30.294304],[114.556367,30.305784],[114.542826,30.306961],[114.527225,30.310494],[114.513978,30.315792],[114.502498,30.329922],[114.487486,30.330216],[114.453928,30.326095],[114.44127,30.328155],[114.429496,30.334043],[114.421254,30.342579],[114.419782,30.354059],[114.42773,30.366128],[114.438327,30.366423],[114.448335,30.358475],[114.453928,30.3467],[114.458049,30.369955],[114.46011,30.374665],[114.464525,30.372899],[114.47159,30.368778],[114.47836,30.366717],[114.481598,30.371133],[114.485131,30.374665],[114.494256,30.375548],[114.522809,30.374371],[114.526636,30.372604],[114.529285,30.368483],[114.536056,30.360241],[114.538116,30.354648],[114.539294,30.339636],[114.543415,30.332277],[114.594045,30.322857],[114.608764,30.315203],[114.631724,30.298719],[114.631724,30.29136],[114.613179,30.285767],[114.604348,30.278408],[114.604642,30.268105],[114.614651,30.25427],[114.632313,30.238374],[114.639083,30.229838],[114.643793,30.221596],[114.652624,30.195692],[114.627014,30.210704],[114.613179,30.215414],[114.597578,30.216297],[114.597578,30.209527],[114.617006,30.200696],[114.62201,30.158013],[114.635256,30.148005],[114.643793,30.140057],[114.650269,30.121217],[114.653507,30.098551],[114.652624,30.079712],[114.643204,30.061756],[114.631724,30.064405],[114.62201,30.078829],[114.612885,30.113858],[114.577561,30.17538],[114.548713,30.134758],[114.537822,30.133875],[114.529874,30.16184],[114.531346,30.168904],[114.540177,30.187449],[114.543415,30.195692],[114.546358,30.219829],[114.550185,30.229838],[114.529285,30.226894],[114.515744,30.218652],[114.504559,30.213648],[114.491901,30.220124],[114.472767,30.232487],[114.471295,30.219535],[114.481598,30.185389],[114.476888,30.119451],[114.464819,30.087954],[114.440976,30.068526],[114.440976,30.069409],[114.440387,30.072942],[114.422137,30.082067],[114.440093,30.114741],[114.426258,30.12681],[114.438915,30.140351],[114.439504,30.158602],[114.42979,30.173026],[114.412423,30.17538],[114.401531,30.165078],[114.371506,30.107088],[114.364736,30.107088],[114.367385,30.113564],[114.367091,30.118274],[114.365619,30.122395],[114.364736,30.12681],[114.364736,30.120629],[114.36032,30.134464],[114.362381,30.147121],[114.36974,30.159485],[114.382103,30.171848],[114.382692,30.182151],[114.366796,30.188627]]]}},{"type":"Feature","properties":{"name":"Siling","minZoom":4.0,"rank":4},"geometry":{"type":"Polygon","coordinates":[[[89.342607,31.816166],[89.345257,31.806452],[89.331127,31.783197],[89.296981,31.777899],[89.269899,31.792028],[89.276964,31.827058],[89.248411,31.80292],[89.241641,31.763475],[89.242524,31.717848],[89.235459,31.676049],[89.225156,31.661625],[89.188361,31.622474],[89.177469,31.614821],[89.158335,31.606579],[89.146267,31.588623],[89.137141,31.569783],[89.12625,31.559481],[89.107999,31.563896],[89.087688,31.578909],[89.070909,31.597454],[89.064139,31.611289],[89.051481,31.61541],[88.975241,31.600397],[88.960817,31.607756],[88.941095,31.622769],[88.925493,31.639548],[88.924316,31.652205],[88.945216,31.686057],[88.95964,31.702836],[88.980245,31.709901],[88.937857,31.735805],[88.915779,31.740809],[88.893702,31.7308],[88.87869,31.736688],[88.85985,31.737865],[88.840717,31.73551],[88.824527,31.7308],[88.811869,31.722558],[88.787142,31.70107],[88.780372,31.696654],[88.76271,31.698715],[88.734451,31.708134],[88.718555,31.710195],[88.683526,31.710784],[88.667925,31.71461],[88.653795,31.72403],[88.653795,31.717848],[88.648202,31.734333],[88.646731,31.756999],[88.648202,31.77731],[88.650263,31.786141],[88.618472,31.779665],[88.61229,31.779076],[88.601987,31.787024],[88.602576,31.793794],[88.60552,31.800859],[88.601693,31.809984],[88.584325,31.818521],[88.568724,31.816166],[88.558716,31.818521],[88.557244,31.840598],[88.561659,31.85826],[88.571373,31.869152],[88.585797,31.875922],[88.604931,31.881515],[88.638783,31.886225],[88.687353,31.887108],[88.730624,31.882692],[88.749464,31.870918],[88.745343,31.859732],[88.738572,31.848252],[88.7371,31.835594],[88.749464,31.819404],[88.76742,31.810868],[88.787142,31.80969],[88.806865,31.813517],[88.824527,31.819404],[88.805393,31.833239],[88.798328,31.849429],[88.80451,31.866502],[88.824527,31.881515],[88.831886,31.874156],[88.838362,31.881515],[88.845721,31.874156],[88.865149,31.883281],[88.927554,31.90212],[89.009682,31.936855],[89.029993,31.916839],[89.0662,31.91625],[89.136553,31.929496],[89.155392,31.924198],[89.178647,31.900943],[89.191304,31.895939],[89.205728,31.893584],[89.241641,31.88387],[89.269605,31.879454],[89.285795,31.873273],[89.299925,31.864736],[89.31111,31.855022],[89.325534,31.827058],[89.332893,31.819993],[89.338486,31.818521],[89.342607,31.816166]]]}},{"type":"Feature","properties":{"name":"Ayakum","minZoom":4.7,"rank":5},"geometry":{"type":"Polygon","coordinates":[[[89.670235,37.499749],[89.647274,37.498866],[89.619015,37.500926],[89.598704,37.498571],[89.608713,37.492978],[89.612834,37.491506],[89.612834,37.484147],[89.594289,37.484147],[89.586635,37.486208],[89.579276,37.491506],[89.550428,37.474728],[89.497149,37.47149],[89.440042,37.4762],[89.400008,37.484147],[89.281968,37.531834],[89.235459,37.533306],[89.188655,37.52477],[89.164517,37.525653],[89.123895,37.544786],[89.097991,37.551851],[89.076797,37.56392],[89.071498,37.587764],[89.08445,37.603365],[89.108294,37.606603],[89.156864,37.601599],[89.166578,37.599244],[89.182179,37.590118],[89.194542,37.587764],[89.249883,37.601599],[89.289916,37.623676],[89.311699,37.626914],[89.341724,37.641632],[89.544247,37.625737],[89.571328,37.615728],[89.578393,37.609841],[89.601942,37.598949],[89.62608,37.591002],[89.643448,37.587764],[89.654339,37.582759],[89.657283,37.571574],[89.654928,37.558621],[89.649924,37.550085],[89.639032,37.546553],[89.61931,37.560093],[89.609301,37.556855],[89.611068,37.542431],[89.633439,37.530068],[89.659932,37.52006],[89.674356,37.512112],[89.670235,37.499749]]]}},{"type":"Feature","properties":{"name":"Kyoga","minZoom":4.7,"rank":5},"geometry":{"type":"Polygon","coordinates":[[[33.496434,1.654735],[33.489075,1.654735],[33.494373,1.645021],[33.495845,1.640605],[33.496434,1.63354],[33.489075,1.63354],[33.45434,1.643843],[33.403121,1.649436],[33.351901,1.641783],[33.317755,1.613229],[33.287435,1.623238],[33.26006,1.611757],[33.214727,1.572018],[33.197949,1.573784],[33.175283,1.564659],[33.15556,1.549941],[33.141136,1.523154],[33.127007,1.518738],[33.109934,1.5155],[33.095216,1.506964],[33.092861,1.492246],[33.108168,1.480765],[33.129951,1.472818],[33.147024,1.468991],[33.169984,1.468402],[33.185291,1.473406],[33.200009,1.481648],[33.221498,1.490185],[33.214727,1.476644],[33.257705,1.486358],[33.27625,1.48577],[33.277133,1.468991],[33.26212,1.47635],[33.249757,1.470463],[33.244164,1.457216],[33.249462,1.441909],[33.220615,1.441615],[33.199715,1.43926],[33.179404,1.431018],[33.153205,1.41365],[33.166157,1.400404],[33.181464,1.398932],[33.200009,1.40011],[33.221498,1.394517],[33.221498,1.387158],[33.215022,1.389218],[33.201187,1.392162],[33.194711,1.394517],[33.202953,1.38127],[33.222381,1.378032],[33.243281,1.383036],[33.256233,1.394517],[33.27831,1.383036],[33.286552,1.391867],[33.290379,1.421304],[33.299504,1.424542],[33.316577,1.426014],[33.332473,1.423659],[33.338066,1.41365],[33.329235,1.403642],[33.315694,1.405408],[33.306569,1.403053],[33.31069,1.380387],[33.314517,1.375383],[33.318932,1.376266],[33.323642,1.378032],[33.328352,1.377149],[33.333062,1.371851],[33.331296,1.368907],[33.32688,1.366846],[33.324525,1.363608],[33.327175,1.354483],[33.334239,1.345358],[33.343365,1.33741],[33.351901,1.331817],[33.341893,1.322692],[33.335711,1.311212],[33.329235,1.304736],[33.317755,1.311506],[33.284492,1.29826],[33.26889,1.289429],[33.262414,1.280892],[33.265358,1.264702],[33.270657,1.248512],[33.273895,1.232322],[33.269774,1.215838],[33.262414,1.223785],[33.256822,1.227318],[33.25064,1.227023],[33.241809,1.222608],[33.240632,1.241742],[33.233567,1.265585],[33.223853,1.28884],[33.214727,1.305324],[33.211195,1.303558],[33.207957,1.302675],[33.204719,1.300909],[33.200892,1.297671],[33.186469,1.311506],[33.174694,1.307974],[33.153205,1.284719],[33.152617,1.287074],[33.144669,1.286485],[33.133189,1.284719],[33.131717,1.283541],[33.127301,1.280598],[33.120531,1.277654],[33.112877,1.27736],[33.129951,1.319159],[33.129951,1.325635],[33.122592,1.330345],[33.102575,1.34889],[33.098748,1.350068],[33.094627,1.347713],[33.075493,1.36302],[33.06784,1.367435],[33.061069,1.36508],[33.054593,1.360959],[33.047529,1.358899],[33.04017,1.363608],[33.034282,1.370379],[33.028395,1.375677],[33.021625,1.37921],[33.012794,1.380387],[32.978353,1.394811],[32.940969,1.422776],[32.899463,1.441321],[32.851482,1.428074],[32.857075,1.426014],[32.861196,1.423659],[32.865906,1.421893],[32.872676,1.421304],[32.866789,1.407469],[32.859136,1.394517],[32.851482,1.394517],[32.849716,1.402759],[32.84795,1.405997],[32.844417,1.408057],[32.837647,1.41365],[32.843829,1.384214],[32.879741,1.340059],[32.892987,1.311506],[32.885628,1.311506],[32.882096,1.317099],[32.878269,1.320631],[32.872971,1.322986],[32.865317,1.325635],[32.869144,1.310623],[32.872676,1.304441],[32.879447,1.297671],[32.858547,1.308857],[32.846772,1.336821],[32.831171,1.401287],[32.811154,1.398932],[32.78319,1.421009],[32.762879,1.41365],[32.741979,1.4163],[32.724317,1.399226],[32.719901,1.377738],[32.738152,1.367435],[32.748749,1.363903],[32.756697,1.349479],[32.766411,1.346241],[32.772593,1.341825],[32.776125,1.330934],[32.777302,1.317688],[32.776419,1.305324],[32.766705,1.315038],[32.745511,1.34683],[32.738152,1.3536],[32.72049,1.356838],[32.690171,1.370968],[32.677219,1.374206],[32.666621,1.375089],[32.645427,1.380387],[32.619523,1.380387],[32.600684,1.386863],[32.5842,1.396872],[32.571542,1.408646],[32.564183,1.421304],[32.557412,1.425425],[32.550642,1.431018],[32.545638,1.437788],[32.5424,1.448385],[32.539751,1.449268],[32.537396,1.45074],[32.536807,1.456039],[32.539162,1.46016],[32.548581,1.467519],[32.557707,1.49931],[32.556824,1.514028],[32.543577,1.523743],[32.560945,1.531102],[32.571542,1.520799],[32.582433,1.505198],[32.601861,1.496955],[32.6625,1.489302],[32.680751,1.490185],[32.69488,1.498722],[32.739624,1.538166],[32.75758,1.571429],[32.776714,1.583204],[32.797319,1.592035],[32.810566,1.599983],[32.817336,1.599983],[32.818219,1.590269],[32.81763,1.581438],[32.814981,1.572901],[32.810566,1.565248],[32.805856,1.569958],[32.799674,1.574667],[32.79673,1.578789],[32.788783,1.565248],[32.789077,1.552885],[32.796436,1.543171],[32.810566,1.537872],[32.82028,1.541699],[32.831465,1.55053],[32.842062,1.556417],[32.851482,1.551707],[32.87091,1.558772],[32.885923,1.555534],[32.899169,1.555828],[32.913593,1.572018],[32.93567,1.553473],[32.958925,1.559066],[32.979825,1.567897],[32.995426,1.558477],[32.990716,1.554356],[32.988067,1.549941],[32.982474,1.537872],[33.008378,1.542287],[33.033399,1.560244],[33.071078,1.599983],[33.076376,1.60381],[33.083441,1.607636],[33.089328,1.611757],[33.091683,1.616762],[33.090211,1.626476],[33.088151,1.631774],[33.087562,1.635601],[33.091683,1.640899],[33.107579,1.64973],[33.11641,1.645609],[33.11641,1.635895],[33.105224,1.627359],[33.105224,1.620588],[33.114055,1.61529],[33.119354,1.609402],[33.124946,1.605576],[33.133189,1.606164],[33.137015,1.609402],[33.148496,1.623532],[33.155855,1.630302],[33.160564,1.627359],[33.153205,1.620588],[33.170573,1.627064],[33.174694,1.636778],[33.175871,1.649436],[33.184114,1.665037],[33.192061,1.671513],[33.197654,1.671808],[33.201775,1.669747],[33.207663,1.668275],[33.207074,1.663565],[33.214433,1.655618],[33.223853,1.652968],[33.228268,1.665037],[33.230623,1.666803],[33.240632,1.685054],[33.241809,1.688881],[33.251523,1.692119],[33.257116,1.68947],[33.259176,1.684465],[33.259176,1.68211],[33.250934,1.674457],[33.250346,1.657678],[33.257705,1.641194],[33.2736,1.63354],[33.285375,1.639133],[33.310985,1.665332],[33.324525,1.674457],[33.376922,1.68211],[33.392818,1.688881],[33.420488,1.748048],[33.437855,1.773952],[33.454929,1.763944],[33.439916,1.755113],[33.434323,1.732447],[33.436089,1.67063],[33.442271,1.674457],[33.455223,1.68476],[33.475828,1.688881],[33.472296,1.680639],[33.470824,1.672396],[33.469058,1.654735],[33.475828,1.654735],[33.480833,1.65915],[33.483776,1.660327],[33.487897,1.658856],[33.496434,1.654735]],[[32.865317,1.44868],[32.751398,1.446913],[32.741684,1.44868],[32.736975,1.451918],[32.733148,1.457511],[32.726966,1.461632],[32.714897,1.46222],[32.732559,1.441615],[32.751104,1.431312],[32.77377,1.429546],[32.803795,1.435433],[32.824106,1.425131],[32.834998,1.42778],[32.845595,1.436022],[32.865317,1.441909],[32.865317,1.44868]]]}},{"type":"Feature","properties":{"name":"Rukwa","minZoom":4.7,"rank":5},"geometry":{"type":"MultiPolygon","coordinates":[[[[31.916582,-7.56681],[31.919525,-7.56681],[31.922175,-7.56681],[31.921586,-7.567105],[31.916582,-7.56681]]],[[[32.53298,-8.049568],[32.538867,-8.122276],[32.473224,-8.084891],[32.394335,-8.061342],[32.3596,-8.034555],[32.324865,-8.007768],[32.294251,-7.997465],[32.260988,-7.994522],[32.19034,-7.956254],[32.113511,-7.934766],[32.037271,-7.961553],[31.966624,-8.002764],[31.913049,-7.965968],[31.873016,-7.898853],[31.859769,-7.86559],[31.84564,-7.832621],[31.838281,-7.82379],[31.830627,-7.814665],[31.832982,-7.805834],[31.83887,-7.799947],[31.825623,-7.785523],[31.811199,-7.772277],[31.778525,-7.703395],[31.796481,-7.636869],[31.830039,-7.614497],[31.866834,-7.600074],[31.893916,-7.583884],[31.921586,-7.567105],[31.95897,-7.56946],[31.995471,-7.596541],[32.034916,-7.622445],[32.0723,-7.649821],[32.12558,-7.720174],[32.190635,-7.777575],[32.271585,-7.828206],[32.340172,-7.894143],[32.371374,-7.931528],[32.402577,-7.969501],[32.434957,-7.988046],[32.472047,-8.000114],[32.53298,-8.049568]]]]}},{"type":"Feature","properties":{"name":"Ngoring","minZoom":4.7,"rank":5},"geometry":{"type":"Polygon","coordinates":[[[97.900656,34.831632],[97.901539,34.821624],[97.883583,34.821329],[97.850025,34.8281],[97.85709,34.808377],[97.845315,34.806611],[97.808225,34.821624],[97.779672,34.829572],[97.769958,34.835459],[97.760833,34.849],[97.754945,34.817208],[97.734929,34.808377],[97.712263,34.818386],[97.698428,34.842229],[97.681649,34.820446],[97.678705,34.815148],[97.681649,34.808672],[97.69725,34.799841],[97.698428,34.794542],[97.688419,34.786006],[97.672523,34.781885],[97.65545,34.780707],[97.60482,34.784534],[97.581271,34.79572],[97.565964,34.814853],[97.546241,34.870488],[97.545358,34.889328],[97.5536,34.906401],[97.591573,34.946434],[97.61159,34.957914],[97.636905,34.963507],[97.671935,34.965274],[97.6581,34.968806],[97.644559,34.967628],[97.632784,34.970572],[97.623953,34.986173],[97.631018,35.000008],[97.636317,35.007073],[97.64397,35.013549],[97.634551,35.025618],[97.650446,35.042397],[97.676939,35.058293],[97.692246,35.068301],[97.72963,35.085963],[97.746998,35.088612],[97.768486,35.087729],[97.768486,35.081253],[97.764071,35.06889],[97.771135,35.051228],[97.804399,35.020908],[97.808225,35.010017],[97.80587,35.000008],[97.792918,34.987351],[97.788503,34.978814],[97.788503,34.969983],[97.790564,34.961447],[97.794685,34.951438],[97.796451,34.925829],[97.800278,34.914643],[97.808225,34.903751],[97.855324,34.887267],[97.862977,34.879908],[97.867981,34.871666],[97.900656,34.831632]]]}},{"type":"Feature","properties":{"name":"Gaoyou","minZoom":4.7,"rank":5},"geometry":{"type":"Polygon","coordinates":[[[119.411903,32.819653],[119.415141,32.793455],[119.408371,32.766079],[119.401012,32.752538],[119.391592,32.740175],[119.380406,32.732227],[119.367454,32.731344],[119.351853,32.740764],[119.33213,32.7702],[119.319178,32.779031],[119.316529,32.761369],[119.306521,32.741058],[119.293569,32.724574],[119.2815,32.717803],[119.272669,32.727517],[119.250297,32.746945],[119.227337,32.759309],[119.216445,32.748712],[119.213796,32.707795],[119.207614,32.690428],[119.195545,32.676592],[119.177,32.667173],[119.174646,32.676298],[119.172585,32.692488],[119.154629,32.703968],[119.162282,32.70544],[119.166403,32.707206],[119.169641,32.709267],[119.17494,32.711327],[119.17494,32.717803],[119.156101,32.724574],[119.141971,32.738115],[119.131668,32.756071],[119.126075,32.773144],[119.120777,32.785802],[119.124604,32.790806],[119.129608,32.79581],[119.133435,32.801108],[119.134023,32.806996],[119.129019,32.818182],[119.122543,32.819948],[119.113123,32.81877],[119.099288,32.820831],[119.082215,32.832311],[119.06367,32.864691],[119.044831,32.875877],[119.044831,32.882059],[119.066614,32.883825],[119.081921,32.874994],[119.09605,32.861159],[119.113418,32.847912],[119.116361,32.862042],[119.12166,32.878821],[119.129019,32.894716],[119.137556,32.906196],[119.144915,32.910023],[119.150213,32.90708],[119.153451,32.900309],[119.156101,32.885297],[119.16081,32.88147],[119.189952,32.870284],[119.201138,32.868518],[119.21203,32.864102],[119.226454,32.851445],[119.284738,32.875877],[119.266487,32.875288],[119.259128,32.872933],[119.250886,32.868518],[119.239406,32.877349],[119.237345,32.887946],[119.243232,32.909434],[119.242055,32.915616],[119.238228,32.92327],[119.235285,32.930629],[119.237051,32.93681],[119.243527,32.937988],[119.253241,32.935633],[119.261483,32.932395],[119.264427,32.93004],[119.275024,32.941815],[119.276496,32.951234],[119.270314,32.960065],[119.22351,32.998921],[119.255007,33.012462],[119.264427,33.019232],[119.268253,33.028358],[119.267076,33.037483],[119.267959,33.046019],[119.277967,33.053967],[119.284443,33.044842],[119.307404,33.023648],[119.31594,33.019232],[119.327126,33.023648],[119.328304,33.034245],[119.323888,33.047786],[119.300928,33.096944],[119.298573,33.111957],[119.292097,33.11755],[119.250886,33.136095],[119.243527,33.137861],[119.238228,33.136978],[119.234107,33.136978],[119.229692,33.142276],[119.230575,33.146692],[119.240877,33.158467],[119.243232,33.166709],[119.236462,33.176128],[119.220566,33.176423],[119.195545,33.170241],[119.170524,33.155817],[119.158455,33.134329],[119.154923,33.106658],[119.154629,33.073984],[119.16346,33.080754],[119.173174,33.08517],[119.183771,33.087525],[119.195545,33.087525],[119.179944,33.073101],[119.158455,33.0575],[119.135789,33.044842],[119.11695,33.039838],[119.109885,33.0366],[119.087808,33.02247],[119.075739,33.019232],[119.061021,33.021293],[119.030996,33.030418],[119.014806,33.032479],[118.981837,33.044253],[118.970357,33.046608],[118.95711,33.045431],[118.933561,33.040132],[118.921787,33.039838],[118.896766,33.049846],[118.862031,33.087525],[118.839954,33.10136],[118.874394,33.10136],[118.888818,33.09665],[118.900298,33.069569],[118.914722,33.067508],[118.945925,33.073984],[119.052484,33.046608],[119.08251,33.057205],[119.094578,33.063681],[119.108414,33.065742],[119.122249,33.069274],[119.134023,33.080754],[119.139027,33.094001],[119.152863,33.158172],[119.156984,33.165826],[119.225865,33.197323],[119.237051,33.204976],[119.237051,33.211158],[119.23499,33.220872],[119.244999,33.227642],[119.257951,33.221755],[119.268548,33.169358],[119.279734,33.15935],[119.296218,33.152874],[119.31594,33.139038],[119.31859,33.131974],[119.328598,33.086347],[119.335074,33.076633],[119.342139,33.068097],[119.346849,33.060149],[119.349498,33.037777],[119.341844,33.019232],[119.326243,33.003925],[119.305343,32.991268],[119.331542,32.994211],[119.358623,33.010696],[119.379523,33.02041],[119.38806,33.002159],[119.405133,32.847324],[119.411903,32.819653]]]}},{"type":"Feature","properties":{"name":"Toba","minZoom":4.7,"rank":5},"geometry":{"type":"Polygon","coordinates":[[[99.143755,2.420964],[99.152586,2.408012],[99.144638,2.387701],[99.14405,2.387112],[99.141989,2.38152],[99.137574,2.377398],[99.130509,2.37416],[99.117557,2.387701],[99.109315,2.375927],[99.094597,2.362386],[99.07664,2.350906],[99.058979,2.346196],[99.025715,2.35797],[99.020711,2.356793],[99.016296,2.353555],[98.994807,2.342664],[98.986565,2.340014],[98.975673,2.33972],[98.967431,2.341192],[98.932108,2.352083],[98.924748,2.353261],[98.915918,2.353555],[98.90532,2.352378],[98.885598,2.347373],[98.874412,2.346196],[98.871469,2.347373],[98.869702,2.349728],[98.866759,2.352378],[98.860577,2.353555],[98.853807,2.351494],[98.848508,2.342075],[98.842915,2.340014],[98.831435,2.338248],[98.82702,2.336482],[98.825548,2.33972],[98.822604,2.353555],[98.82437,2.360914],[98.828197,2.372394],[98.829963,2.382991],[98.826137,2.387701],[98.81083,2.39506],[98.801999,2.412722],[98.796111,2.433033],[98.788458,2.449223],[98.730174,2.510451],[98.725464,2.513983],[98.714867,2.528407],[98.709863,2.531645],[98.709274,2.535472],[98.697205,2.543714],[98.68337,2.550779],[98.67866,2.551662],[98.671595,2.56638],[98.670418,2.584925],[98.676011,2.600821],[98.689257,2.607297],[98.703092,2.597877],[98.726347,2.550485],[98.740771,2.531645],[98.804648,2.492495],[98.859105,2.440981],[98.87765,2.430973],[98.89855,2.428618],[98.912385,2.433916],[98.946237,2.451873],[98.963016,2.455994],[98.97744,2.463353],[98.978617,2.480132],[98.972435,2.498676],[98.965959,2.510451],[98.901788,2.584042],[98.867642,2.646153],[98.844976,2.677356],[98.795523,2.730341],[98.766381,2.748297],[98.732529,2.754773],[98.701032,2.743587],[98.67866,2.709736],[98.67395,2.638794],[98.676011,2.627314],[98.661587,2.63114],[98.643925,2.64056],[98.627735,2.65204],[98.617727,2.662049],[98.610368,2.696195],[98.598299,2.721804],[98.596827,2.727103],[98.591528,2.735934],[98.568568,2.745354],[98.563269,2.754479],[98.560914,2.76331],[98.555322,2.769491],[98.541486,2.778617],[98.524708,2.800694],[98.51676,2.824832],[98.514111,2.88812],[98.522647,2.88341],[98.529712,2.883999],[98.535893,2.886354],[98.541486,2.88812],[98.583875,2.886943],[98.598887,2.882233],[98.606835,2.881055],[98.651284,2.881055],[98.690435,2.87193],[98.726347,2.854268],[98.782865,2.812174],[98.819072,2.765665],[98.844976,2.753301],[98.89855,2.7168],[98.911208,2.700316],[98.919744,2.682065],[98.924748,2.662932],[98.92622,2.644975],[98.91945,2.63114],[98.917389,2.620838],[98.922688,2.610829],[98.953007,2.571973],[99.024538,2.507507],[99.036018,2.49014],[99.040728,2.466885],[99.041611,2.418904],[99.04897,2.396827],[99.065749,2.398593],[99.103722,2.422436],[99.12521,2.425969],[99.143755,2.420964]]]}},{"type":"Feature","properties":{"name":"Gyaring","minZoom":4.7,"rank":5},"geometry":{"type":"Polygon","coordinates":[[[97.466174,34.992355],[97.48678,34.983818],[97.486191,34.96704],[97.472062,34.956148],[97.452045,34.965274],[97.445863,34.93672],[97.396116,34.90905],[97.383752,34.886973],[97.378748,34.872843],[97.366679,34.864307],[97.342247,34.855181],[97.318109,34.835165],[97.304274,34.829277],[97.288378,34.835459],[97.248345,34.836048],[97.109699,34.917292],[97.083795,34.926123],[97.069371,34.935248],[97.06319,34.949378],[97.061718,34.972633],[97.056419,34.988234],[97.055831,34.997948],[97.061718,35.006779],[97.074376,35.012077],[97.085856,35.009723],[97.093804,35.000892],[97.095864,34.986173],[97.107344,34.998242],[97.113526,35.016493],[97.122946,35.027973],[97.162979,35.012961],[97.250111,35.013549],[97.263063,35.016493],[97.288378,35.030034],[97.300742,35.034155],[97.317226,35.034155],[97.333122,35.030622],[97.413189,35.000008],[97.436738,34.994416],[97.466174,34.992355]]]}},{"type":"Feature","properties":{"name":"Rakshastal","minZoom":4.7,"rank":5},"geometry":{"type":"Polygon","coordinates":[[[81.322068,30.65225],[81.327955,30.641653],[81.315886,30.618987],[81.299108,30.608096],[81.277325,30.605446],[81.252304,30.607213],[81.246711,30.605741],[81.241412,30.601914],[81.235525,30.599854],[81.228166,30.603975],[81.225517,30.608096],[81.219924,30.618693],[81.218158,30.621048],[81.206089,30.620459],[81.194903,30.616632],[81.183423,30.614866],[81.170176,30.621048],[81.143683,30.628996],[81.132792,30.646952],[81.125138,30.665791],[81.108654,30.676094],[81.130143,30.687868],[81.135441,30.68934],[81.14545,30.68728],[81.148982,30.682864],[81.151631,30.678154],[81.159579,30.676094],[81.171942,30.681687],[81.180185,30.68728],[81.183717,30.692578],[81.180773,30.70347],[81.178418,30.708768],[81.176652,30.709651],[81.179007,30.713184],[81.188427,30.723781],[81.189899,30.724075],[81.203734,30.782654],[81.203439,30.812679],[81.189899,30.846825],[81.201673,30.853595],[81.212859,30.857716],[81.224045,30.857422],[81.247005,30.843881],[81.273204,30.841821],[81.283212,30.836522],[81.296164,30.82151],[81.300874,30.810913],[81.299991,30.799138],[81.291749,30.787658],[81.282623,30.78648],[81.272321,30.788247],[81.259663,30.784714],[81.242884,30.766758],[81.240824,30.745858],[81.248771,30.724958],[81.262606,30.706413],[81.273498,30.698171],[81.297341,30.688751],[81.30735,30.68257],[81.312943,30.674328],[81.322068,30.65225]]]}},{"type":"Feature","properties":{"name":"Manasarovar","minZoom":4.7,"rank":5},"geometry":{"type":"Polygon","coordinates":[[[81.602891,30.722603],[81.60348,30.690223],[81.574338,30.655783],[81.540192,30.634],[81.509578,30.607213],[81.498392,30.601325],[81.451294,30.566296],[81.445407,30.565413],[81.424212,30.566296],[81.430394,30.566296],[81.412438,30.579837],[81.394482,30.584547],[81.377409,30.592494],[81.362102,30.614277],[81.378586,30.641359],[81.369166,30.724075],[81.375642,30.764403],[81.406551,30.788541],[81.450411,30.787658],[81.53401,30.764403],[81.57787,30.748507],[81.602891,30.722603]]]}},{"type":"Feature","properties":{"name":"Manyara","minZoom":4.7,"rank":5},"geometry":{"type":"Polygon","coordinates":[[[35.74361,-3.705931],[35.747142,-3.652651],[35.737134,-3.624392],[35.7389,-3.594367],[35.752735,-3.580531],[35.76657,-3.566696],[35.767159,-3.550212],[35.76657,-3.533433],[35.784526,-3.473677],[35.811313,-3.427756],[35.838984,-3.421575],[35.862238,-3.404207],[35.87784,-3.412155],[35.883433,-3.438942],[35.894913,-3.458959],[35.89403,-3.480448],[35.887848,-3.512239],[35.881666,-3.54197],[35.859,-3.600548],[35.869303,-3.660893],[35.865182,-3.680027],[35.855762,-3.700043],[35.847226,-3.6971],[35.838984,-3.69445],[35.83604,-3.702693],[35.833391,-3.711229],[35.825737,-3.720354],[35.819556,-3.730363],[35.78276,-3.764215],[35.7389,-3.761271],[35.74361,-3.705931]]]}},{"type":"Feature","properties":{"name":"Tumba","minZoom":4.7,"rank":5},"geometry":{"type":"Polygon","coordinates":[[[18.060568,-0.951565],[18.033486,-0.976881],[18.016413,-0.972465],[18.012292,-0.960396],[18.016119,-0.944795],[18.022595,-0.929194],[18.011409,-0.927722],[18.010526,-0.923012],[18.012292,-0.916536],[18.009054,-0.908588],[18.008171,-0.904762],[18.009054,-0.900052],[18.009348,-0.896225],[18.005816,-0.894459],[17.991981,-0.895342],[17.988449,-0.894459],[17.981678,-0.891515],[17.96696,-0.889749],[17.961073,-0.887688],[17.956363,-0.881801],[17.95077,-0.866494],[17.947532,-0.860313],[17.918979,-0.831759],[17.912797,-0.819396],[17.90897,-0.797907],[17.914269,-0.791726],[17.947532,-0.79879],[17.940762,-0.775241],[17.940173,-0.72255],[17.926338,-0.702533],[17.923983,-0.709009],[17.920451,-0.713425],[17.916624,-0.717546],[17.912797,-0.723139],[17.88807,-0.716074],[17.835379,-0.724022],[17.80977,-0.716369],[17.817129,-0.709598],[17.806826,-0.695174],[17.799173,-0.678984],[17.798584,-0.662794],[17.80977,-0.648076],[17.831847,-0.676629],[17.872764,-0.674863],[17.954891,-0.641306],[17.97167,-0.636596],[17.999634,-0.632769],[18.025833,-0.633947],[18.037313,-0.644838],[18.042023,-0.656907],[18.052914,-0.660439],[18.066161,-0.660145],[18.077347,-0.661617],[18.08971,-0.668387],[18.118852,-0.695763],[18.118852,-0.716369],[18.108844,-0.722256],[18.112082,-0.727849],[18.120324,-0.735502],[18.125034,-0.746982],[18.121501,-0.754341],[18.112082,-0.756402],[18.10119,-0.754636],[18.091476,-0.750515],[18.095008,-0.788488],[18.098541,-0.79879],[18.1059,-0.805561],[18.127094,-0.817924],[18.131804,-0.826166],[18.129743,-0.840296],[18.12209,-0.843828],[18.11267,-0.843828],[18.105311,-0.846772],[18.103251,-0.852365],[18.098541,-0.884156],[18.102662,-0.890632],[18.111787,-0.897697],[18.120912,-0.906528],[18.125034,-0.918597],[18.124739,-0.932432],[18.125034,-0.935375],[18.127977,-0.940674],[18.136808,-0.946856],[18.138574,-0.952743],[18.143579,-0.961279],[18.162712,-0.980119],[18.162712,-0.983945],[18.156531,-0.986595],[18.142401,-0.999547],[18.131804,-1.003668],[18.124739,-0.990127],[18.114436,-0.987184],[18.091476,-0.990716],[18.084411,-0.992776],[18.077935,-0.996898],[18.072931,-0.997192],[18.071165,-0.987184],[18.073226,-0.976881],[18.082645,-0.960691],[18.084706,-0.952743],[18.077347,-0.941557],[18.060568,-0.951565]]]}},{"type":"Feature","properties":{"name":"Poyang Lake","minZoom":4.7,"rank":5},"geometry":{"type":"Polygon","coordinates":[[[116.454721,30.117391],[116.445596,30.124161],[116.425579,30.115036],[116.393199,30.093547],[116.393199,30.099435],[116.398497,30.10856],[116.394082,30.11327],[116.384074,30.112975],[116.396437,30.122984],[116.40674,30.12681],[116.40674,30.134464],[116.394376,30.137113],[116.383779,30.141234],[116.374654,30.147121],[116.365823,30.154775],[116.370238,30.155364],[116.373182,30.15713],[116.375831,30.15919],[116.379658,30.16184],[116.393199,30.154775],[116.384662,30.168021],[116.371122,30.17538],[116.354932,30.175675],[116.338447,30.16861],[116.319608,30.177441],[116.317547,30.182151],[116.317253,30.192454],[116.321668,30.214531],[116.316075,30.223656],[116.296942,30.223656],[116.31166,30.235431],[116.325789,30.240729],[116.33727,30.237491],[116.344629,30.223656],[116.351399,30.229838],[116.348161,30.235431],[116.346689,30.239552],[116.344629,30.250443],[116.359053,30.244262],[116.358464,30.255153],[116.360524,30.261629],[116.365234,30.266339],[116.372593,30.271343],[116.369061,30.223656],[116.377892,30.219535],[116.387606,30.212176],[116.39732,30.210704],[116.40674,30.223656],[116.411744,30.21041],[116.413216,30.194514],[116.418809,30.181268],[116.434704,30.17538],[116.432938,30.193337],[116.430877,30.201284],[116.427345,30.209527],[116.436176,30.204817],[116.445596,30.203934],[116.454427,30.203934],[116.461197,30.203345],[116.46002,30.205406],[116.464435,30.207761],[116.470911,30.209232],[116.475621,30.209527],[116.476504,30.199224],[116.478859,30.192159],[116.485629,30.188921],[116.50388,30.195692],[116.527135,30.226894],[116.543325,30.236608],[116.542736,30.220418],[116.536849,30.183034],[116.530961,30.16861],[116.535671,30.165372],[116.538026,30.162428],[116.540087,30.158896],[116.543325,30.154775],[116.532727,30.153892],[116.519481,30.150065],[116.508295,30.144472],[116.503585,30.137407],[116.506529,30.125044],[116.514183,30.122689],[116.52478,30.123867],[116.537143,30.120629],[116.549801,30.111209],[116.555394,30.102378],[116.551272,30.095902],[116.533905,30.093547],[116.52007,30.08972],[116.495932,30.072059],[116.482391,30.066171],[116.48298,30.076474],[116.486807,30.084716],[116.493577,30.090604],[116.503585,30.093547],[116.503585,30.099435],[116.4924,30.100318],[116.481508,30.099729],[116.470911,30.097668],[116.461197,30.093547],[116.444124,30.101201],[116.454721,30.117391]]]}},{"type":"Feature","properties":{"name":"Ang Laren","minZoom":4.7,"rank":5},"geometry":{"type":"Polygon","coordinates":[[[83.316385,31.443795],[83.285771,31.456159],[83.260161,31.471466],[83.25604,31.462929],[83.253097,31.459102],[83.248976,31.459397],[83.240145,31.463812],[83.230136,31.461457],[83.21012,31.459397],[83.190103,31.459691],[83.178328,31.463812],[83.144182,31.449683],[83.133585,31.462046],[83.097378,31.490894],[83.08943,31.501491],[83.080894,31.518858],[83.06176,31.530927],[83.042921,31.53652],[83.03409,31.535343],[83.027908,31.518564],[83.01319,31.517975],[82.995234,31.523568],[82.979632,31.525334],[82.970507,31.519153],[82.958733,31.501491],[82.94843,31.497958],[82.939599,31.499725],[82.910751,31.512382],[82.891912,31.514149],[82.878077,31.523568],[82.866008,31.533871],[82.832745,31.545351],[82.822148,31.559481],[82.823325,31.57361],[82.838632,31.579792],[82.939599,31.581264],[82.957261,31.579203],[82.972273,31.573021],[82.967858,31.581264],[82.965209,31.58509],[82.961971,31.586856],[82.954023,31.588034],[82.952845,31.590978],[82.954023,31.595393],[82.951668,31.600397],[82.949313,31.60393],[82.945781,31.613055],[82.941659,31.617765],[82.923703,31.619531],[82.917522,31.621003],[82.928413,31.634838],[82.941659,31.641903],[82.958144,31.643374],[82.979632,31.641314],[82.99906,31.634249],[83.018783,31.623652],[83.034679,31.619825],[83.041155,31.631894],[83.050574,31.643963],[83.072652,31.65456],[83.097967,31.659564],[83.115923,31.655738],[83.125048,31.642197],[83.120339,31.631894],[83.11033,31.623358],[83.102382,31.614821],[83.09208,31.610111],[83.089136,31.605696],[83.095612,31.600397],[83.10091,31.600692],[83.10827,31.60393],[83.11975,31.611289],[83.130641,31.615115],[83.135645,31.60599],[83.138,31.593332],[83.14065,31.586856],[83.19128,31.578026],[83.201289,31.57361],[83.209531,31.568017],[83.212769,31.563013],[83.21689,31.553299],[83.226015,31.549472],[83.247209,31.54594],[83.261633,31.537109],[83.305788,31.502963],[83.324038,31.474704],[83.364072,31.451449],[83.37673,31.436436],[83.348176,31.436142],[83.316385,31.443795]]]}},{"type":"Feature","properties":{"name":"Tangra Yumco","minZoom":4.7,"rank":5},"geometry":{"type":"Polygon","coordinates":[[[86.77899,31.180928],[86.796063,31.141778],[86.773986,31.122939],[86.748671,31.119406],[86.686854,31.121172],[86.659184,31.113519],[86.634752,31.099389],[86.614146,31.078784],[86.597368,31.052291],[86.609142,31.026387],[86.606787,31.001955],[86.59619,30.980466],[86.583827,30.963688],[86.567342,30.94632],[86.559689,30.936312],[86.552035,30.913646],[86.529664,30.894218],[86.521716,30.88156],[86.520833,30.869491],[86.527309,30.849769],[86.529369,30.836522],[86.524954,30.824159],[86.514946,30.813562],[86.47344,30.780887],[86.451069,30.769113],[86.429874,30.770585],[86.412507,30.784714],[86.408091,30.80061],[86.374828,30.864193],[86.376006,30.871257],[86.389841,30.874201],[86.406325,30.875673],[86.416039,30.878028],[86.421632,30.885092],[86.426636,30.89304],[86.433112,30.908936],[86.442238,30.950147],[86.446653,30.987531],[86.454012,30.999894],[86.501405,31.03875],[86.513768,31.054057],[86.519067,31.05965],[86.529369,31.066126],[86.552919,31.075252],[86.565576,31.082022],[86.570875,31.08997],[86.574996,31.112636],[86.605021,31.169742],[86.615029,31.211248],[86.620622,31.265705],[86.629748,31.284544],[86.631514,31.29573],[86.630336,31.307211],[86.625627,31.32811],[86.625627,31.339885],[86.647704,31.368733],[86.689798,31.368438],[86.734247,31.34695],[86.761917,31.313098],[86.766333,31.291904],[86.768982,31.223611],[86.77899,31.180928]]]}},{"type":"Feature","properties":{"name":"Sea of Galilee","minZoom":4.7,"rank":5},"geometry":{"type":"Polygon","coordinates":[[[35.637344,32.840553],[35.63705,32.832311],[35.640877,32.820831],[35.634989,32.794044],[35.635578,32.781975],[35.640877,32.772261],[35.634989,32.769612],[35.633812,32.76549],[35.634401,32.759897],[35.634106,32.752244],[35.599371,32.717803],[35.577,32.720158],[35.56964,32.737526],[35.566402,32.756954],[35.555217,32.766079],[35.549329,32.769612],[35.537849,32.793455],[35.52107,32.814649],[35.517244,32.820831],[35.52372,32.852033],[35.554922,32.880587],[35.591718,32.897954],[35.613501,32.895894],[35.63028,32.882647],[35.637639,32.874994],[35.640877,32.864985],[35.639699,32.849973],[35.637344,32.840553]]]}},{"type":"Feature","properties":{"name":"Yamdrok","minZoom":4.7,"rank":5},"geometry":{"type":"Polygon","coordinates":[[[91.002232,28.876057],[90.915101,28.93964],[90.905387,28.93493],[90.899205,28.935813],[90.895084,28.941995],[90.893906,28.952886],[90.887136,28.952886],[90.884487,28.937874],[90.877716,28.927277],[90.867119,28.919034],[90.85299,28.911675],[90.851224,28.919329],[90.851224,28.925805],[90.853873,28.931986],[90.85976,28.93964],[90.844748,28.939934],[90.833562,28.936696],[90.811484,28.926099],[90.810601,28.933753],[90.80648,28.945821],[90.805303,28.952886],[90.794117,28.937874],[90.775278,28.925216],[90.757616,28.922567],[90.749962,28.936402],[90.752023,28.940523],[90.756733,28.94435],[90.761443,28.948765],[90.763503,28.956419],[90.759382,28.963189],[90.749374,28.967899],[90.729357,28.974375],[90.725824,28.961128],[90.722586,28.952886],[90.764386,28.896957],[90.766152,28.87223],[90.729357,28.857218],[90.735244,28.868109],[90.733772,28.874291],[90.728474,28.878706],[90.722586,28.885182],[90.719643,28.88636],[90.701981,28.903139],[90.702275,28.905788],[90.689323,28.90932],[90.67225,28.910203],[90.656649,28.905788],[90.647524,28.891953],[90.682259,28.88842],[90.680198,28.878706],[90.604252,28.8216],[90.599248,28.812769],[90.597776,28.796579],[90.593066,28.785687],[90.582763,28.780683],[90.56569,28.782155],[90.56569,28.788337],[90.553621,28.785393],[90.523891,28.786276],[90.517709,28.785099],[90.514765,28.781861],[90.507406,28.782155],[90.499753,28.785687],[90.496809,28.792163],[90.498575,28.798639],[90.502402,28.806293],[90.505051,28.814535],[90.50358,28.823072],[90.491216,28.833374],[90.456187,28.846032],[90.448828,28.85398],[90.444707,28.868109],[90.437642,28.882533],[90.437348,28.893719],[90.45236,28.898135],[90.459131,28.896074],[90.471788,28.887243],[90.48003,28.885182],[90.490333,28.884299],[90.492982,28.88165],[90.493277,28.877235],[90.496809,28.870759],[90.495632,28.867521],[90.491805,28.862222],[90.490333,28.856335],[90.496809,28.851036],[90.504168,28.850448],[90.510939,28.854274],[90.515943,28.860456],[90.517709,28.867815],[90.520064,28.871347],[90.524774,28.871053],[90.529189,28.867815],[90.531544,28.861045],[90.530367,28.853391],[90.524185,28.836612],[90.523008,28.823366],[90.524774,28.813063],[90.533016,28.807765],[90.551855,28.809531],[90.547145,28.819245],[90.544496,28.823072],[90.549795,28.826015],[90.559803,28.833963],[90.56569,28.836612],[90.553621,28.845443],[90.558626,28.876057],[90.551855,28.891953],[90.563335,28.890481],[90.573049,28.891953],[90.580703,28.896957],[90.586296,28.905788],[90.58659,28.907849],[90.630745,28.915208],[90.641342,28.919623],[90.640164,28.926099],[90.629273,28.930515],[90.606607,28.934341],[90.599248,28.93964],[90.59601,28.950531],[90.600425,28.959068],[90.609845,28.964955],[90.623386,28.967016],[90.648701,28.965838],[90.661653,28.966427],[90.671073,28.970842],[90.68373,28.979085],[90.691089,28.979085],[90.694622,28.982028],[90.695211,28.998218],[90.690501,29.022062],[90.678432,29.041195],[90.647524,29.076225],[90.665774,29.086822],[90.66548,29.11302],[90.656649,29.139807],[90.650762,29.152171],[90.63781,29.155114],[90.628684,29.169244],[90.603663,29.174542],[90.583647,29.183668],[90.572461,29.186317],[90.545674,29.181902],[90.502402,29.157764],[90.460602,29.145989],[90.435876,29.130977],[90.39437,29.097419],[90.399669,29.086528],[90.396725,29.078874],[90.390544,29.077697],[90.387306,29.086822],[90.381418,29.099774],[90.369349,29.105661],[90.361107,29.111548],[90.366406,29.124795],[90.380535,29.111843],[90.400846,29.125384],[90.423512,29.147461],[90.44559,29.158941],[90.473849,29.165123],[90.520947,29.193382],[90.548323,29.199858],[90.606607,29.194559],[90.661064,29.179252],[90.675783,29.171304],[90.68844,29.162473],[90.701981,29.155114],[90.734067,29.148933],[90.741131,29.142162],[90.738188,29.134803],[90.722586,29.130977],[90.731712,29.115964],[90.73701,29.11096],[90.729357,29.103601],[90.722586,29.107722],[90.715816,29.11096],[90.719937,29.056797],[90.726119,29.048849],[90.730829,29.045905],[90.736422,29.038841],[90.743781,29.031776],[90.753789,29.028538],[90.763209,29.029715],[90.781165,29.034131],[90.791468,29.035308],[90.784697,29.023239],[90.773806,29.016469],[90.759382,29.014114],[90.743192,29.015586],[90.759088,28.99969],[90.782342,28.986149],[90.832384,28.967016],[90.832384,28.974375],[90.818255,28.980851],[90.823259,28.992625],[90.846219,29.015586],[90.839449,29.015586],[90.844748,29.024417],[90.846219,29.028538],[90.861821,29.019118],[90.874184,29.020001],[90.88537,29.0253],[90.898027,29.028538],[90.932762,29.028243],[90.94542,29.024417],[90.941888,29.015586],[90.953662,29.001751],[90.963376,28.993803],[91.013418,28.967604],[91.022838,28.957302],[91.017539,28.946705],[91.004882,28.944644],[90.991341,28.950531],[90.978978,28.957596],[90.969852,28.960245],[90.953074,28.953181],[90.951896,28.94435],[90.95955,28.934636],[90.969852,28.926099],[91.02431,28.891953],[91.041972,28.874585],[91.017539,28.870759],[91.002232,28.876057]]]}},{"type":"Feature","properties":{"name":"Shijiu","minZoom":4.7,"rank":5},"geometry":{"type":"Polygon","coordinates":[[[118.771661,31.471466],[118.764302,31.484418],[118.791383,31.429077],[118.794916,31.400818],[118.784024,31.389338],[118.773427,31.39287],[118.777843,31.408766],[118.758415,31.423779],[118.751056,31.434376],[118.750467,31.443501],[118.74664,31.456159],[118.738104,31.472938],[118.732216,31.488539],[118.736043,31.497958],[118.736043,31.504729],[118.757237,31.504729],[118.74193,31.517681],[118.724268,31.527689],[118.706018,31.534754],[118.688356,31.538875],[118.722502,31.559481],[118.733688,31.556243],[118.750172,31.542113],[118.785791,31.532693],[118.794621,31.531516],[118.801981,31.532105],[118.806396,31.534165],[118.815816,31.542407],[118.82288,31.54594],[118.829062,31.544174],[118.834361,31.540347],[118.839954,31.538875],[118.903242,31.547706],[118.939154,31.565662],[118.951812,31.552416],[118.963292,31.512382],[118.96653,31.506789],[118.971534,31.501196],[118.975361,31.494132],[118.976538,31.484418],[118.973006,31.473526],[118.965941,31.459691],[118.956522,31.448211],[118.945925,31.443501],[118.912956,31.442912],[118.907952,31.439969],[118.906185,31.436436],[118.894411,31.40229],[118.857615,31.381685],[118.82288,31.401996],[118.771661,31.471466]]]}},{"type":"Feature","properties":{"name":"Hong","minZoom":4.7,"rank":5},"geometry":{"type":"Polygon","coordinates":[[[113.453384,29.956079],[113.466336,29.931353],[113.461921,29.899856],[113.445731,29.872185],[113.42277,29.860705],[113.415706,29.859528],[113.409524,29.854524],[113.39039,29.851286],[113.38833,29.846281],[113.390685,29.839805],[113.394512,29.815079],[113.392157,29.803304],[113.368607,29.79153],[113.356244,29.763271],[113.347413,29.757089],[113.339465,29.753851],[113.327396,29.739722],[113.320037,29.736484],[113.279415,29.760621],[113.273822,29.767392],[113.275294,29.788292],[113.269995,29.799772],[113.246152,29.810663],[113.241148,29.82597],[113.231139,29.839805],[113.22172,29.861294],[113.218187,29.886021],[113.227018,29.907803],[113.245563,29.916634],[113.271173,29.91634],[113.295311,29.906626],[113.30944,29.887492],[113.2959,29.887492],[113.305614,29.87454],[113.335344,29.861294],[113.343587,29.846281],[113.35124,29.846281],[113.357127,29.866887],[113.342409,29.870125],[113.337699,29.880722],[113.340937,29.894557],[113.35124,29.907803],[113.345647,29.925171],[113.353301,29.943127],[113.368019,29.957257],[113.381559,29.963144],[113.402165,29.959317],[113.419532,29.952252],[113.436311,29.949014],[113.453384,29.956079]]]}},{"type":"Feature","properties":{"name":"Chao","minZoom":4.7,"rank":5},"geometry":{"type":"Polygon","coordinates":[[[117.95274,31.526806],[117.955389,31.497958],[117.932429,31.515032],[117.925659,31.524157],[117.928602,31.531516],[117.928602,31.538875],[117.911529,31.548589],[117.875322,31.563602],[117.84618,31.583324],[117.834994,31.588034],[117.820865,31.588917],[117.798493,31.586856],[117.778476,31.591272],[117.768174,31.591272],[117.749923,31.559481],[117.734322,31.545057],[117.70047,31.522391],[117.685163,31.508556],[117.661025,31.475881],[117.647484,31.46234],[117.625113,31.455276],[117.617459,31.446445],[117.612749,31.443501],[117.606273,31.442324],[117.595971,31.443501],[117.562413,31.443501],[117.557998,31.439969],[117.547989,31.438497],[117.500008,31.452921],[117.471455,31.469994],[117.455559,31.476176],[117.442018,31.484123],[117.43407,31.497958],[117.416409,31.517387],[117.383734,31.542996],[117.376375,31.54594],[117.359596,31.548295],[117.338402,31.554771],[117.317797,31.563602],[117.304256,31.573021],[117.288066,31.611583],[117.288949,31.661036],[117.306316,31.704308],[117.338991,31.72403],[117.360479,31.720498],[117.396097,31.70107],[117.438192,31.690178],[117.439369,31.673988],[117.432304,31.653971],[117.427594,31.635132],[117.434954,31.611583],[117.452027,31.596865],[117.474693,31.588917],[117.545929,31.580086],[117.563296,31.583324],[117.585374,31.600397],[117.622758,31.642786],[117.645424,31.657504],[117.678098,31.663097],[117.706652,31.659859],[117.84618,31.607756],[117.857072,31.598631],[117.880621,31.571844],[117.890335,31.566251],[117.913295,31.561541],[117.936256,31.548295],[117.95274,31.526806]]]}},{"type":"Feature","properties":{"name":"Sevan","minZoom":4.7,"rank":5},"geometry":{"type":"Polygon","coordinates":[[[45.018435,40.496081],[44.993708,40.49873],[44.971925,40.506973],[44.960445,40.51963],[44.966627,40.536998],[44.982817,40.545534],[45.001361,40.550538],[45.012547,40.558192],[45.004894,40.574382],[44.995769,40.580564],[44.98576,40.584685],[44.977518,40.590572],[44.973986,40.602052],[44.974869,40.615299],[44.978107,40.623835],[44.986349,40.627368],[45.001361,40.625307],[45.077896,40.602052],[45.090848,40.602052],[45.099973,40.590278],[45.22184,40.533465],[45.247156,40.510211],[45.276298,40.489605],[45.288661,40.483129],[45.293076,40.481952],[45.296903,40.479302],[45.295137,40.466056],[45.296314,40.461346],[45.303085,40.457519],[45.310149,40.455459],[45.330461,40.453987],[45.335759,40.452515],[45.346356,40.447511],[45.350772,40.447805],[45.354304,40.450455],[45.358425,40.455164],[45.359603,40.459286],[45.354893,40.461346],[45.350477,40.467528],[45.351655,40.479597],[45.357836,40.488722],[45.368728,40.48519],[45.377264,40.479302],[45.406112,40.468117],[45.43967,40.441624],[45.490889,40.385695],[45.529156,40.365089],[45.570073,40.353903],[45.583614,40.345367],[45.649257,40.275014],[45.661326,40.252642],[45.66633,40.224677],[45.66162,40.201128],[45.648668,40.182583],[45.630123,40.170809],[45.608046,40.166688],[45.563008,40.171692],[45.556532,40.169631],[45.508551,40.146082],[45.491183,40.154913],[45.468223,40.16345],[45.444085,40.166099],[45.42348,40.156679],[45.404346,40.14461],[45.380502,40.139312],[45.330461,40.139312],[45.286012,40.147554],[45.25422,40.167865],[45.23332,40.199656],[45.220663,40.241751],[45.228022,40.323878],[45.22655,40.371859],[45.207122,40.399824],[45.198291,40.399235],[45.176803,40.388638],[45.165911,40.386283],[45.157963,40.388638],[45.140596,40.397763],[45.128527,40.399824],[45.124994,40.404828],[45.124406,40.416014],[45.124994,40.437503],[45.121462,40.449572],[45.112925,40.452515],[45.10174,40.451926],[45.090848,40.453987],[45.081429,40.459874],[45.056702,40.481952],[45.038746,40.496375],[45.018435,40.496081]]]}},{"type":"Feature","properties":{"name":"","minZoom":4.7,"rank":5},"geometry":{"type":"Polygon","coordinates":[[[114.857501,30.313143],[114.859267,30.301074],[114.849259,30.297542],[114.838368,30.291654],[114.837779,30.271343],[114.830714,30.271343],[114.830125,30.280174],[114.82777,30.284295],[114.822178,30.285178],[114.813641,30.285178],[114.806282,30.286944],[114.798334,30.29136],[114.793919,30.295775],[114.796568,30.298719],[114.785088,30.292537],[114.783027,30.282529],[114.788031,30.272226],[114.796568,30.264867],[114.781555,30.258097],[114.776257,30.266045],[114.773019,30.278702],[114.765365,30.285178],[114.750353,30.289594],[114.733574,30.309316],[114.720916,30.313143],[114.739756,30.27988],[114.741816,30.265456],[114.734751,30.244262],[114.752708,30.243967],[114.763893,30.238374],[114.774196,30.230132],[114.789209,30.223656],[114.789209,30.216297],[114.775668,30.209527],[114.772724,30.214237],[114.766543,30.218652],[114.761833,30.223656],[114.755063,30.209527],[114.753885,30.214237],[114.748881,30.223656],[114.739756,30.219535],[114.732985,30.213648],[114.728864,30.2057],[114.727687,30.195692],[114.70973,30.205111],[114.679411,30.233076],[114.665576,30.229838],[114.657334,30.236608],[114.650269,30.241024],[114.649091,30.253681],[114.663221,30.258685],[114.683238,30.260746],[114.700605,30.264867],[114.700605,30.271343],[114.673229,30.271343],[114.673229,30.277819],[114.676762,30.280763],[114.68206,30.287239],[114.68677,30.29136],[114.679411,30.298719],[114.662338,30.29136],[114.662043,30.301663],[114.668814,30.313143],[114.673229,30.309316],[114.707376,30.317853],[114.717384,30.322563],[114.739461,30.354059],[114.748881,30.360241],[114.750058,30.355531],[114.759184,30.346112],[114.771547,30.336986],[114.783027,30.332277],[114.778023,30.346406],[114.785088,30.352882],[114.797745,30.350821],[114.809814,30.339636],[114.821883,30.345817],[114.82571,30.341402],[114.826887,30.332865],[114.830714,30.326095],[114.853674,30.313732],[114.857501,30.313143]]]}},{"type":"Feature","properties":{"name":"","minZoom":4.7,"rank":5},"geometry":{"type":"Polygon","coordinates":[[[114.589041,30.672856],[114.604642,30.664319],[114.613473,30.649307],[114.611118,30.634],[114.625542,30.629584],[114.640849,30.627818],[114.673229,30.627818],[114.673229,30.634],[114.662043,30.638121],[114.654684,30.648129],[114.649091,30.660787],[114.642027,30.672561],[114.628192,30.717305],[114.644382,30.719365],[114.664398,30.729079],[114.673229,30.730257],[114.680883,30.723486],[114.688831,30.712889],[114.697367,30.709651],[114.707376,30.724075],[114.694718,30.729668],[114.697956,30.73585],[114.709142,30.740854],[114.720916,30.743798],[114.714146,30.755278],[114.709142,30.767641],[114.710025,30.778238],[114.720916,30.784714],[114.723271,30.76352],[114.730042,30.743798],[114.741522,30.729668],[114.758595,30.724075],[114.773019,30.714656],[114.783616,30.670207],[114.803633,30.655783],[114.776257,30.644597],[114.761833,30.643419],[114.748881,30.648129],[114.717678,30.621636],[114.675584,30.609273],[114.631724,30.6131],[114.595517,30.636355],[114.570202,30.668735],[114.589041,30.672856]]]}},{"type":"Feature","properties":{"name":"Nansi","minZoom":4.7,"rank":5},"geometry":{"type":"Polygon","coordinates":[[[117.338991,34.612331],[117.342818,34.591431],[117.340463,34.579951],[117.318385,34.569943],[117.306316,34.559051],[117.261867,34.505477],[117.260101,34.499589],[117.2445,34.49694],[117.229193,34.49017],[117.201817,34.472508],[117.196519,34.486343],[117.201523,34.512836],[117.195047,34.527554],[117.180329,34.524022],[117.169143,34.536091],[117.129109,34.637352],[117.126166,34.660018],[117.134113,34.702701],[117.134113,34.723601],[117.122928,34.732432],[117.117923,34.738024],[117.124694,34.748916],[117.134996,34.755981],[117.140295,34.749799],[117.142356,34.740379],[117.147654,34.734492],[117.156191,34.732137],[117.160312,34.732432],[117.185333,34.718302],[117.234197,34.69858],[117.256569,34.68445],[117.327511,34.627344],[117.338991,34.612331]]]}},{"type":"Feature","properties":{"name":"","minZoom":4.7,"rank":5},"geometry":{"type":"Polygon","coordinates":[[[114.648797,30.338753],[114.63349,30.333748],[114.617889,30.339636],[114.621127,30.341991],[114.622304,30.341991],[114.622893,30.342579],[114.624659,30.3467],[114.597578,30.3467],[114.586098,30.348761],[114.577561,30.354059],[114.568436,30.356709],[114.557544,30.361713],[114.550479,30.368778],[114.553423,30.377609],[114.55725,30.385851],[114.551363,30.390266],[114.536056,30.394976],[114.523692,30.411755],[114.515744,30.419114],[114.505147,30.422352],[114.495728,30.420586],[114.487191,30.417348],[114.478655,30.417053],[114.467469,30.422352],[114.476005,30.431772],[114.493078,30.440014],[114.501909,30.449728],[114.506914,30.444724],[114.52222,30.435893],[114.522809,30.439131],[114.52222,30.449728],[114.54577,30.426767],[114.558427,30.42088],[114.563726,30.435893],[114.580505,30.425296],[114.588158,30.405279],[114.590513,30.360241],[114.606409,30.369072],[114.613473,30.387911],[114.614356,30.409989],[114.611118,30.428534],[114.628192,30.415876],[114.638789,30.412344],[114.64762,30.41882],[114.658805,30.435893],[114.645265,30.428534],[114.646737,30.442074],[114.648503,30.445312],[114.652624,30.449728],[114.652624,30.456498],[114.631724,30.466212],[114.621421,30.468567],[114.607586,30.46945],[114.601993,30.473866],[114.60788,30.495649],[114.604348,30.504774],[114.604348,30.51125],[114.6173,30.506834],[114.627603,30.49712],[114.635845,30.487406],[114.642027,30.483285],[114.648797,30.48093],[114.667342,30.468861],[114.673229,30.463269],[114.679411,30.463269],[114.69354,30.483285],[114.69354,30.490644],[114.679117,30.494471],[114.666459,30.500358],[114.657334,30.509778],[114.652624,30.524202],[114.662927,30.521553],[114.671169,30.520375],[114.678822,30.520964],[114.68677,30.524202],[114.688536,30.508601],[114.700311,30.503891],[114.734751,30.504774],[114.738872,30.50654],[114.740639,30.510072],[114.743582,30.509778],[114.751825,30.501242],[114.753296,30.49506],[114.750941,30.48829],[114.746232,30.481519],[114.741522,30.477104],[114.767131,30.478576],[114.778612,30.476809],[114.775668,30.46945],[114.761833,30.464152],[114.747703,30.463563],[114.735634,30.460914],[114.727687,30.449728],[114.734457,30.450022],[114.748292,30.449139],[114.755063,30.449728],[114.752708,30.432949],[114.756829,30.421469],[114.756534,30.415582],[114.741522,30.414993],[114.727392,30.417936],[114.721799,30.423824],[114.717678,30.434127],[114.707376,30.449728],[114.701783,30.444135],[114.696484,30.433243],[114.69354,30.428534],[114.696484,30.429122],[114.68677,30.408222],[114.670874,30.394976],[114.665576,30.387617],[114.664104,30.379964],[114.66587,30.372604],[114.669108,30.365834],[114.673229,30.360241],[114.662338,30.349644],[114.648797,30.338753]]]}},{"type":"Feature","properties":{"name":"Futou Lake","minZoom":4.7,"rank":5},"geometry":{"type":"Polygon","coordinates":[[[114.305274,30.036441],[114.309984,30.038207],[114.30969,30.024666],[114.306452,30.012303],[114.302036,30.004061],[114.296443,30.004061],[114.28879,29.989342],[114.275543,29.983749],[114.241691,29.983455],[114.246401,29.975507],[114.244929,29.968442],[114.238159,29.965499],[114.227562,29.969914],[114.201364,29.951958],[114.218142,29.940478],[114.2517,29.931353],[114.275838,29.921933],[114.265829,29.904565],[114.25641,29.893968],[114.242869,29.890436],[114.220792,29.893968],[114.199597,29.900739],[114.179581,29.90957],[114.162802,29.92105],[114.15191,29.935179],[114.158681,29.928998],[114.147201,29.953136],[114.140136,29.980511],[114.137192,30.008182],[114.138075,30.032025],[114.139841,30.031436],[114.143963,30.03438],[114.148672,30.039384],[114.15191,30.044977],[114.151616,30.049393],[114.147201,30.059401],[114.145729,30.066171],[114.145434,30.092958],[114.147495,30.104733],[114.15191,30.113858],[114.158681,30.099435],[114.177814,30.122689],[114.201658,30.144767],[114.229623,30.154481],[114.261708,30.140645],[114.249934,30.126516],[114.234627,30.116213],[114.22403,30.102673],[114.227562,30.079712],[114.243163,30.075297],[114.248756,30.052336],[114.250817,30.034674],[114.255527,30.044977],[114.25641,30.039384],[114.261708,30.024372],[114.270834,30.030553],[114.278193,30.038501],[114.28408,30.047921],[114.289673,30.058812],[114.2935,30.050276],[114.294971,30.045272],[114.294088,30.040562],[114.289673,30.032025],[114.294088,30.033791],[114.305274,30.036441]]]}},{"type":"Feature","properties":{"name":"","minZoom":4.7,"rank":5},"geometry":{"type":"Polygon","coordinates":[[[114.157798,29.886904],[114.165746,29.861588],[114.160741,29.85158],[114.138075,29.873657],[114.135132,29.863354],[114.130716,29.855701],[114.125123,29.849814],[114.117764,29.846281],[114.11276,29.858939],[114.113054,29.869242],[114.115998,29.87925],[114.117764,29.89073],[114.115998,29.905743],[114.111583,29.911336],[114.105107,29.914279],[114.097159,29.921933],[114.084795,29.95549],[114.075081,29.969914],[114.056242,29.976685],[114.069194,29.951075],[114.070077,29.934296],[114.060658,29.921639],[114.042113,29.907803],[114.039463,29.903094],[114.040641,29.898678],[114.039758,29.89544],[114.032104,29.893968],[114.026511,29.892202],[114.014148,29.883077],[114.008261,29.879839],[113.998252,29.878367],[113.989421,29.878661],[113.980002,29.876306],[113.967933,29.866887],[113.964106,29.871597],[113.961751,29.877484],[113.960574,29.884843],[113.960574,29.887492],[113.959102,29.891025],[113.958808,29.894557],[113.957336,29.898089],[113.953803,29.901622],[113.988538,29.910747],[114.002962,29.916929],[114.015031,29.928998],[114.000019,29.969914],[113.992071,29.976685],[113.976764,29.972269],[113.960279,29.952841],[113.947033,29.94872],[113.949094,29.95343],[113.953803,29.969914],[113.940557,29.970503],[113.932904,29.976979],[113.929077,29.986987],[113.926427,29.99729],[113.938202,29.991697],[113.954981,29.987282],[113.985006,29.983455],[113.99001,29.986104],[113.995897,29.991697],[114.000313,29.997585],[114.002079,30.000528],[114.006495,30.005827],[114.015325,30.001411],[114.024745,29.993758],[114.028277,29.989637],[114.039463,29.996701],[114.058597,30.019662],[114.06625,30.024372],[114.088328,30.034674],[114.098042,30.035852],[114.090388,30.024372],[114.099514,30.009948],[114.117764,29.99052],[114.12424,29.976685],[114.127773,29.958728],[114.128067,29.942538],[114.131305,29.926937],[114.157798,29.886904]]]}},{"type":"Feature","properties":{"name":"Hoh Xil Hu","minZoom":4.7,"rank":5},"geometry":{"type":"Polygon","coordinates":[[[91.297774,35.609048],[91.338985,35.579906],[91.306605,35.568426],[91.288649,35.565188],[91.270692,35.565482],[91.298951,35.538695],[91.300129,35.528686],[91.274519,35.524565],[91.233014,35.526626],[91.218884,35.530747],[91.2024,35.538989],[91.160012,35.551353],[91.072291,35.557534],[91.03785,35.573135],[91.019305,35.589325],[91.003704,35.599923],[90.985454,35.605516],[90.959844,35.607282],[90.941888,35.614641],[90.932174,35.63142],[90.935412,35.647904],[90.956606,35.654969],[90.967792,35.653202],[90.996934,35.642017],[90.998111,35.639956],[91.001644,35.634952],[91.006648,35.630242],[91.011946,35.628182],[91.016067,35.631714],[91.018422,35.638484],[91.021072,35.645549],[91.028136,35.648787],[91.094368,35.646726],[91.113502,35.642017],[91.139112,35.62877],[91.149709,35.62671],[91.223005,35.634658],[91.21859,35.641428],[91.217118,35.647021],[91.218884,35.653497],[91.223005,35.662328],[91.241256,35.648198],[91.262745,35.64025],[91.283056,35.630242],[91.297774,35.609048]]]}},{"type":"Feature","properties":{"name":"","minZoom":4.7,"rank":5},"geometry":{"type":"Polygon","coordinates":[[[85.900019,30.944554],[85.902963,30.933957],[85.898841,30.922477],[85.885889,30.913646],[85.876764,30.916589],[85.873232,30.926009],[85.878236,30.936312],[85.870877,30.931896],[85.862046,30.93013],[85.852332,30.93013],[85.841735,30.931308],[85.856453,30.91394],[85.862046,30.886859],[85.861752,30.85595],[85.85557,30.814445],[85.843501,30.777355],[85.836731,30.764403],[85.815536,30.747624],[85.799935,30.749096],[85.784039,30.756455],[85.761373,30.758221],[85.765789,30.766169],[85.770793,30.770585],[85.778152,30.772351],[85.788749,30.771762],[85.788749,30.778533],[85.771676,30.782065],[85.769027,30.789424],[85.772854,30.795606],[85.775797,30.795606],[85.780801,30.793839],[85.791693,30.800315],[85.803468,30.810324],[85.809944,30.819449],[85.785806,30.817683],[85.761962,30.830929],[85.743417,30.852418],[85.733998,30.874201],[85.718985,30.868019],[85.70515,30.871257],[85.69102,30.878028],[85.675419,30.88156],[85.658935,30.879499],[85.610659,30.86066],[85.598001,30.871257],[85.589759,30.864781],[85.584461,30.848297],[85.582694,30.830046],[85.574452,30.819744],[85.555319,30.82622],[85.522055,30.846825],[85.413435,30.87008],[85.377817,30.888625],[85.36928,30.895689],[85.358683,30.909525],[85.331307,30.957212],[85.333368,30.975757],[85.341905,30.993418],[85.353973,31.008137],[85.396656,31.036101],[85.405193,31.045521],[85.406076,31.05494],[85.3996,31.070247],[85.40166,31.076429],[85.411963,31.081139],[85.424327,31.080845],[85.43669,31.077606],[85.446698,31.073485],[85.480844,31.049348],[85.497034,31.041694],[85.522055,31.03875],[85.536774,31.034335],[85.567682,31.015496],[85.586816,31.011375],[85.613603,31.001955],[85.629204,30.999011],[85.638035,31.004604],[85.634503,31.014907],[85.626555,31.020794],[85.627732,31.02727],[85.651576,31.03875],[85.656285,31.031686],[85.665705,31.02256],[85.67483,31.019028],[85.678951,31.028448],[85.685133,31.037573],[85.698968,31.037573],[85.747244,31.02727],[85.783745,31.005487],[85.802879,30.996951],[85.854393,30.992241],[85.880591,30.984293],[85.891777,30.966926],[85.89472,30.955445],[85.900019,30.944554]]]}},{"type":"Feature","properties":{"name":"","minZoom":5.0,"rank":6},"geometry":{"type":"Polygon","coordinates":[[[90.290754,33.313596],[90.236003,33.341561],[90.213337,33.349803],[90.194497,33.360989],[90.160351,33.389837],[90.124144,33.357751],[90.085877,33.362461],[89.99639,33.403377],[90.014641,33.426044],[90.016996,33.433991],[90.014346,33.44606],[90.008165,33.450181],[90.0011,33.452242],[89.99639,33.45754],[89.994918,33.475202],[90.005515,33.473142],[90.023177,33.463428],[90.052908,33.453714],[90.091175,33.43458],[90.11914,33.413091],[90.137979,33.403672],[90.158879,33.398668],[90.181251,33.396607],[90.195969,33.398079],[90.207449,33.402789],[90.281923,33.453419],[90.294287,33.45754],[90.302823,33.479912],[90.293109,33.529071],[90.270149,33.602073],[90.277508,33.602073],[90.286928,33.599424],[90.293404,33.612965],[90.296936,33.632393],[90.298113,33.725117],[90.31607,33.689499],[90.318719,33.680668],[90.337558,33.670954],[90.341679,33.66389],[90.325489,33.656825],[90.336086,33.623856],[90.344034,33.608549],[90.356103,33.602073],[90.362285,33.593537],[90.378475,33.555564],[90.390838,33.546733],[90.402024,33.530543],[90.407028,33.49257],[90.407911,33.419862],[90.400258,33.420745],[90.364051,33.414563],[90.352865,33.409853],[90.347567,33.401317],[90.343151,33.383066],[90.339619,33.375707],[90.311654,33.361872],[90.311654,33.34892],[90.314598,33.33273],[90.310771,33.319189],[90.290754,33.313596]]]}},{"type":"Feature","properties":{"name":"","minZoom":5.0,"rank":6},"geometry":{"type":"Polygon","coordinates":[[[89.973135,33.492275],[89.976668,33.484916],[89.972841,33.471964],[89.964893,33.46696],[89.955768,33.464016],[89.948703,33.45754],[89.947231,33.437818],[89.949292,33.410442],[89.946937,33.38601],[89.93163,33.375707],[89.916912,33.370409],[89.902488,33.35834],[89.891597,33.343622],[89.887181,33.330964],[89.882471,33.308298],[89.870402,33.292991],[89.85274,33.282099],[89.832429,33.27268],[89.848325,33.260317],[89.843321,33.247364],[89.82507,33.242949],[89.800932,33.255901],[89.793573,33.266498],[89.798577,33.269736],[89.807703,33.271797],[89.811529,33.280039],[89.807408,33.286221],[89.790041,33.302116],[89.784154,33.313596],[89.777678,33.347743],[89.777383,33.383361],[89.788863,33.41162],[89.8183,33.423394],[89.806231,33.430165],[89.752657,33.430459],[89.728813,33.436935],[89.674356,33.478146],[89.661404,33.492275],[89.667585,33.499046],[89.692606,33.483445],[89.739116,33.464605],[89.788569,33.453419],[89.821832,33.461367],[89.830074,33.46696],[89.838022,33.470198],[89.84391,33.475497],[89.846264,33.488449],[89.84597,33.499635],[89.847442,33.509349],[89.852152,33.516413],[89.863043,33.519063],[89.929569,33.525244],[89.948703,33.519063],[89.956357,33.512587],[89.973135,33.492275]]]}},{"type":"Feature","properties":{"name":"","minZoom":5.0,"rank":6},"geometry":{"type":"Polygon","coordinates":[[[75.91872,32.11053],[75.921369,32.114357],[75.919014,32.122894],[75.91872,32.12672],[75.922252,32.12937],[75.935499,32.130841],[75.941681,32.132313],[75.945507,32.135257],[75.946096,32.139672],[75.944624,32.144382],[75.933144,32.161455],[75.931083,32.166165],[75.930495,32.170875],[75.932555,32.17529],[75.937265,32.177645],[75.942564,32.178823],[75.953749,32.178234],[75.974355,32.168226],[75.998198,32.137023],[76.006146,32.132902],[76.012034,32.132608],[76.015272,32.137023],[76.02528,32.157923],[76.02999,32.162044],[76.034994,32.165282],[76.042353,32.167048],[76.043825,32.164104],[76.042942,32.141144],[76.039409,32.122599],[76.039115,32.11524],[76.040587,32.107881],[76.045591,32.099933],[76.052067,32.097284],[76.057954,32.098167],[76.063547,32.100522],[76.070612,32.101111],[76.07385,32.097578],[76.076499,32.091985],[76.080326,32.085804],[76.085625,32.083449],[76.098577,32.084921],[76.106524,32.084626],[76.11094,32.081094],[76.112412,32.076678],[76.111234,32.071085],[76.104758,32.05519],[76.104758,32.047536],[76.106524,32.039588],[76.112117,32.027814],[76.117122,32.021632],[76.12242,32.017511],[76.128307,32.015451],[76.135078,32.014568],[76.141554,32.014862],[76.160982,32.018689],[76.16893,32.017511],[76.172756,32.013684],[76.173345,32.00868],[76.171579,32.004559],[76.169813,32.001615],[76.169224,32.001027],[76.169224,32.000732],[76.16893,32.000438],[76.168635,32.000144],[76.168341,31.999849],[76.168341,31.999555],[76.160982,31.991018],[76.158333,31.986014],[76.157449,31.980127],[76.158627,31.97424],[76.160982,31.968058],[76.187475,31.925081],[76.1966,31.906242],[76.199544,31.895644],[76.200427,31.882692],[76.200132,31.877983],[76.197777,31.873567],[76.193656,31.870329],[76.188358,31.868857],[76.18247,31.869446],[76.176583,31.871507],[76.171579,31.87445],[76.159804,31.885342],[76.155389,31.887402],[76.15009,31.887108],[76.145381,31.884459],[76.137727,31.876511],[76.133606,31.873567],[76.128602,31.872095],[76.123598,31.873273],[76.119182,31.876216],[76.116533,31.880632],[76.114472,31.885636],[76.112117,31.890346],[76.108585,31.893878],[76.102109,31.895056],[76.088568,31.896233],[76.08327,31.898588],[76.080032,31.902415],[76.080326,31.912718],[76.079149,31.917722],[76.075911,31.921548],[76.071201,31.923903],[76.051184,31.926553],[76.007912,31.941271],[76.003791,31.94392],[76.000553,31.946864],[75.997904,31.94863],[75.993194,31.950985],[75.980242,31.954223],[75.969351,31.959521],[75.963463,31.961288],[75.942269,31.962171],[75.936676,31.963348],[75.93491,31.964526],[75.934616,31.965409],[75.934616,31.965997],[75.934321,31.967469],[75.939914,31.975711],[75.944035,31.986897],[75.946979,31.991901],[75.954044,31.999555],[75.954044,31.999849],[75.954044,32.000438],[75.954338,32.000438],[75.958165,32.036939],[75.956693,32.041649],[75.951983,32.044593],[75.93962,32.049008],[75.93491,32.051952],[75.931378,32.055778],[75.930495,32.060488],[75.931378,32.064904],[75.931967,32.070497],[75.931672,32.075501],[75.933144,32.080799],[75.936676,32.089042],[75.934616,32.092868],[75.929317,32.095518],[75.917543,32.099933],[75.913716,32.102877],[75.912244,32.10582],[75.914893,32.108764],[75.91872,32.11053]]]}},{"type":"Feature","properties":{"name":"","minZoom":5.0,"rank":6},"geometry":{"type":"Polygon","coordinates":[[[91.533854,32.094046],[91.534443,32.067553],[91.532088,32.046653],[91.516192,31.999261],[91.511482,31.971296],[91.518253,31.950396],[91.506184,31.942154],[91.463207,31.929496],[91.467622,31.943331],[91.463501,31.952457],[91.454081,31.958638],[91.442601,31.964231],[91.431415,31.980716],[91.424056,32.012507],[91.421113,32.047536],[91.421996,32.07344],[91.433476,32.095223],[91.455847,32.118772],[91.483812,32.135257],[91.510894,32.135551],[91.527084,32.119067],[91.533854,32.094046]]]}},{"type":"Feature","properties":{"name":"","minZoom":5.0,"rank":6},"geometry":{"type":"Polygon","coordinates":[[[87.606153,31.944214],[87.617045,31.922137],[87.610863,31.903887],[87.597617,31.887108],[87.570535,31.861498],[87.555228,31.850901],[87.538155,31.843542],[87.519022,31.840598],[87.481343,31.841187],[87.463092,31.839126],[87.447197,31.833239],[87.417466,31.843542],[87.409224,31.877099],[87.418938,31.912718],[87.499888,31.962465],[87.539038,31.979244],[87.557289,31.97424],[87.580838,31.965114],[87.592024,31.958638],[87.601444,31.958638],[87.604976,31.957461],[87.606153,31.953634],[87.606153,31.944214]]]}},{"type":"Feature","properties":{"name":"Pangong Tso","minZoom":5.0,"rank":6},"geometry":{"type":"Polygon","coordinates":[[[78.980401,33.735715],[78.984817,33.720996],[78.970393,33.711577],[78.948316,33.706573],[78.928888,33.704512],[78.861773,33.689499],[78.8238,33.698919],[78.799956,33.690088],[78.776407,33.677136],[78.758157,33.669777],[78.727543,33.678019],[78.69163,33.703629],[78.656307,33.738364],[78.628048,33.773393],[78.605382,33.809011],[78.590958,33.826967],[78.576534,33.834915],[78.563582,33.839919],[78.486458,33.893199],[78.456728,33.92087],[78.435533,33.951483],[78.435533,33.978859],[78.447897,33.967674],[78.456728,33.968851],[78.464675,33.975033],[78.473506,33.978859],[78.488225,33.979154],[78.49735,33.977682],[78.501765,33.973561],[78.502648,33.95531],[78.505003,33.949129],[78.511185,33.937943],[78.545331,33.896437],[78.551807,33.907918],[78.559461,33.905857],[78.576534,33.886429],[78.589191,33.87907],[78.60126,33.874949],[78.61068,33.869945],[78.618334,33.846101],[78.637467,33.831972],[78.641588,33.824318],[78.679561,33.783107],[78.729014,33.744545],[78.75904,33.728944],[78.785532,33.725117],[78.792597,33.728944],[78.805255,33.742485],[78.813497,33.746017],[78.820856,33.74484],[78.833514,33.735715],[78.840284,33.732477],[78.855885,33.730416],[78.868249,33.731888],[78.880023,33.737186],[78.895625,33.746017],[78.913286,33.734243],[78.962445,33.74013],[78.980401,33.735715]]]}},{"type":"Feature","properties":{"name":"Nyumba ya Mungu Reservoir","minZoom":5.7,"rank":7},"geometry":{"type":"Polygon","coordinates":[[[37.471233,-3.580237],[37.477414,-3.595544],[37.473293,-3.612323],[37.452688,-3.650001],[37.446212,-3.668546],[37.453571,-3.762743],[37.441502,-3.783054],[37.427373,-3.768041],[37.395287,-3.71064],[37.341713,-3.659715],[37.330232,-3.638816],[37.334059,-3.609968],[37.361729,-3.603786],[37.424723,-3.609968],[37.441208,-3.600843],[37.457986,-3.586419],[37.471233,-3.580237]]]}},{"type":"Feature","properties":{"name":"","minZoom":5.7,"rank":7},"geometry":{"type":"Polygon","coordinates":[[[113.069239,29.393844],[113.071594,29.386485],[113.069239,29.377948],[113.065118,29.369411],[113.063058,29.36323],[113.055698,29.284635],[113.049222,29.267856],[113.029206,29.232827],[113.017725,29.219874],[113.008895,29.205156],[113.000358,29.1663],[112.993588,29.147461],[112.986228,29.170421],[112.987406,29.254021],[112.992704,29.262557],[113.004479,29.269033],[113.016254,29.278159],[113.021552,29.294643],[113.02008,29.307301],[113.015665,29.322019],[113.008011,29.334088],[112.997414,29.339386],[112.970922,29.333499],[112.944429,29.31937],[112.898802,29.284635],[112.83522,29.215459],[112.816086,29.202213],[112.816086,29.229294],[112.822268,29.250194],[112.832865,29.271977],[112.88379,29.3491],[112.886145,29.365585],[112.87437,29.383835],[112.861124,29.394727],[112.854942,29.394727],[112.851704,29.390606],[112.846994,29.387662],[112.852293,29.380303],[112.845522,29.367057],[112.83522,29.359403],[112.829627,29.370295],[112.827272,29.396199],[112.827861,29.409445],[112.833453,29.415038],[112.842284,29.417393],[112.853765,29.423869],[112.864362,29.4327],[112.870543,29.442414],[112.858769,29.444474],[112.852293,29.45095],[112.846994,29.459781],[112.83728,29.469495],[112.826094,29.475088],[112.804311,29.479798],[112.795775,29.483919],[112.791359,29.480092],[112.787827,29.478621],[112.774286,29.477149],[112.774286,29.483919],[112.795481,29.491278],[112.811376,29.495105],[112.826389,29.493044],[112.844051,29.483919],[112.912343,29.431817],[112.92294,29.427401],[112.979752,29.374121],[112.994176,29.364407],[113.015076,29.357637],[113.033915,29.361169],[113.042158,29.383835],[113.045101,29.387956],[113.05246,29.393255],[113.061586,29.396493],[113.069239,29.393844]]]}},{"type":"Feature","properties":{"name":"","minZoom":5.7,"rank":7},"geometry":{"type":"Polygon","coordinates":[[[118.839954,29.630218],[118.834361,29.628452],[118.826118,29.627274],[118.839954,29.630218]]]}},{"type":"Feature","properties":{"name":"Ulansuhai Nur","minZoom":5.7,"rank":7},"geometry":{"type":"Polygon","coordinates":[[[108.951085,40.994145],[108.944903,40.971774],[108.926358,40.952934],[108.903398,40.934389],[108.897511,40.92703],[108.883087,40.912018],[108.876317,40.908191],[108.8772,40.90613],[108.852179,40.891412],[108.838638,40.876105],[108.816855,40.86021],[108.768874,40.837249],[108.729723,40.80428],[108.714122,40.801042],[108.708235,40.811934],[108.717654,40.838721],[108.727368,40.855205],[108.730018,40.861976],[108.732078,40.872278],[108.731489,40.88317],[108.728251,40.895239],[108.717654,40.920554],[108.729723,40.921437],[108.74032,40.917905],[108.747974,40.91084],[108.751801,40.899654],[108.766813,40.91084],[108.782414,40.926736],[108.800371,40.939099],[108.8145,40.94116],[108.836283,40.934389],[108.861598,40.93174],[108.861598,40.948813],[108.858949,40.967064],[108.852179,40.975306],[108.831279,40.98502],[108.821859,41.00592],[108.829218,41.027114],[108.858655,41.036828],[108.863953,41.034473],[108.869841,41.029175],[108.873962,41.023582],[108.876022,41.020049],[108.880143,41.013868],[108.888974,41.018577],[108.896628,41.026525],[108.897805,41.030352],[108.921354,41.033001],[108.932834,41.030646],[108.944903,41.023582],[108.951085,40.994145]]]}},{"type":"Feature","properties":{"name":"Dongting","minZoom":5.7,"rank":7},"geometry":{"type":"Polygon","coordinates":[[[112.885262,29.016175],[112.90469,29.031481],[112.903807,29.013525],[112.883201,28.987916],[112.878197,28.966133],[112.857297,28.915796],[112.859358,28.904316],[112.863184,28.891953],[112.864362,28.880473],[112.858769,28.860162],[112.846994,28.8425],[112.831099,28.830136],[112.804017,28.823072],[112.792537,28.818656],[112.781351,28.817184],[112.771343,28.821894],[112.766338,28.832786],[112.768988,28.841911],[112.775758,28.848976],[112.78194,28.853391],[112.801662,28.859278],[112.824328,28.861045],[112.842579,28.866638],[112.850232,28.883711],[112.842284,28.908732],[112.823151,28.90932],[112.78194,28.886654],[112.711292,28.867226],[112.700695,28.856335],[112.696869,28.848093],[112.688038,28.847798],[112.669198,28.853391],[112.659779,28.848093],[112.658012,28.836318],[112.659484,28.822483],[112.658307,28.811591],[112.650653,28.804527],[112.619156,28.781272],[112.61062,28.776856],[112.605321,28.780683],[112.603261,28.785982],[112.603849,28.801289],[112.600317,28.81012],[112.593252,28.811591],[112.585893,28.811591],[112.582655,28.815124],[112.575591,28.838379],[112.558223,28.820717],[112.536734,28.793047],[112.517306,28.787454],[112.504354,28.791575],[112.473446,28.781272],[112.456079,28.787454],[112.411335,28.825427],[112.380721,28.863694],[112.360116,28.881356],[112.336861,28.886654],[112.34216,28.867521],[112.338333,28.832197],[112.343043,28.811591],[112.331563,28.815713],[112.32597,28.825427],[112.32332,28.835141],[112.319494,28.839556],[112.312429,28.836024],[112.307719,28.828076],[112.302715,28.811591],[112.324204,28.783921],[112.329208,28.770675],[112.322437,28.770675],[112.312723,28.785982],[112.302715,28.798051],[112.296828,28.789514],[112.295062,28.780683],[112.296828,28.772147],[112.302715,28.763904],[112.29094,28.769792],[112.280343,28.773618],[112.272395,28.770969],[112.26798,28.756545],[112.26121,28.756545],[112.26327,28.773324],[112.27269,28.785099],[112.283581,28.795401],[112.288291,28.808353],[112.288291,28.816007],[112.287408,28.824543],[112.283287,28.825721],[112.27475,28.811591],[112.26798,28.811591],[112.266508,28.815418],[112.26121,28.825427],[112.248552,28.807765],[112.240604,28.790692],[112.233245,28.790692],[112.230301,28.804527],[112.233539,28.817773],[112.240604,28.832197],[112.227358,28.840145],[112.214111,28.835141],[112.202042,28.823366],[112.192917,28.811591],[112.188796,28.824249],[112.185264,28.853391],[112.186441,28.858395],[112.193212,28.861339],[112.192917,28.866343],[112.189385,28.871936],[112.185852,28.872819],[112.181143,28.873114],[112.17555,28.877235],[112.167602,28.884888],[112.159065,28.890187],[112.149351,28.89313],[112.123742,28.896663],[112.089301,28.914619],[112.001875,28.931398],[111.96243,28.950826],[111.966257,28.982911],[111.978326,28.987916],[111.996871,28.983794],[112.013649,28.975258],[112.029545,28.954358],[112.049562,28.949943],[112.089301,28.948765],[112.142287,28.934636],[112.151412,28.938168],[112.157593,28.956124],[112.172017,28.963483],[112.187913,28.967604],[112.199099,28.976141],[112.201159,29.007049],[112.1938,29.042667],[112.194389,29.072398],[112.220293,29.085939],[112.252673,29.076814],[112.263859,29.052087],[112.268274,29.024122],[112.281521,29.004106],[112.269746,28.973492],[112.26798,28.963189],[112.26798,28.951709],[112.282993,28.865754],[112.294178,28.860162],[112.31655,28.873702],[112.31655,28.880473],[112.303892,28.889598],[112.307425,28.908732],[112.319199,28.924627],[112.333329,28.924922],[112.351874,28.913441],[112.394262,28.89578],[112.411335,28.880473],[112.413985,28.873114],[112.415162,28.854569],[112.418106,28.845738],[112.425465,28.835729],[112.428997,28.834552],[112.433118,28.837495],[112.466381,28.844855],[112.476684,28.845738],[112.479333,28.849859],[112.473741,28.870759],[112.472857,28.880473],[112.483455,28.896368],[112.503177,28.906965],[112.525843,28.912853],[112.586482,28.914619],[112.597079,28.911087],[112.612975,28.89313],[112.624161,28.886654],[112.634463,28.886654],[112.65448,28.89313],[112.665666,28.894308],[112.675969,28.891658],[112.691276,28.882533],[112.703345,28.880473],[112.725127,28.882828],[112.745733,28.889304],[112.78194,28.907849],[112.816086,28.935224],[112.847289,28.947882],[112.857591,28.95583],[112.871426,28.977318],[112.877314,28.997924],[112.885262,29.016175]]]}},{"type":"Feature","properties":{"name":"","minZoom":5.7,"rank":7},"geometry":{"type":"Polygon","coordinates":[[[119.600002,31.648967],[119.600885,31.621297],[119.583223,31.603635],[119.562617,31.587151],[119.552315,31.563013],[119.545839,31.559481],[119.532004,31.559186],[119.517874,31.555654],[119.511398,31.542407],[119.510221,31.526806],[119.506394,31.514737],[119.500212,31.512088],[119.491087,31.525334],[119.481373,31.547412],[119.496974,31.631894],[119.511692,31.651911],[119.544367,31.663097],[119.579396,31.662802],[119.600002,31.648967]]]}},{"type":"Feature","properties":{"name":"Ge","minZoom":5.7,"rank":7},"geometry":{"type":"Polygon","coordinates":[[[119.86022,31.648967],[119.861397,31.617765],[119.85757,31.597748],[119.848445,31.580675],[119.832844,31.559481],[119.84609,31.550944],[119.844913,31.542407],[119.826073,31.525334],[119.819597,31.521213],[119.804585,31.515915],[119.798992,31.512382],[119.796637,31.507672],[119.794282,31.495309],[119.791927,31.491188],[119.780741,31.482652],[119.766612,31.474704],[119.751305,31.469994],[119.736587,31.471466],[119.72599,31.477942],[119.723635,31.486184],[119.730405,31.512382],[119.732171,31.540936],[119.74218,31.563307],[119.770733,31.607756],[119.798697,31.686646],[119.812533,31.704013],[119.839908,31.715199],[119.853155,31.703425],[119.858159,31.678404],[119.86022,31.648967]]]}},{"type":"Feature","properties":{"name":"","minZoom":5.7,"rank":7},"geometry":{"type":"Polygon","coordinates":[[[115.2075,30.137996],[115.220452,30.107088],[115.214271,30.108265],[115.190721,30.109443],[115.181007,30.107088],[115.17306,30.100318],[115.161874,30.082067],[115.153043,30.072942],[115.136558,30.067054],[115.11507,30.06676],[115.095642,30.070881],[115.08475,30.079712],[115.072976,30.072942],[115.0665,30.075591],[115.060318,30.082361],[115.050604,30.086482],[115.041479,30.086188],[115.009099,30.079712],[115.005272,30.08089],[114.994381,30.085894],[114.988493,30.086482],[114.983195,30.084128],[114.974069,30.075002],[114.967593,30.072942],[114.943161,30.084128],[114.933153,30.086482],[114.919023,30.085011],[114.905188,30.087071],[114.895474,30.093842],[114.892825,30.107088],[114.898418,30.112681],[114.908721,30.117391],[114.917846,30.125044],[114.919612,30.140645],[114.947577,30.140645],[114.947282,30.117391],[114.954936,30.108854],[114.965827,30.114741],[114.974953,30.134464],[114.977896,30.128871],[114.98555,30.119157],[114.988493,30.113858],[115.012925,30.135347],[115.046483,30.137996],[115.081512,30.133581],[115.112126,30.134464],[115.14068,30.141823],[115.176592,30.146238],[115.2075,30.137996]]]}},{"type":"Feature","properties":{"name":"Kwania","minZoom":5.7,"rank":7},"geometry":{"type":"Polygon","coordinates":[[[32.55388,1.631185],[32.564183,1.640899],[32.540339,1.640899],[32.514435,1.645021],[32.490297,1.653263],[32.461155,1.672396],[32.449381,1.677695],[32.436723,1.680933],[32.423477,1.68211],[32.410819,1.679755],[32.401694,1.675046],[32.394923,1.670336],[32.389036,1.668275],[32.381088,1.66386],[32.323982,1.640899],[32.327808,1.625887],[32.349591,1.61735],[32.375201,1.611757],[32.39198,1.606164],[32.399928,1.617939],[32.409642,1.616762],[32.419356,1.608519],[32.436723,1.588797],[32.441139,1.584676],[32.488531,1.587914],[32.505016,1.584087],[32.516201,1.572018],[32.51679,1.556711],[32.50531,1.554062],[32.488826,1.558477],[32.475285,1.565248],[32.475285,1.551707],[32.402282,1.568191],[32.39198,1.582615],[32.388447,1.591741],[32.378733,1.5991],[32.36637,1.604398],[32.342527,1.607342],[32.329869,1.610286],[32.303376,1.620588],[32.303376,1.634423],[32.281004,1.648847],[32.235084,1.668275],[32.248036,1.668864],[32.25981,1.667392],[32.283065,1.661505],[32.337817,1.656795],[32.348119,1.657973],[32.367842,1.674751],[32.39198,1.688881],[32.429364,1.697712],[32.459095,1.689175],[32.487354,1.675634],[32.519734,1.668275],[32.535924,1.669158],[32.570953,1.676223],[32.585083,1.68211],[32.596268,1.691824],[32.620701,1.723027],[32.622467,1.729797],[32.647782,1.743044],[32.669271,1.80015],[32.686933,1.811631],[32.682223,1.799267],[32.683989,1.78867],[32.693703,1.763944],[32.700768,1.763944],[32.708716,1.780134],[32.746689,1.79809],[32.762879,1.811631],[32.766705,1.826643],[32.767294,1.844894],[32.770826,1.860201],[32.78319,1.866382],[32.776419,1.853136],[32.789077,1.854608],[32.795259,1.858729],[32.799968,1.863439],[32.810566,1.866382],[32.82234,1.86285],[32.833232,1.856374],[32.839413,1.854902],[32.837647,1.866382],[32.84795,1.870798],[32.851482,1.873741],[32.865317,1.839595],[32.872676,1.839595],[32.872676,1.847249],[32.879447,1.847249],[32.883862,1.839301],[32.889749,1.833119],[32.897403,1.828704],[32.906823,1.825466],[32.920069,1.859612],[32.931255,1.879334],[32.944207,1.888165],[32.961869,1.893758],[32.987184,1.920545],[33.002785,1.929082],[33.023096,1.926727],[33.017798,1.912303],[32.990128,1.877274],[32.964224,1.857257],[32.95451,1.847249],[32.974821,1.844599],[32.978353,1.831942],[32.977764,1.818107],[32.986007,1.811631],[32.996309,1.816046],[33.006023,1.823111],[33.013677,1.8237],[33.01662,1.808393],[33.014854,1.806626],[33.007201,1.794852],[33.006023,1.791908],[32.994837,1.789259],[32.992777,1.783372],[32.994543,1.776307],[32.995426,1.770714],[32.991599,1.757762],[32.988656,1.729503],[32.989245,1.715668],[32.982474,1.715668],[32.976587,1.736862],[32.973938,1.762177],[32.968639,1.784843],[32.95451,1.798679],[32.947739,1.791908],[32.938614,1.795441],[32.927134,1.796029],[32.91742,1.793674],[32.913593,1.788081],[32.908883,1.78396],[32.898286,1.785727],[32.879447,1.791908],[32.869733,1.789553],[32.860607,1.785432],[32.854131,1.785432],[32.851482,1.795146],[32.817336,1.832825],[32.812626,1.823994],[32.806739,1.818401],[32.793198,1.808393],[32.787016,1.802211],[32.785839,1.798384],[32.785545,1.793674],[32.779952,1.769537],[32.782601,1.761294],[32.786722,1.75423],[32.789371,1.743338],[32.796436,1.735979],[32.796436,1.731858],[32.786428,1.729797],[32.741684,1.728326],[32.731087,1.724793],[32.727849,1.715374],[32.73462,1.695651],[32.728144,1.697712],[32.714014,1.699478],[32.707538,1.701833],[32.696647,1.690353],[32.649843,1.670041],[32.628649,1.635307],[32.57949,1.624121],[32.564183,1.613229],[32.569187,1.610874],[32.569481,1.609697],[32.571542,1.606164],[32.561533,1.605576],[32.552408,1.603221],[32.544166,1.598805],[32.536807,1.592624],[32.539162,1.598217],[32.539456,1.600866],[32.540339,1.602632],[32.543577,1.606164],[32.533569,1.618822],[32.540339,1.625298],[32.55388,1.631185]]]}},{"type":"Feature","properties":{"name":"","minZoom":5.7,"rank":7},"geometry":{"type":"Polygon","coordinates":[[[20.80728,41.093935],[20.805808,41.071563],[20.811401,41.020049],[20.805513,40.999444],[20.793739,40.976778],[20.786085,40.955878],[20.791384,40.94116],[20.791384,40.934389],[20.780198,40.929091],[20.75135,40.924087],[20.728684,40.909368],[20.713672,40.90613],[20.678348,40.906425],[20.659509,40.910251],[20.650678,40.920554],[20.648323,40.935861],[20.647734,40.9547],[20.644791,40.972951],[20.63331,41.016223],[20.635665,41.033884],[20.650678,41.053901],[20.654505,41.067736],[20.651267,41.070974],[20.643907,41.070974],[20.636548,41.07274],[20.63331,41.081571],[20.650089,41.165171],[20.654505,41.17459],[20.669223,41.179595],[20.722503,41.17459],[20.748995,41.16311],[20.759593,41.153396],[20.763714,41.136617],[20.77019,41.12867],[20.786085,41.120427],[20.804336,41.114246],[20.81876,41.11248],[20.80728,41.093935]]]}},{"type":"Feature","properties":{"name":"","minZoom":5.7,"rank":7},"geometry":{"type":"Polygon","coordinates":[[[84.091446,30.462974],[84.096156,30.452966],[84.094684,30.427062],[84.088796,30.408222],[84.08703,30.392916],[84.089091,30.361419],[84.085558,30.350233],[84.08232,30.343168],[84.082026,30.337575],[84.08026,30.333748],[84.072312,30.332277],[84.065542,30.335515],[84.062009,30.342874],[84.061126,30.352293],[84.062009,30.360241],[84.051412,30.408222],[84.03846,30.413227],[84.034339,30.425884],[84.034633,30.456498],[84.028746,30.470628],[84.010496,30.495649],[84.006963,30.508012],[84.014322,30.516548],[84.03169,30.515665],[84.050529,30.510367],[84.062009,30.504774],[84.091446,30.462974]]]}},{"type":"Feature","properties":{"name":"","minZoom":6.0,"rank":8},"geometry":{"type":"Polygon","coordinates":[[[91.215941,24.37052],[91.238901,24.336962],[91.217413,24.323127],[91.183266,24.308998],[91.168842,24.275146],[91.160895,24.268376],[91.153241,24.256307],[91.140289,24.24777],[91.122922,24.242766],[91.103494,24.241],[91.094368,24.23629],[91.094368,24.225987],[91.096429,24.214507],[91.09378,24.206853],[91.087009,24.205676],[91.079356,24.208325],[91.065815,24.218039],[91.032846,24.175945],[91.021366,24.172118],[91.009886,24.169175],[91.003704,24.165937],[91.00812,24.146214],[91.049036,24.124137],[91.059045,24.107358],[91.057867,24.081749],[91.055807,24.07174],[91.051686,24.062615],[91.022543,24.04407],[91.017539,24.038771],[91.01489,24.033767],[90.996934,24.007569],[90.976328,23.960471],[90.970147,23.98137],[90.97309,24.008746],[90.982216,24.032295],[90.993401,24.042304],[91.009886,24.051429],[91.029608,24.072035],[91.036967,24.092934],[91.017539,24.103826],[91.024604,24.117955],[91.006942,24.141505],[90.98251,24.151219],[90.969852,24.124726],[90.962788,24.124726],[90.963082,24.142093],[90.957195,24.15063],[90.950719,24.147981],[90.949247,24.130907],[90.937472,24.13915],[90.941888,24.15063],[90.955723,24.161227],[90.990752,24.169175],[90.997228,24.178594],[90.996934,24.213624],[91.00547,24.210091],[91.010475,24.202732],[91.012829,24.192724],[91.011946,24.180066],[91.017539,24.180066],[91.028136,24.193901],[91.041383,24.205382],[91.053157,24.219511],[91.059045,24.241],[91.058162,24.256895],[91.054335,24.272791],[91.052863,24.286037],[91.059045,24.295457],[91.075823,24.297518],[91.090542,24.288687],[91.113502,24.268376],[91.127631,24.263666],[91.139406,24.262783],[91.148826,24.267198],[91.155007,24.277501],[91.155007,24.289275],[91.148826,24.298695],[91.140584,24.307526],[91.134696,24.316062],[91.130869,24.332547],[91.134696,24.339317],[91.143822,24.343144],[91.155302,24.350797],[91.155596,24.350503],[91.164427,24.355213],[91.168842,24.350797],[91.172375,24.34962],[91.175613,24.348737],[91.178851,24.347265],[91.181794,24.344027],[91.210053,24.362278],[91.215941,24.37052]]]}},{"type":"Feature","properties":{"name":"Lake Xau","minZoom":6.0,"rank":8},"geometry":{"type":"Polygon","coordinates":[[[24.763533,-21.322152],[24.715552,-21.336576],[24.684349,-21.319208],[24.684055,-21.296542],[24.699362,-21.281235],[24.721439,-21.271227],[24.740279,-21.265045],[24.7444,-21.265928],[24.755291,-21.271521],[24.761178,-21.270932],[24.7653,-21.267989],[24.772953,-21.260041],[24.785022,-21.250916],[24.791792,-21.242968],[24.800035,-21.238847],[24.814164,-21.243557],[24.80445,-21.287417],[24.763533,-21.322152]]]}},{"type":"Feature","properties":{"name":"Lake Abbe","minZoom":6.0,"rank":8},"geometry":{"type":"Polygon","coordinates":[[[41.611759,11.392594],[41.617646,11.379348],[41.607049,11.372872],[41.573786,11.36669],[41.566721,11.384646],[41.576435,11.397304],[41.594391,11.400836],[41.611759,11.392594]]]}},{"type":"Feature","properties":{"name":"Koka","minZoom":6.0,"rank":8},"geometry":{"type":"Polygon","coordinates":[[[39.128208,8.476623],[39.139983,8.469264],[39.139983,8.458078],[39.119083,8.397439],[39.088469,8.333562],[39.079933,8.321493],[39.066686,8.309424],[39.047553,8.321199],[39.003104,8.330324],[38.986619,8.340921],[38.983676,8.350635],[38.988974,8.357406],[38.997216,8.36241],[39.002221,8.367414],[39.001926,8.374773],[38.996333,8.383604],[38.998394,8.389197],[39.010463,8.400383],[39.02312,8.403915],[39.035189,8.404798],[39.044903,8.408036],[39.054617,8.420105],[39.068747,8.452485],[39.079344,8.464849],[39.092002,8.471325],[39.110252,8.476329],[39.128208,8.476623]]]}},{"type":"Feature","properties":{"name":"Gummare","minZoom":6.0,"rank":8},"geometry":{"type":"Polygon","coordinates":[[[41.690354,11.499154],[41.665922,11.510046],[41.643844,11.529474],[41.62736,11.553906],[41.620001,11.579515],[41.622356,11.596589],[41.630598,11.60748],[41.642372,11.610718],[41.654736,11.606597],[41.674458,11.58658],[41.694181,11.555672],[41.703011,11.523292],[41.690354,11.499154]]]}},{"type":"Feature","properties":{"name":"","minZoom":6.0,"rank":8},"geometry":{"type":"Polygon","coordinates":[[[42.561966,0.017481],[42.570797,-0.032561],[42.570797,-0.045807],[42.550486,-0.031089],[42.515751,0.008062],[42.495145,0.018659],[42.484843,0.017776],[42.449225,0.005707],[42.433329,0.008356],[42.380343,0.037204],[42.309696,0.047212],[42.289679,0.055454],[42.30528,0.068995],[42.310579,0.091367],[42.315289,0.139642],[42.338544,0.09431],[42.354734,0.076354],[42.379166,0.05987],[42.399771,0.051039],[42.467475,0.037792],[42.539006,0.037498],[42.556079,0.031611],[42.561966,0.017481]]]}},{"type":"Feature","properties":{"name":"","minZoom":6.0,"rank":8},"geometry":{"type":"Polygon","coordinates":[[[32.053755,-27.416078],[32.06759,-27.41284],[32.066707,-27.418727],[32.056699,-27.428147],[32.029029,-27.443159],[32.01696,-27.45199],[32.00754,-27.463765],[32.001359,-27.478483],[31.969273,-27.446986],[31.958676,-27.430207],[31.941014,-27.383404],[31.933655,-27.372512],[31.92453,-27.362798],[31.917759,-27.360737],[31.897448,-27.35956],[31.892444,-27.356616],[31.895387,-27.345136],[31.909223,-27.340132],[31.92659,-27.339249],[31.939248,-27.340132],[31.946018,-27.337483],[31.952494,-27.332184],[31.958381,-27.331007],[31.964269,-27.339838],[31.966035,-27.346608],[31.969273,-27.368685],[31.981636,-27.401065],[31.997826,-27.419905],[32.021081,-27.424909],[32.053755,-27.416078]]]}},{"type":"Feature","properties":{"name":"Bay","minZoom":6.0,"rank":8},"geometry":{"type":"Polygon","coordinates":[[[121.477456,14.358902],[121.47775,14.335352],[121.475396,14.321223],[121.469508,14.32034],[121.46156,14.326816],[121.453613,14.335352],[121.440072,14.346244],[121.435362,14.344478],[121.43389,14.335352],[121.430063,14.324755],[121.428886,14.320634],[121.430358,14.309448],[121.430063,14.305033],[121.426531,14.299734],[121.423587,14.29944],[121.420644,14.300029],[121.416228,14.297379],[121.384437,14.272947],[121.36442,14.263528],[121.349408,14.249398],[121.32056,14.21378],[121.312612,14.200239],[121.306431,14.194941],[121.298188,14.191997],[121.284059,14.188465],[121.270812,14.187287],[121.264925,14.191703],[121.254917,14.193469],[121.20723,14.183755],[121.190157,14.18817],[121.188685,14.195824],[121.188685,14.207598],[121.190157,14.222317],[121.185447,14.232619],[121.171906,14.250576],[121.167196,14.26912],[121.161603,14.274713],[121.15395,14.279718],[121.145708,14.287665],[121.12157,14.324755],[121.082419,14.358902],[121.066229,14.377741],[121.059459,14.404234],[121.062108,14.463695],[121.066818,14.483123],[121.09125,14.518447],[121.125985,14.524629],[121.161603,14.508144],[121.190157,14.476353],[121.21194,14.432493],[121.224597,14.421012],[121.222537,14.439263],[121.219887,14.448094],[121.222537,14.457808],[121.232545,14.468405],[121.238138,14.476353],[121.248735,14.504612],[121.252562,14.510499],[121.260804,14.513737],[121.271696,14.514915],[121.281704,14.513148],[121.290535,14.497841],[121.301426,14.485184],[121.31379,14.473704],[121.335573,14.460752],[121.34146,14.442501],[121.347053,14.408355],[121.343226,14.389221],[121.324387,14.35478],[121.320266,14.335352],[121.319088,14.305916],[121.324975,14.306505],[121.340577,14.317985],[121.388558,14.341534],[121.405337,14.355958],[121.417111,14.37568],[121.421527,14.390693],[121.42918,14.398052],[121.450375,14.393637],[121.46627,14.385689],[121.474218,14.374797],[121.477456,14.358902]]]}},{"type":"Feature","properties":{"name":"","minZoom":6.0,"rank":8},"geometry":{"type":"Polygon","coordinates":[[[87.358888,34.622339],[87.364186,34.607621],[87.360948,34.593492],[87.353295,34.582306],[87.344169,34.575535],[87.324447,34.569943],[87.311201,34.574358],[87.298543,34.5826],[87.282059,34.589665],[87.244969,34.591725],[87.214649,34.589665],[87.20729,34.584072],[87.202875,34.575535],[87.198165,34.569354],[87.190511,34.572297],[87.188745,34.576713],[87.189334,34.583778],[87.191394,34.590842],[87.194044,34.597024],[87.180797,34.589665],[87.191983,34.615863],[87.214649,34.61969],[87.268518,34.609976],[87.286768,34.625577],[87.289418,34.627344],[87.29295,34.631465],[87.300309,34.629993],[87.313261,34.6244],[87.338282,34.627638],[87.348585,34.627344],[87.358888,34.622339]]]}},{"type":"Feature","properties":{"name":"Elsen Nur","minZoom":6.0,"rank":8},"geometry":{"type":"Polygon","coordinates":[[[92.035745,35.211068],[91.963331,35.221665],[91.935661,35.21666],[91.944786,35.233734],[91.968041,35.243742],[91.994534,35.251395],[92.038688,35.271118],[92.095795,35.270823],[92.120816,35.278183],[92.164676,35.259049],[92.190875,35.253456],[92.213541,35.260815],[92.233852,35.264347],[92.258578,35.25375],[92.281539,35.236383],[92.298612,35.222842],[92.272119,35.199587],[92.234441,35.183986],[92.194113,35.178982],[92.162027,35.189579],[92.157906,35.176038],[92.1582,35.170151],[92.162027,35.161614],[92.155257,35.161614],[92.140538,35.177216],[92.111691,35.199882],[92.081666,35.217838],[92.062826,35.219898],[92.035745,35.211068]]]}},{"type":"Feature","properties":{"name":"","minZoom":6.0,"rank":8},"geometry":{"type":"Polygon","coordinates":[[[81.148393,7.989745],[81.150454,7.979148],[81.144861,7.958248],[81.087754,7.889661],[81.085105,7.883185],[81.079512,7.879064],[81.074508,7.860225],[81.070975,7.855809],[81.068032,7.854632],[81.0436,7.845801],[81.028293,7.834321],[81.013869,7.82755],[81.001211,7.819014],[80.992086,7.801352],[80.988848,7.815481],[80.99503,7.831377],[81.005627,7.844035],[81.015929,7.849039],[81.034769,7.851688],[81.048015,7.859047],[81.057729,7.869939],[81.142212,7.999459],[81.148393,7.989745]]]}},{"type":"Feature","properties":{"name":"Onangué","minZoom":6.0,"rank":8},"geometry":{"type":"Polygon","coordinates":[[[10.24785,-0.971582],[10.237252,-0.983945],[10.244612,-0.987184],[10.253737,-0.994248],[10.259035,-0.997486],[10.259035,-1.003668],[10.242257,-1.003374],[10.218413,-1.009555],[10.203989,-1.011027],[10.202517,-1.010144],[10.186622,-1.003668],[10.177791,-1.004551],[10.170726,-1.007789],[10.165428,-1.012499],[10.16219,-1.01868],[10.15483,-1.007789],[10.140407,-0.993071],[10.135402,-0.983945],[10.125983,-0.989244],[10.093897,-0.999841],[10.087127,-1.000724],[10.09272,-1.009555],[10.105966,-1.012499],[10.121862,-1.013971],[10.135402,-1.01868],[10.087127,-1.045468],[10.075352,-1.048117],[10.055335,-1.048706],[10.04621,-1.052827],[10.035024,-1.069017],[10.021189,-1.114054],[10.011475,-1.128478],[10.002644,-1.132599],[10.0,-1.133012203949464],[10.0,-1.1103391169665817],[10.008826,-1.096981],[10.012947,-1.07667],[10.011181,-1.054299],[10.005294,-1.031632],[10.032081,-1.031632],[10.054452,-1.028689],[10.070937,-1.01868],[10.080356,-0.997486],[10.065933,-0.983945],[10.059751,-0.983945],[10.058279,-0.997486],[10.050331,-1.011616],[10.038851,-1.020741],[10.025605,-1.01868],[10.023838,-1.010733],[10.028548,-0.999841],[10.03002,-0.988067],[10.018246,-0.976881],[10.014419,-0.985123],[10.008532,-0.99101],[10.000878,-0.995426],[10.0,-0.9956180042462845],[10.0,-0.9800561035450523],[10.001761,-0.975998],[10.005294,-0.97011],[10.0,-0.9680444232330765],[10.0,-0.9339893878822207],[10.000289,-0.933315],[10.0,-0.932717724606499],[10.0,-0.9093439413373102],[10.010003,-0.913004],[10.012947,-0.896814],[10.008237,-0.87297],[10.0,-0.857437782587595],[10.0,-0.8471981470160123],[10.002056,-0.840885],[10.0,-0.8330249592407588],[10.0,-0.7940066844760139],[10.017951,-0.800262],[10.031198,-0.811154],[10.025605,-0.832937],[10.041795,-0.841768],[10.060045,-0.874442],[10.073586,-0.887688],[10.065933,-0.901229],[10.078001,-0.89181],[10.087715,-0.87562],[10.09949,-0.860313],[10.118035,-0.853542],[10.120979,-0.862373],[10.087127,-0.915064],[10.093897,-0.915064],[10.106849,-0.901818],[10.123039,-0.905939],[10.13864,-0.919774],[10.149238,-0.935375],[10.135697,-0.951271],[10.153064,-0.965106],[10.17838,-0.965989],[10.190154,-0.943029],[10.201929,-0.948327],[10.209582,-0.944206],[10.2243,-0.922423],[10.229893,-0.936553],[10.231071,-0.943029],[10.252854,-0.925367],[10.261096,-0.923601],[10.265806,-0.935375],[10.256092,-0.944206],[10.24785,-0.971582]]]}},{"type":"Feature","properties":{"name":"Mai-Ndombe","minZoom":6.0,"rank":8},"geometry":{"type":"Polygon","coordinates":[[[18.591895,-2.082512],[18.591895,-2.124606],[18.543914,-2.182891],[18.534788,-2.188778],[18.490634,-2.207912],[18.465319,-2.212916],[18.454721,-2.217331],[18.434705,-2.235876],[18.447068,-2.24559],[18.495638,-2.258837],[18.466496,-2.270317],[18.417926,-2.279736],[18.409684,-2.28268],[18.394082,-2.30358],[18.373771,-2.346557],[18.353755,-2.374227],[18.337859,-2.408962],[18.328439,-2.421326],[18.306068,-2.440165],[18.296354,-2.450468],[18.287817,-2.471956],[18.289878,-2.513756],[18.282813,-2.532595],[18.292232,-2.551434],[18.286345,-2.580577],[18.275159,-2.612368],[18.268978,-2.638566],[18.266328,-2.645925],[18.259852,-2.652401],[18.252788,-2.657994],[18.248667,-2.662704],[18.245723,-2.670652],[18.244251,-2.683898],[18.241602,-2.69008],[18.226589,-2.704504],[18.212165,-2.705387],[18.197153,-2.703326],[18.180374,-2.710685],[18.181846,-2.696262],[18.186556,-2.68331],[18.19833,-2.679777],[18.206278,-2.680366],[18.21452,-2.676539],[18.220113,-2.665942],[18.225117,-2.642099],[18.231593,-2.631796],[18.238364,-2.614723],[18.245723,-2.563798],[18.251905,-2.552906],[18.251021,-2.542604],[18.220408,-2.477255],[18.220408,-2.456649],[18.22394,-2.43104],[18.23071,-2.408079],[18.241602,-2.395421],[18.261324,-2.393361],[18.278397,-2.356271],[18.296354,-2.271789],[18.301063,-2.145212],[18.310777,-2.121663],[18.30018,-2.106062],[18.28399,-2.09046],[18.266034,-2.078097],[18.251905,-2.073093],[18.239541,-2.066617],[18.223351,-2.051899],[18.20098,-2.025406],[18.197153,-2.023051],[18.19362,-2.023345],[18.190088,-2.022757],[18.186556,-2.018635],[18.185673,-2.013926],[18.18685,-2.003034],[18.178019,-1.941512],[18.174487,-1.932975],[18.169483,-1.925616],[18.166833,-1.917669],[18.172721,-1.911487],[18.181552,-1.906483],[18.186556,-1.901773],[18.187439,-1.891176],[18.185378,-1.881462],[18.170071,-1.834658],[18.169483,-1.829948],[18.152409,-1.81729],[18.05733,-1.779023],[18.049382,-1.769603],[18.04791,-1.763716],[18.053503,-1.723683],[18.069693,-1.681588],[18.077347,-1.669814],[18.094714,-1.658334],[18.11738,-1.650975],[18.137397,-1.653624],[18.146228,-1.672758],[18.152998,-1.704255],[18.168894,-1.710436],[18.18685,-1.710731],[18.193915,-1.724271],[18.199508,-1.733691],[18.20098,-1.738106],[18.215698,-1.71544],[18.206867,-1.696012],[18.189499,-1.679528],[18.180374,-1.665987],[18.181552,-1.639494],[18.18685,-1.620949],[18.198625,-1.60682],[18.220408,-1.594162],[18.239247,-1.588275],[18.262207,-1.587392],[18.281635,-1.59534],[18.290172,-1.617711],[18.283401,-1.65068],[18.286345,-1.65539],[18.29812,-1.65539],[18.307539,-1.656862],[18.313427,-1.660983],[18.316959,-1.669814],[18.324318,-1.669814],[18.329911,-1.659511],[18.372005,-1.635079],[18.376126,-1.628309],[18.382013,-1.612707],[18.38584,-1.607703],[18.392905,-1.604465],[18.409095,-1.60211],[18.432938,-1.587981],[18.444713,-1.592691],[18.454427,-1.602405],[18.464435,-1.607703],[18.478271,-1.60211],[18.500642,-1.578561],[18.516244,-1.573557],[18.50859,-1.591807],[18.490045,-1.622127],[18.481803,-1.641849],[18.472972,-1.68306],[18.465907,-1.703077],[18.454721,-1.717501],[18.445596,-1.719561],[18.418809,-1.722505],[18.413216,-1.727509],[18.409095,-1.733691],[18.39997,-1.738106],[18.378775,-1.744877],[18.303124,-1.779023],[18.303124,-1.785793],[18.316959,-1.792564],[18.301358,-1.806399],[18.296059,-1.845844],[18.286345,-1.854086],[18.282224,-1.863211],[18.284873,-1.962117],[18.290761,-1.983017],[18.303124,-1.99803],[18.323141,-2.003034],[18.338448,-1.997441],[18.351694,-1.997147],[18.364646,-2.018635],[18.394377,-1.9839],[18.410567,-1.969182],[18.430584,-1.963295],[18.442064,-1.972715],[18.431172,-1.992731],[18.414099,-2.011865],[18.406151,-2.018635],[18.397026,-2.03983],[18.398204,-2.055431],[18.403208,-2.070443],[18.406151,-2.09046],[18.402325,-2.15993],[18.406151,-2.17612],[18.421164,-2.182007],[18.444419,-2.179064],[18.468262,-2.170233],[18.485335,-2.159047],[18.556866,-2.087517],[18.581887,-2.07427],[18.591895,-2.082512]]]}},{"type":"Feature","properties":{"name":"Lake Tshangalele","minZoom":6.0,"rank":8},"geometry":{"type":"Polygon","coordinates":[[[27.035436,-11.036186],[27.019834,-11.030888],[27.01012,-11.02971],[26.995991,-11.020879],[26.99658,-11.001157],[27.007177,-10.968188],[27.005411,-10.962301],[26.996285,-10.953764],[26.993342,-10.947877],[26.99393,-10.939929],[26.99658,-10.932276],[26.997168,-10.923739],[26.993342,-10.913731],[26.985983,-10.913731],[26.976563,-10.928154],[26.973619,-10.936102],[26.973031,-10.947877],[26.963317,-10.937868],[26.958901,-10.926388],[26.957429,-10.913142],[26.958901,-10.899307],[26.951836,-10.906077],[26.948304,-10.866632],[26.951836,-10.851031],[26.969498,-10.844849],[27.002467,-10.843083],[27.006588,-10.848382],[26.993342,-10.865161],[27.029254,-10.866632],[27.04515,-10.862806],[27.054275,-10.85162],[27.044267,-10.845732],[27.031903,-10.828071],[27.020718,-10.817474],[27.007471,-10.811881],[26.993342,-10.80776],[26.982156,-10.800106],[26.979212,-10.783327],[26.98245,-10.78686],[26.985983,-10.788037],[26.989221,-10.788626],[26.993342,-10.789509],[27.001878,-10.798634],[27.025722,-10.806288],[27.037496,-10.813647],[27.044561,-10.816296],[27.063989,-10.817768],[27.067816,-10.820417],[27.069288,-10.824833],[27.073114,-10.83072],[27.078707,-10.835724],[27.094014,-10.84014],[27.107849,-10.850148],[27.116386,-10.85162],[27.126689,-10.848382],[27.128455,-10.843966],[27.129338,-10.837785],[27.136108,-10.831014],[27.172021,-10.81924],[27.183207,-10.808937],[27.177614,-10.789509],[27.190566,-10.790098],[27.199985,-10.795102],[27.207933,-10.802461],[27.218825,-10.810114],[27.206756,-10.820712],[27.177025,-10.820123],[27.171138,-10.834547],[27.165545,-10.843083],[27.153476,-10.848676],[27.141701,-10.857507],[27.136108,-10.875463],[27.129044,-10.886355],[27.112265,-10.890476],[27.094014,-10.892831],[27.080768,-10.899307],[27.07753,-10.913142],[27.080768,-10.968188],[27.068699,-11.015286],[27.071348,-11.023528],[27.066638,-11.025589],[27.053098,-11.035009],[27.044267,-11.037069],[27.035436,-11.036186]]]}},{"type":"Feature","properties":{"name":"","minZoom":6.0,"rank":8},"geometry":{"type":"Polygon","coordinates":[[[74.660608,34.3998],[74.665023,34.382727],[74.663257,34.375368],[74.652954,34.369481],[74.642357,34.370069],[74.627345,34.375662],[74.61351,34.383316],[74.605267,34.389792],[74.596731,34.380666],[74.587311,34.376545],[74.57848,34.37684],[74.571121,34.382433],[74.563762,34.365654],[74.574654,34.332391],[74.571121,34.31414],[74.557286,34.301188],[74.540802,34.298833],[74.525495,34.305604],[74.515781,34.32091],[74.522845,34.355057],[74.521079,34.380961],[74.522845,34.389792],[74.52991,34.402744],[74.541096,34.413635],[74.555225,34.420406],[74.569944,34.419817],[74.593493,34.410986],[74.649422,34.398328],[74.660608,34.3998]]]}},{"type":"Feature","properties":{"name":"","minZoom":6.0,"rank":8},"geometry":{"type":"Polygon","coordinates":[[[73.865825,33.149636],[73.87024,33.13845],[73.87024,33.128441],[73.864059,33.123143],[73.851695,33.125792],[73.846397,33.127853],[73.841687,33.12903],[73.83109,33.12903],[73.823142,33.131679],[73.820787,33.137567],[73.820198,33.144337],[73.817549,33.149636],[73.795766,33.162882],[73.728357,33.190552],[73.712167,33.207625],[73.704219,33.209686],[73.700981,33.194085],[73.702453,33.184959],[73.714522,33.155817],[73.669189,33.134917],[73.650056,33.132268],[73.63887,33.149636],[73.641519,33.152874],[73.647407,33.160821],[73.652116,33.172007],[73.652411,33.183782],[73.646818,33.194085],[73.638576,33.200266],[73.618559,33.211158],[73.615026,33.216162],[73.613555,33.222638],[73.612966,33.228525],[73.612083,33.231469],[73.607079,33.231763],[73.598836,33.229997],[73.59236,33.227348],[73.585296,33.227348],[73.581175,33.226759],[73.57882,33.228231],[73.577348,33.238534],[73.580586,33.238239],[73.587356,33.2403],[73.594421,33.243243],[73.597953,33.245893],[73.596482,33.265615],[73.592655,33.285043],[73.590889,33.303588],[73.597953,33.320956],[73.60855,33.309475],[73.614438,33.296818],[73.613849,33.283866],[73.604724,33.27268],[73.617087,33.255901],[73.637104,33.234118],[73.658887,33.22146],[73.676549,33.231174],[73.679787,33.240888],[73.680964,33.251486],[73.680375,33.272974],[73.684791,33.28416],[73.693033,33.28887],[73.698626,33.293874],[73.69421,33.306826],[73.717465,33.309181],[73.733066,33.318012],[73.744547,33.323016],[73.748668,33.320956],[73.753378,33.297701],[73.741603,33.270619],[73.721586,33.246481],[73.700981,33.231469],[73.715405,33.225582],[73.762503,33.217928],[73.788996,33.20792],[73.802536,33.204387],[73.817549,33.204976],[73.810779,33.180838],[73.825497,33.169947],[73.847868,33.162588],[73.865825,33.149636]]]}},{"type":"Feature","properties":{"name":"","minZoom":6.0,"rank":8},"geometry":{"type":"Polygon","coordinates":[[[37.799449,-0.783484],[37.812695,-0.79879],[37.800626,-0.802028],[37.782376,-0.809388],[37.772367,-0.812626],[37.758532,-0.818513],[37.747935,-0.81292],[37.741165,-0.800262],[37.737632,-0.78525],[37.75971,-0.795847],[37.799449,-0.783484]]]}},{"type":"Feature","properties":{"name":"Masinga Dam","minZoom":6.0,"rank":8},"geometry":{"type":"Polygon","coordinates":[[[37.670223,-0.789371],[37.682292,-0.778185],[37.671106,-0.827933],[37.658448,-0.841179],[37.635194,-0.832937],[37.629306,-0.843828],[37.621064,-0.85207],[37.601047,-0.867083],[37.590745,-0.862667],[37.58368,-0.865611],[37.580442,-0.874736],[37.580442,-0.887688],[37.558365,-0.882979],[37.528045,-0.913004],[37.50479,-0.901229],[37.49125,-0.908588],[37.467112,-0.90535],[37.453571,-0.911826],[37.445034,-0.923601],[37.43797,-0.935964],[37.431199,-0.94244],[37.422957,-0.935375],[37.425606,-0.925073],[37.422663,-0.918891],[37.417953,-0.913592],[37.415304,-0.905056],[37.417658,-0.896519],[37.427078,-0.892398],[37.429139,-0.884156],[37.42855,-0.873853],[37.426195,-0.87091],[37.422074,-0.870615],[37.415304,-0.867083],[37.414715,-0.869438],[37.391754,-0.862373],[37.388811,-0.860313],[37.359374,-0.858546],[37.349366,-0.854425],[37.337003,-0.842945],[37.308744,-0.823517],[37.297264,-0.810859],[37.292554,-0.791431],[37.305211,-0.797613],[37.340241,-0.819396],[37.343479,-0.81498],[37.350249,-0.809976],[37.355253,-0.804972],[37.359374,-0.814097],[37.36585,-0.821457],[37.381452,-0.832937],[37.393226,-0.830287],[37.409122,-0.831759],[37.422957,-0.837352],[37.429139,-0.846772],[37.448861,-0.837352],[37.460341,-0.848538],[37.469172,-0.865611],[37.480947,-0.874442],[37.484774,-0.87562],[37.489778,-0.878269],[37.496548,-0.880624],[37.50479,-0.880918],[37.512444,-0.875914],[37.51627,-0.868555],[37.521569,-0.863551],[37.532755,-0.867083],[37.53511,-0.850599],[37.544529,-0.849715],[37.556304,-0.854131],[37.566607,-0.853542],[37.573083,-0.845006],[37.570433,-0.837647],[37.567195,-0.830876],[37.570139,-0.822634],[37.576909,-0.820573],[37.58574,-0.822045],[37.59516,-0.824695],[37.60458,-0.826166],[37.621947,-0.826166],[37.63431,-0.823811],[37.637254,-0.816747],[37.624891,-0.802028],[37.617532,-0.789665],[37.617826,-0.776124],[37.621064,-0.761112],[37.621358,-0.743744],[37.628129,-0.743744],[37.633133,-0.755813],[37.639315,-0.76641],[37.641964,-0.777008],[37.635194,-0.791431],[37.647263,-0.796141],[37.658448,-0.795258],[37.670223,-0.789371]]]}},{"type":"Feature","properties":{"name":"Bunyonyi","minZoom":6.0,"rank":8},"geometry":{"type":"Polygon","coordinates":[[[29.918438,-1.302742],[29.918732,-1.292439],[29.911373,-1.292439],[29.9152,-1.329235],[29.914023,-1.34513],[29.904897,-1.353667],[29.903425,-1.33159],[29.898421,-1.305685],[29.898421,-1.283608],[29.911373,-1.271834],[29.89224,-1.260353],[29.863981,-1.227679],[29.843081,-1.210312],[29.841903,-1.216199],[29.836899,-1.230917],[29.830717,-1.217671],[29.831306,-1.206485],[29.838077,-1.200303],[29.865158,-1.207074],[29.874578,-1.216199],[29.881937,-1.22709],[29.890768,-1.237099],[29.901659,-1.24328],[29.924031,-1.252406],[29.932273,-1.257704],[29.944048,-1.274777],[29.957588,-1.320109],[29.966714,-1.340126],[29.959649,-1.346308],[29.943165,-1.313045],[29.939338,-1.298621],[29.934628,-1.300681],[29.923148,-1.303919],[29.918732,-1.30598],[29.918438,-1.302742]]]}},{"type":"Feature","properties":{"name":"","minZoom":6.0,"rank":8},"geometry":{"type":"Polygon","coordinates":[[[75.573137,24.836204],[75.577846,24.854454],[75.57608,24.862402],[75.566661,24.874766],[75.564306,24.885068],[75.57137,24.909501],[75.571665,24.918626],[75.576963,24.922453],[75.582556,24.925102],[75.589621,24.926279],[75.599041,24.926279],[75.593742,24.90273],[75.605222,24.87506],[75.622295,24.84739],[75.633776,24.823252],[75.639369,24.792638],[75.637897,24.778214],[75.629949,24.765262],[75.606989,24.739064],[75.591976,24.730527],[75.585206,24.744951],[75.555475,24.75702],[75.418301,24.7267],[75.379739,24.754959],[75.411825,24.754959],[75.43508,24.758492],[75.457157,24.764379],[75.472464,24.772327],[75.486888,24.781747],[75.530748,24.795876],[75.545466,24.805001],[75.560773,24.819131],[75.573137,24.836204]]]}},{"type":"Feature","properties":{"name":"","minZoom":6.0,"rank":8},"geometry":{"type":"Polygon","coordinates":[[[119.014806,31.138246],[119.020987,31.120584],[119.011862,31.103805],[118.995672,31.088792],[118.962115,31.065243],[118.944453,31.060828],[118.928557,31.064949],[118.915605,31.079667],[118.889995,31.087909],[118.853494,31.101744],[118.834361,31.119995],[118.853494,31.141778],[118.879693,31.142367],[118.894705,31.144427],[118.901181,31.151786],[118.904419,31.157379],[118.910895,31.153847],[118.91796,31.146782],[118.921787,31.141778],[118.923259,31.134713],[118.921787,31.107043],[118.933856,31.117934],[118.942098,31.154436],[118.955933,31.169742],[118.9733,31.173864],[118.987724,31.167682],[119.014806,31.138246]]]}},{"type":"Feature","properties":{"name":"","minZoom":6.0,"rank":8},"geometry":{"type":"Polygon","coordinates":[[[120.860763,31.429077],[120.865473,31.40229],[120.862824,31.392282],[120.850755,31.388161],[120.843396,31.387278],[120.826617,31.38139],[120.820141,31.380802],[120.807483,31.381979],[120.757441,31.375797],[120.750965,31.378152],[120.754792,31.389927],[120.764506,31.39552],[120.775986,31.399641],[120.785112,31.408766],[120.764506,31.406117],[120.747727,31.396992],[120.717408,31.375209],[120.680318,31.361962],[120.641462,31.354014],[120.641462,31.361374],[120.650587,31.362257],[120.657063,31.364612],[120.662362,31.367555],[120.682084,31.379035],[120.690326,31.38139],[120.684439,31.392282],[120.685322,31.401701],[120.69121,31.410238],[120.700335,31.419069],[120.706222,31.427605],[120.712109,31.447917],[120.717408,31.457042],[120.737425,31.470877],[120.748905,31.464107],[120.749199,31.445267],[120.737425,31.422307],[120.724178,31.406117],[120.716525,31.394342],[120.719174,31.393165],[120.775692,31.443795],[120.783345,31.463224],[120.765389,31.477353],[120.777458,31.48324],[120.79041,31.48324],[120.813076,31.477353],[120.8066,31.467345],[120.802774,31.457336],[120.802185,31.447328],[120.805423,31.436436],[120.816903,31.459397],[120.823379,31.468522],[120.833387,31.477353],[120.829561,31.459102],[120.836331,31.426722],[120.833387,31.40229],[120.84163,31.407294],[120.848106,31.413182],[120.860763,31.429077]]]}},{"type":"Feature","properties":{"name":"","minZoom":6.0,"rank":8},"geometry":{"type":"Polygon","coordinates":[[[116.277219,28.563442],[116.269566,28.55785],[116.271626,28.604948],[116.27928,28.620549],[116.30018,28.626731],[116.326084,28.621727],[116.336092,28.607597],[116.338447,28.55785],[116.344923,28.560499],[116.351399,28.565209],[116.35817,28.558144],[116.365823,28.551668],[116.369061,28.563442],[116.37436,28.57139],[116.382013,28.578161],[116.393199,28.585225],[116.388489,28.565209],[116.386134,28.544014],[116.393199,28.544014],[116.410272,28.553434],[116.434704,28.5343],[116.45531,28.501332],[116.461197,28.468952],[116.449422,28.47219],[116.442358,28.479254],[116.439414,28.489851],[116.440886,28.503098],[116.43647,28.501332],[116.425285,28.498388],[116.420869,28.496327],[116.417042,28.513401],[116.404679,28.522526],[116.388195,28.523703],[116.372593,28.516933],[116.352282,28.530179],[116.342863,28.521348],[116.342568,28.505158],[116.347867,28.496327],[116.36023,28.494267],[116.377598,28.488085],[116.389667,28.477194],[116.386134,28.462181],[116.372299,28.467774],[116.359347,28.464536],[116.349339,28.455116],[116.344629,28.441576],[116.347278,28.429801],[116.354932,28.419793],[116.364646,28.412139],[116.372593,28.406841],[116.362879,28.403897],[116.353165,28.403603],[116.331088,28.406841],[116.331088,28.414494],[116.313721,28.421265],[116.314898,28.435688],[116.331088,28.462181],[116.314309,28.464242],[116.30018,28.46954],[116.289583,28.479549],[116.283107,28.496327],[116.280457,28.492206],[116.276336,28.489557],[116.27251,28.508102],[116.275748,28.528413],[116.289288,28.571979],[116.283107,28.571979],[116.280163,28.566386],[116.277219,28.563442]]]}},{"type":"Feature","properties":{"name":"","minZoom":6.0,"rank":8},"geometry":{"type":"Polygon","coordinates":[[[116.130332,28.500743],[116.132981,28.523703],[116.12209,28.535478],[116.109432,28.522232],[116.097952,28.497211],[116.091476,28.475133],[116.091181,28.501332],[116.094419,28.528413],[116.105605,28.549313],[116.129743,28.55785],[116.147699,28.561088],[116.169482,28.56933],[116.190676,28.580516],[116.208044,28.592585],[116.216286,28.582871],[116.226,28.579927],[116.235714,28.578161],[116.243073,28.571979],[116.244839,28.561971],[116.243073,28.523703],[116.219524,28.548724],[116.202451,28.560793],[116.194503,28.554612],[116.189793,28.544014],[116.167127,28.531062],[116.160357,28.523703],[116.160651,28.512812],[116.171248,28.49515],[116.194503,28.434805],[116.201568,28.43245],[116.23277,28.434805],[116.235714,28.43039],[116.24896,28.400659],[116.231299,28.402131],[116.215697,28.408901],[116.201273,28.413317],[116.187733,28.406841],[116.154175,28.454822],[116.145933,28.462181],[116.12886,28.45806],[116.129449,28.443048],[116.136808,28.423914],[116.139751,28.406841],[116.133275,28.413611],[116.11738,28.42568],[116.112081,28.428624],[116.107077,28.451584],[116.130332,28.500743]]]}},{"type":"Feature","properties":{"name":"","minZoom":6.0,"rank":8},"geometry":{"type":"Polygon","coordinates":[[[114.405652,30.576304],[114.440387,30.524202],[114.42979,30.529206],[114.405652,30.545691],[114.403297,30.549517],[114.40212,30.554521],[114.399176,30.558937],[114.391817,30.559526],[114.386519,30.556876],[114.386519,30.553344],[114.387696,30.549517],[114.385636,30.545691],[114.368857,30.530678],[114.361498,30.514488],[114.362969,30.498298],[114.371506,30.483285],[114.357965,30.46945],[114.347368,30.48093],[114.324408,30.493882],[114.313222,30.502125],[114.317049,30.507423],[114.322053,30.510956],[114.328529,30.512133],[114.33736,30.51125],[114.328529,30.523024],[114.320287,30.539215],[114.319109,30.553344],[114.345602,30.563941],[114.378571,30.593083],[114.390345,30.599854],[114.398882,30.602503],[114.40418,30.596321],[114.405652,30.576304]]]}},{"type":"Feature","properties":{"name":"","minZoom":6.0,"rank":8},"geometry":{"type":"Polygon","coordinates":[[[112.548509,29.271094],[112.557929,29.255493],[112.557046,29.235181],[112.548509,29.198975],[112.547037,29.179252],[112.54115,29.172776],[112.511125,29.174837],[112.500822,29.168655],[112.505237,29.155114],[112.520544,29.13392],[112.523194,29.118025],[112.519661,29.103306],[112.509653,29.091826],[112.494052,29.085939],[112.505532,29.114198],[112.497878,29.125972],[112.479628,29.130977],[112.459905,29.140691],[112.44872,29.147755],[112.432235,29.153348],[112.417811,29.160119],[112.411335,29.171304],[112.442244,29.223112],[112.462555,29.233415],[112.491402,29.254609],[112.522311,29.271683],[112.548509,29.271094]]]}},{"type":"Feature","properties":{"name":"","minZoom":6.0,"rank":8},"geometry":{"type":"Polygon","coordinates":[[[114.132482,30.188921],[114.111288,30.208349],[114.115409,30.225717],[114.126595,30.234842],[114.158681,30.250443],[114.160741,30.254859],[114.176048,30.277819],[114.179581,30.281352],[114.181641,30.286944],[114.19371,30.306078],[114.200186,30.313143],[114.219909,30.322857],[114.226679,30.317558],[114.225501,30.30284],[114.220792,30.285178],[114.216671,30.278702],[114.210783,30.271049],[114.206957,30.262512],[114.210195,30.25427],[114.219614,30.247205],[114.228151,30.243673],[114.23551,30.239257],[114.241691,30.229838],[114.227562,30.229838],[114.227562,30.223656],[114.235804,30.224245],[114.253172,30.223067],[114.261708,30.223656],[114.261708,30.216297],[114.244341,30.20099],[114.234038,30.195986],[114.220792,30.195692],[114.220792,30.188921],[114.229328,30.187155],[114.232566,30.185094],[114.23551,30.181562],[114.241691,30.17538],[114.214021,30.173026],[114.172222,30.177147],[114.132482,30.188921]]]}},{"type":"Feature","properties":{"name":"Dongping","minZoom":6.0,"rank":8},"geometry":{"type":"Polygon","coordinates":[[[116.145933,36.020863],[116.165655,36.036465],[116.177724,36.064135],[116.187733,36.116532],[116.196269,36.110939],[116.200979,36.102991],[116.207749,36.082974],[116.204511,36.034698],[116.208044,36.020863],[116.23277,36.000847],[116.240718,35.989366],[116.229238,35.979947],[116.24896,35.95051],[116.244839,35.920779],[116.225411,35.904589],[116.170071,35.926667],[116.13563,35.931671],[116.109432,35.944623],[116.105605,35.979947],[116.122678,35.972588],[116.143872,35.980241],[116.156236,35.997903],[116.145933,36.020863]]]}},{"type":"Feature","properties":{"name":"Alaotra","minZoom":7.0,"rank":9},"geometry":{"type":"Polygon","coordinates":[[[48.592898,-17.339111],[48.600257,-17.364132],[48.596136,-17.402105],[48.580829,-17.437428],[48.52019,-17.520145],[48.512831,-17.53398],[48.510476,-17.548992],[48.508121,-17.593147],[48.502823,-17.611103],[48.493697,-17.627882],[48.481334,-17.646133],[48.467499,-17.620523],[48.461317,-17.587848],[48.460729,-17.553702],[48.463378,-17.524266],[48.473681,-17.497184],[48.509888,-17.458034],[48.526666,-17.434779],[48.532554,-17.411819],[48.532848,-17.367958],[48.542268,-17.346764],[48.560813,-17.329397],[48.578769,-17.327336],[48.592898,-17.339111]]]}},{"type":"Feature","properties":{"name":"Mweru Wantipa","minZoom":7.0,"rank":9},"geometry":{"type":"Polygon","coordinates":[[[29.896655,-8.569709],[29.898716,-8.582661],[29.884586,-8.614158],[29.881054,-8.615041],[29.873695,-8.623578],[29.867513,-8.633586],[29.867219,-8.638002],[29.86192,-8.640651],[29.856327,-8.647127],[29.852206,-8.655075],[29.847202,-8.683039],[29.837782,-8.699818],[29.82277,-8.707177],[29.802459,-8.700112],[29.804519,-8.721601],[29.800104,-8.729254],[29.789801,-8.732492],[29.768607,-8.743973],[29.764486,-8.744561],[29.762131,-8.747505],[29.760659,-8.765756],[29.757421,-8.771054],[29.751828,-8.773703],[29.744469,-8.774586],[29.722097,-8.783417],[29.702963,-8.800491],[29.682947,-8.811088],[29.658514,-8.801374],[29.655865,-8.788422],[29.668228,-8.764284],[29.662341,-8.751332],[29.652038,-8.747211],[29.637909,-8.746622],[29.611122,-8.748094],[29.611122,-8.740735],[29.619953,-8.736908],[29.640264,-8.736908],[29.651744,-8.734259],[29.662047,-8.729549],[29.667934,-8.723661],[29.67912,-8.706588],[29.687068,-8.700407],[29.691189,-8.695697],[29.694721,-8.680979],[29.698842,-8.68039],[29.703258,-8.681273],[29.707085,-8.679213],[29.7115,-8.670676],[29.713561,-8.663022],[29.709145,-8.658313],[29.692661,-8.658607],[29.692661,-8.651837],[29.71827,-8.651542],[29.730045,-8.653603],[29.741231,-8.658607],[29.79245,-8.613864],[29.802459,-8.61092],[29.809818,-8.6015],[29.817177,-8.597674],[29.826008,-8.595024],[29.836899,-8.590315],[29.871045,-8.569415],[29.896655,-8.569709]]]}},{"type":"Feature","properties":{"name":"","minZoom":7.0,"rank":9},"geometry":{"type":"Polygon","coordinates":[[[21.030408,40.844903],[21.030113,40.841959],[21.030113,40.842253],[21.030408,40.844903]]]}},{"type":"Feature","properties":{"name":"","minZoom":7.0,"rank":9},"geometry":{"type":"Polygon","coordinates":[[[21.030996,40.839898],[21.031291,40.839604],[21.030996,40.839604],[21.030408,40.840193],[21.030996,40.839898]]]}},{"type":"Feature","properties":{"name":"","minZoom":7.0,"rank":9},"geometry":{"type":"Polygon","coordinates":[[[21.034529,40.839898],[21.036,40.839604],[21.037472,40.838721],[21.036,40.83931],[21.034529,40.839604],[21.032174,40.839604],[21.034529,40.839898]]]}},{"type":"Feature","properties":{"name":"","minZoom":7.0,"rank":9},"geometry":{"type":"Polygon","coordinates":[[[21.008919,40.816644],[20.945042,40.785441],[20.92061,40.762481],[20.907658,40.776021],[20.914134,40.790151],[20.923259,40.799865],[20.932973,40.808107],[20.941215,40.816938],[20.942098,40.824003],[20.940921,40.833128],[20.940626,40.84137],[20.944748,40.844903],[20.951812,40.846669],[20.96918,40.858443],[20.953873,40.866097],[20.935328,40.877577],[20.926791,40.891706],[20.941215,40.906425],[20.950635,40.884936],[20.970063,40.89259],[20.984487,40.910546],[20.978894,40.920554],[20.968002,40.923203],[20.941215,40.94116],[20.927969,40.939982],[20.917372,40.94322],[20.907658,40.9547],[20.90648,40.969124],[20.915311,40.981782],[20.944748,41.00592],[20.964764,41.015928],[20.985959,41.014751],[21.030408,41.002682],[21.030702,41.007392],[21.02923,41.008569],[21.026581,41.008275],[21.024226,41.009452],[21.031585,41.01063],[21.037472,41.010041],[21.042182,41.007392],[21.044537,41.002682],[21.058372,40.985903],[21.060727,40.977072],[21.06632,40.974423],[21.073385,40.973245],[21.078978,40.968536],[21.093107,40.924675],[21.102821,40.910251],[21.119894,40.861976],[21.115479,40.846963],[21.105176,40.835483],[21.078978,40.816938],[21.071913,40.829301],[21.062493,40.838721],[21.049247,40.844314],[21.030408,40.844903],[21.024226,40.844903],[21.008919,40.816644]]]}},{"type":"Feature","properties":{"name":"","minZoom":7.0,"rank":9},"geometry":{"type":"Polygon","coordinates":[[[21.12902,40.768368],[21.130197,40.762481],[21.123427,40.757476],[21.10341,40.733339],[21.099289,40.725096],[21.085748,40.715382],[21.019516,40.686535],[20.996261,40.680353],[20.996261,40.688007],[21.020105,40.69566],[21.051896,40.711261],[21.0778,40.732456],[21.085159,40.755416],[21.080449,40.760126],[21.054545,40.773078],[21.050719,40.779554],[21.054251,40.783969],[21.065142,40.790445],[21.074268,40.800454],[21.084865,40.807518],[21.097523,40.811051],[21.113124,40.810756],[21.116362,40.798687],[21.12902,40.768368]]]}},{"type":"Feature","properties":{"name":"","minZoom":7.0,"rank":9},"geometry":{"type":"Polygon","coordinates":[[[70.505069,-49.12396],[70.514783,-49.148393],[70.510074,-49.161639],[70.49771,-49.166055],[70.431773,-49.164288],[70.421764,-49.160167],[70.432362,-49.151925],[70.432362,-49.14486],[70.423531,-49.143389],[70.422648,-49.139856],[70.424708,-49.135735],[70.425591,-49.13132],[70.452084,-49.121017],[70.48152,-49.116601],[70.505069,-49.12396]]]}},{"type":"Feature","properties":{"name":"Upemba","minZoom":7.0,"rank":9},"geometry":{"type":"Polygon","coordinates":[[[26.553856,-8.535268],[26.567691,-8.528204],[26.557094,-8.543511],[26.529424,-8.564411],[26.519415,-8.582955],[26.514411,-8.608271],[26.512939,-8.634764],[26.485564,-8.672442],[26.48262,-8.679213],[26.465547,-8.684511],[26.424925,-8.708355],[26.383419,-8.716008],[26.380476,-8.721895],[26.379887,-8.730432],[26.369584,-8.740735],[26.356632,-8.741912],[26.341914,-8.736908],[26.328962,-8.728666],[26.321014,-8.720718],[26.331611,-8.713947],[26.341914,-8.688338],[26.356043,-8.679213],[26.326901,-8.685394],[26.311889,-8.705705],[26.301292,-8.716008],[26.286573,-8.692165],[26.280392,-8.692165],[26.277742,-8.698935],[26.265968,-8.713947],[26.255076,-8.696286],[26.246245,-8.674503],[26.243596,-8.65007],[26.252427,-8.624461],[26.259786,-8.634469],[26.267145,-8.632997],[26.283335,-8.614158],[26.291872,-8.610331],[26.304235,-8.609743],[26.328079,-8.61092],[26.314244,-8.576774],[26.331905,-8.577363],[26.341619,-8.57383],[26.367524,-8.539684],[26.374294,-8.534385],[26.39019,-8.528204],[26.403436,-8.52526],[26.426691,-8.523788],[26.437877,-8.521433],[26.479382,-8.501122],[26.497927,-8.5023],[26.520004,-8.510248],[26.540315,-8.522022],[26.553856,-8.535268]]]}},{"type":"Feature","properties":{"name":"Luoma","minZoom":7.0,"rank":9},"geometry":{"type":"Polygon","coordinates":[[[118.26506,34.098077],[118.26771,34.090718],[118.263589,34.082181],[118.247693,34.040381],[118.23739,34.023308],[118.2212,34.018304],[118.195002,34.026546],[118.174396,34.037438],[118.156146,34.050095],[118.139956,34.066285],[118.126709,34.088068],[118.131419,34.088363],[118.134363,34.090129],[118.136718,34.092484],[118.14025,34.094839],[118.155851,34.129868],[118.160855,34.136639],[118.173513,34.138405],[118.182638,34.132517],[118.190881,34.123392],[118.202361,34.116033],[118.214724,34.113678],[118.238568,34.112795],[118.250048,34.108674],[118.26506,34.098077]]]}},{"type":"Feature","properties":{"name":"","minZoom":7.0,"rank":9},"geometry":{"type":"Polygon","coordinates":[[[116.947192,32.393414],[116.968386,32.388704],[116.968386,32.381934],[116.934535,32.377518],[116.92747,32.374869],[116.921288,32.364272],[116.926881,32.358974],[116.936301,32.354264],[116.941305,32.344255],[116.937773,32.335424],[116.929825,32.332186],[116.920994,32.331009],[116.913929,32.327182],[116.905981,32.315996],[116.90186,32.306871],[116.900388,32.296568],[116.900094,32.268309],[116.898622,32.261539],[116.893618,32.259184],[116.870657,32.257712],[116.863887,32.253886],[116.837983,32.217679],[116.828563,32.210614],[116.824442,32.220622],[116.826209,32.229748],[116.830918,32.24005],[116.837689,32.250648],[116.845048,32.259184],[116.845342,32.259478],[116.851818,32.270959],[116.879783,32.306871],[116.873012,32.322767],[116.87625,32.341017],[116.892735,32.374869],[116.870363,32.391942],[116.862121,32.404894],[116.858589,32.423439],[116.889791,32.481429],[116.867125,32.507627],[116.858294,32.504389],[116.841515,32.488199],[116.827975,32.477897],[116.811785,32.469654],[116.794417,32.464945],[116.777344,32.464356],[116.816494,32.489377],[116.858589,32.533237],[116.868597,32.533826],[116.878605,32.523817],[116.892735,32.505273],[116.908336,32.490554],[116.912457,32.482606],[116.913929,32.467594],[116.911868,32.460235],[116.907747,32.452876],[116.905098,32.443162],[116.90657,32.429621],[116.915401,32.411076],[116.929236,32.400185],[116.947192,32.393414]]]}},{"type":"Feature","properties":{"name":"","minZoom":7.0,"rank":9},"geometry":{"type":"Polygon","coordinates":[[[116.298708,32.235929],[116.295764,32.250353],[116.30018,32.262128],[116.32108,32.275963],[116.326084,32.284205],[116.324906,32.300101],[116.336681,32.289209],[116.347867,32.287737],[116.355815,32.295097],[116.360524,32.32571],[116.36494,32.333953],[116.379658,32.347199],[116.400852,32.37222],[116.414687,32.378402],[116.430877,32.371631],[116.438531,32.360445],[116.434704,32.352792],[116.424696,32.344844],[116.41351,32.333953],[116.37642,32.271253],[116.359053,32.252119],[116.354048,32.248881],[116.342568,32.239167],[116.33462,32.228865],[116.341685,32.224155],[116.356698,32.217973],[116.356992,32.203549],[116.34875,32.187654],[116.338447,32.176468],[116.337858,32.193247],[116.328733,32.201783],[116.317842,32.208259],[116.310483,32.217384],[116.298708,32.235929]]]}},{"type":"Feature","properties":{"name":"Wuchang","minZoom":7.0,"rank":9},"geometry":{"type":"Polygon","coordinates":[[[116.825031,30.311082],[116.840927,30.285473],[116.839161,30.281352],[116.834451,30.27723],[116.832096,30.268105],[116.82562,30.25898],[116.812079,30.26104],[116.790885,30.271343],[116.774695,30.271049],[116.763803,30.2684],[116.743198,30.257802],[116.739665,30.255447],[116.735839,30.251326],[116.73054,30.2475],[116.723475,30.244262],[116.716411,30.243379],[116.694628,30.244262],[116.668724,30.241907],[116.657244,30.237786],[116.646941,30.229838],[116.633989,30.235431],[116.605141,30.239552],[116.5916,30.244262],[116.5916,30.250443],[116.621331,30.249266],[116.637815,30.250443],[116.64959,30.255447],[116.639876,30.262218],[116.613383,30.298719],[116.603964,30.295481],[116.568051,30.297542],[116.550684,30.29136],[116.545974,30.30078],[116.545974,30.308433],[116.550095,30.314909],[116.558043,30.319325],[116.558043,30.313143],[116.5707,30.326095],[116.613972,30.324623],[116.626335,30.339636],[116.6334,30.339636],[116.633989,30.334926],[116.635755,30.332277],[116.63811,30.329922],[116.640759,30.326095],[116.637815,30.322563],[116.6334,30.313143],[116.644291,30.309022],[116.669312,30.29607],[116.674317,30.295187],[116.677849,30.298425],[116.686386,30.290182],[116.701398,30.271343],[116.708463,30.29136],[116.715233,30.29136],[116.719943,30.277525],[116.72583,30.280763],[116.739665,30.302251],[116.749379,30.309905],[116.769102,30.320502],[116.780876,30.329333],[116.790296,30.330805],[116.801776,30.324917],[116.812668,30.31697],[116.821204,30.313143],[116.825031,30.311082]]]}},{"type":"Feature","properties":{"name":"","minZoom":7.0,"rank":9},"geometry":{"type":"Polygon","coordinates":[[[117.11233,30.394976],[117.160312,30.394976],[117.160312,30.387617],[117.14942,30.385851],[117.141178,30.382318],[117.133819,30.376137],[117.126166,30.367895],[117.133525,30.360241],[117.124399,30.358181],[117.113508,30.361124],[117.103205,30.36554],[117.095552,30.367895],[117.081128,30.368483],[117.069942,30.371721],[117.064055,30.379964],[117.064643,30.394976],[117.057873,30.394976],[117.051103,30.379669],[117.018428,30.367011],[117.002533,30.354059],[117.008714,30.338753],[117.009892,30.320208],[117.004004,30.308433],[116.988992,30.313143],[116.98752,30.312554],[116.985165,30.316675],[116.984576,30.320502],[116.988992,30.326095],[116.979867,30.335515],[116.974274,30.351999],[116.973096,30.369955],[116.978983,30.384085],[116.989875,30.392032],[117.004888,30.398508],[117.036679,30.408222],[117.046982,30.41617],[117.066115,30.419997],[117.082894,30.426767],[117.09879,30.435893],[117.112919,30.449728],[117.12175,30.455321],[117.133525,30.456498],[117.135291,30.451788],[117.133819,30.442369],[117.13588,30.432949],[117.146771,30.428534],[117.146771,30.422352],[117.127049,30.410577],[117.119101,30.403513],[117.11233,30.394976]]]}},{"type":"Feature","properties":{"name":"","minZoom":7.0,"rank":9},"geometry":{"type":"Polygon","coordinates":[[[114.947577,30.257802],[114.949932,30.256919],[114.951992,30.253976],[114.952875,30.252209],[114.953758,30.250443],[114.947577,30.257802]]]}},{"type":"Feature","properties":{"name":"","minZoom":7.0,"rank":9},"geometry":{"type":"Polygon","coordinates":[[[114.93698,30.26575],[114.919612,30.271343],[114.935213,30.277525],[114.954641,30.278997],[114.991731,30.277819],[115.004683,30.281646],[115.007038,30.291949],[115.007627,30.307256],[115.015575,30.326095],[115.005566,30.334926],[114.999385,30.348761],[114.996441,30.364951],[114.995264,30.380847],[115.006449,30.372604],[115.025878,30.351116],[115.046777,30.339636],[115.048838,30.322857],[115.043245,30.288416],[115.033531,30.257214],[115.009982,30.245439],[114.979368,30.246911],[114.949932,30.256919],[114.944044,30.262218],[114.93698,30.26575]]]}},{"type":"Feature","properties":{"name":"","minZoom":7.0,"rank":9},"geometry":{"type":"Polygon","coordinates":[[[114.646442,30.243084],[114.650269,30.241024],[114.652624,30.236608],[114.645265,30.244262],[114.646442,30.243084]]]}},{"type":"Feature","properties":{"name":"","minZoom":7.0,"rank":9},"geometry":{"type":"Polygon","coordinates":[[[114.410362,30.458853],[114.412423,30.456498],[114.41154,30.41882],[114.405652,30.387617],[114.401826,30.390561],[114.39064,30.396742],[114.385636,30.401158],[114.37916,30.382318],[114.378571,30.374665],[114.368857,30.384379],[114.364441,30.396742],[114.362086,30.409694],[114.357965,30.422352],[114.34413,30.387617],[114.330884,30.392032],[114.316754,30.377903],[114.309984,30.387617],[114.303214,30.380847],[114.309101,30.454143],[114.316166,30.477104],[114.334416,30.460619],[114.362381,30.441486],[114.38799,30.435893],[114.399471,30.460031],[114.401531,30.46474],[114.405947,30.462974],[114.410362,30.458853]]]}},{"type":"Feature","properties":{"name":"","minZoom":7.0,"rank":9},"geometry":{"type":"Polygon","coordinates":[[[114.310867,30.504185],[114.313222,30.502125],[114.310867,30.498887],[114.309984,30.497415],[114.309984,30.504774],[114.310867,30.504185]]]}},{"type":"Feature","properties":{"name":"","minZoom":7.0,"rank":9},"geometry":{"type":"Polygon","coordinates":[[[114.590513,30.641653],[114.595517,30.636355],[114.597578,30.634],[114.590513,30.641653]]]}},{"type":"Feature","properties":{"name":"","minZoom":7.0,"rank":9},"geometry":{"type":"Polygon","coordinates":[[[114.453928,30.743798],[114.46011,30.743798],[114.44598,30.747624],[114.437738,30.757044],[114.426258,30.784714],[114.433617,30.792368],[114.429201,30.806203],[114.434794,30.808852],[114.443037,30.802376],[114.447158,30.788541],[114.450984,30.780887],[114.459815,30.776766],[114.481598,30.771762],[114.473356,30.787363],[114.461287,30.805908],[114.453634,30.82622],[114.46011,30.846825],[114.462759,30.8377],[114.467174,30.829752],[114.473356,30.82357],[114.481598,30.819449],[114.482776,30.825042],[114.486897,30.834462],[114.488369,30.840055],[114.495728,30.840055],[114.496905,30.834462],[114.501909,30.819449],[114.514861,30.827103],[114.52487,30.828574],[114.543415,30.827103],[114.550185,30.825336],[114.555778,30.82151],[114.560782,30.819449],[114.566964,30.823276],[114.572851,30.828869],[114.577855,30.830929],[114.583743,30.830046],[114.590513,30.827103],[114.579327,30.810324],[114.554601,30.803259],[114.525753,30.799432],[114.517805,30.797077],[114.523104,30.797961],[114.533406,30.797372],[114.543415,30.792368],[114.538411,30.788835],[114.535761,30.785892],[114.533406,30.782654],[114.529874,30.778533],[114.536644,30.782065],[114.542237,30.783537],[114.556367,30.784714],[114.556367,30.778533],[114.550774,30.775],[114.542237,30.767641],[114.536056,30.764403],[114.536056,30.758221],[114.551068,30.763226],[114.563726,30.769113],[114.576383,30.771173],[114.590513,30.764403],[114.522809,30.734084],[114.488957,30.728785],[114.453928,30.743798]]]}},{"type":"Feature","properties":{"name":"","minZoom":7.0,"rank":9},"geometry":{"type":"Polygon","coordinates":[[[114.215493,33.019232],[114.204307,33.037483],[114.213727,33.053967],[114.245518,33.070452],[114.269362,33.055733],[114.280548,33.023059],[114.273188,32.964186],[114.268479,32.956238],[114.25847,32.960948],[114.241691,32.988324],[114.232566,33.00157],[114.215493,33.019232]]]}},{"type":"Feature","properties":{"name":"","minZoom":7.0,"rank":9},"geometry":{"type":"Polygon","coordinates":[[[112.637996,33.35569],[112.633286,33.334496],[112.634463,33.306826],[112.629459,33.282983],[112.607087,33.27268],[112.589131,33.281805],[112.576768,33.300056],[112.563227,33.313302],[112.541739,33.306826],[112.53438,33.318895],[112.523782,33.329198],[112.510536,33.33744],[112.495818,33.344799],[112.484043,33.354513],[112.47639,33.366876],[112.474329,33.3813],[112.480217,33.396607],[112.488459,33.37659],[112.499939,33.3604],[112.515246,33.346565],[112.534968,33.334496],[112.54586,33.350392],[112.548509,33.35569],[112.548509,33.341561],[112.555868,33.341561],[112.557929,33.347154],[112.559989,33.350392],[112.561755,33.354513],[112.562933,33.361872],[112.567054,33.349509],[112.571175,33.340972],[112.576179,33.333908],[112.582655,33.327137],[112.588837,33.323016],[112.604144,33.317423],[112.61062,33.313596],[112.617979,33.313596],[112.617685,33.328315],[112.62004,33.340384],[112.626516,33.349803],[112.637996,33.35569]]]}},{"type":"Feature","properties":{"name":"Kenohan Jempang","minZoom":7.0,"rank":9},"geometry":{"type":"Polygon","coordinates":[[[116.530961,-0.229196],[116.538026,-0.237438],[116.530961,-0.250096],[116.520364,-0.253922],[116.457665,-0.259221],[116.44118,-0.263636],[116.425579,-0.270112],[116.41351,-0.27806],[116.432938,-0.296311],[116.414687,-0.318977],[116.379658,-0.338405],[116.347867,-0.346353],[116.330794,-0.343115],[116.30224,-0.328985],[116.293115,-0.325747],[116.290171,-0.323687],[116.287228,-0.318977],[116.282518,-0.314561],[116.273098,-0.312207],[116.268683,-0.307497],[116.273687,-0.296605],[116.282518,-0.284831],[116.283107,-0.284831],[116.299297,-0.271584],[116.334915,-0.248035],[116.347867,-0.244208],[116.37436,-0.286597],[116.386134,-0.298666],[116.394965,-0.284242],[116.402619,-0.251862],[116.41351,-0.244208],[116.405857,-0.225664],[116.406151,-0.208002],[116.411744,-0.192989],[116.420869,-0.182686],[116.437059,-0.175033],[116.457959,-0.170617],[116.472383,-0.173855],[116.46885,-0.188868],[116.506235,-0.223309],[116.517715,-0.22478],[116.530961,-0.229196]]]}},{"type":"Feature","properties":{"name":"","minZoom":7.0,"rank":9},"geometry":{"type":"Polygon","coordinates":[[[116.266328,-0.415234],[116.269566,-0.418766],[116.269272,-0.428775],[116.267505,-0.436134],[116.262501,-0.440549],[116.252198,-0.442021],[116.239541,-0.44732],[116.238363,-0.459977],[116.24013,-0.475873],[116.236008,-0.490297],[116.223645,-0.499128],[116.206278,-0.503249],[116.187438,-0.504426],[116.148582,-0.503249],[116.14034,-0.497362],[116.141223,-0.444965],[116.136808,-0.43319],[116.122678,-0.42848],[116.115319,-0.420533],[116.110609,-0.404343],[116.11473,-0.389919],[116.126211,-0.387269],[116.141518,-0.39875],[116.155058,-0.396395],[116.168893,-0.391979],[116.1842,-0.397867],[116.197447,-0.405226],[116.243073,-0.415234],[116.249549,-0.415823],[116.258674,-0.41494],[116.266328,-0.415234]]]}},{"type":"Feature","properties":{"name":"Taal","minZoom":7.0,"rank":9},"geometry":{"type":"Polygon","coordinates":[[[121.021486,14.063066],[121.050039,14.052468],[121.045035,14.011258],[121.031789,13.983293],[121.007062,13.962099],[120.965557,13.957389],[120.944951,13.986825],[120.936415,14.036867],[120.932294,14.070425],[120.978215,14.070425],[120.99411,14.058356],[121.021486,14.063066]]]}},{"type":"Feature","properties":{"name":"","minZoom":7.0,"rank":9},"geometry":{"type":"Polygon","coordinates":[[[114.111288,30.208349],[114.110699,30.204817],[114.110699,30.209232],[114.110994,30.208938],[114.111288,30.208349]]]}},{"type":"Feature","properties":{"name":"Aqqikkol Hu","minZoom":7.0,"rank":9},"geometry":{"type":"Polygon","coordinates":[[[88.359431,36.996092],[88.334705,37.014931],[88.308506,37.024645],[88.288489,37.050549],[88.276421,37.060263],[88.342358,37.143568],[88.372089,37.16329],[88.415655,37.173299],[88.46658,37.173593],[88.514855,37.165351],[88.550179,37.148867],[88.555772,37.127084],[88.557538,37.089994],[88.551651,37.05467],[88.540171,37.039069],[88.525453,37.043484],[88.522215,37.052904],[88.517799,37.062324],[88.49896,37.066445],[88.470995,37.067622],[88.465991,37.059969],[88.455394,37.009927],[88.450684,37.000801],[88.440381,36.991971],[88.420365,36.983434],[88.404763,36.984317],[88.359431,36.996092]]]}},{"type":"Feature","properties":{"name":"","minZoom":7.0,"rank":9},"geometry":{"type":"Polygon","coordinates":[[[95.295239,36.962828],[95.299949,36.937808],[95.293767,36.907488],[95.279637,36.88335],[95.259326,36.876874],[95.236955,36.893947],[95.201042,36.947816],[95.173666,36.959296],[95.148351,36.96695],[95.116854,37.000213],[95.091244,37.007866],[95.028545,37.010221],[95.000286,37.016403],[94.972027,37.027589],[94.983213,37.03377],[94.994399,37.034948],[95.006468,37.034359],[95.019714,37.035242],[95.030017,37.039363],[95.052388,37.052315],[95.064163,37.054964],[95.087123,37.052021],[95.130395,37.038186],[95.193683,37.027294],[95.231067,37.007866],[95.295239,36.962828]]]}},{"type":"Feature","properties":{"name":"Gas Hure Hu","minZoom":7.0,"rank":9},"geometry":{"type":"Polygon","coordinates":[[[90.825614,38.159124],[90.899499,38.122034],[90.953662,38.112615],[90.985748,38.100251],[91.007237,38.081118],[91.003704,38.056097],[91.020189,38.05021],[91.009003,38.048738],[90.976328,38.049326],[90.972502,38.044028],[90.972207,38.027838],[90.969852,38.021362],[90.961316,38.016652],[90.939827,38.009293],[90.932468,38.004289],[90.914217,37.996635],[90.899499,38.008999],[90.880954,38.042556],[90.868885,38.052564],[90.850929,38.061395],[90.831501,38.067577],[90.815311,38.069932],[90.79971,38.074642],[90.780576,38.084061],[90.761148,38.090537],[90.738482,38.085533],[90.725824,38.087299],[90.71405,38.090832],[90.709046,38.09407],[90.708163,38.104078],[90.706691,38.111732],[90.706102,38.11968],[90.709046,38.13116],[90.728768,38.153237],[90.763503,38.167367],[90.80177,38.17031],[90.825614,38.159124]]]}},{"type":"Feature","properties":{"name":"Hoh Sai Hu","minZoom":7.0,"rank":9},"geometry":{"type":"Polygon","coordinates":[[[92.996255,35.718846],[93.038938,35.700006],[93.025986,35.681167],[93.006558,35.671159],[92.983597,35.666743],[92.914422,35.66586],[92.899409,35.673514],[92.826701,35.737096],[92.821108,35.757407],[92.806684,35.771831],[92.788728,35.78184],[92.70925,35.80951],[92.693354,35.819224],[92.674221,35.82776],[92.623001,35.834531],[92.607106,35.843362],[92.621235,35.858374],[92.673632,35.86014],[92.771655,35.850132],[92.776659,35.851604],[92.785785,35.857786],[92.809922,35.830704],[92.82258,35.818929],[92.840536,35.809215],[92.887046,35.796558],[92.901764,35.788904],[92.954455,35.758879],[92.964169,35.744455],[92.973883,35.732975],[92.996255,35.718846]]]}},{"type":"Feature","properties":{"name":"Huiten Nur","minZoom":7.0,"rank":9},"geometry":{"type":"Polygon","coordinates":[[[92.057528,35.569603],[92.099916,35.562833],[92.099916,35.556062],[92.089319,35.551941],[92.052229,35.528098],[92.047519,35.533691],[92.036334,35.543405],[92.031624,35.549292],[92.004248,35.533102],[91.970102,35.518678],[91.93625,35.508964],[91.907991,35.507492],[91.889151,35.518384],[91.880909,35.521327],[91.870901,35.521622],[91.849707,35.519856],[91.839698,35.521327],[91.825863,35.528686],[91.784652,35.569603],[91.795249,35.574902],[91.804963,35.583144],[91.811439,35.595213],[91.812028,35.61052],[91.86207,35.639367],[91.880909,35.645549],[91.904164,35.645843],[91.946258,35.634069],[91.966864,35.631125],[92.038688,35.574902],[92.057528,35.569603]]]}},{"type":"Feature","properties":{"name":"","minZoom":7.0,"rank":9},"geometry":{"type":"Polygon","coordinates":[[[90.126499,35.720906],[90.083522,35.736213],[90.057912,35.757407],[90.060267,35.788021],[90.101478,35.79332],[90.188316,35.785372],[90.223051,35.803034],[90.244833,35.806566],[90.267205,35.79538],[90.283984,35.794497],[90.328727,35.818046],[90.346095,35.812748],[90.347861,35.805683],[90.346389,35.797735],[90.338147,35.78184],[90.324312,35.741217],[90.296347,35.715313],[90.258669,35.70295],[90.215397,35.703539],[90.126499,35.720906]]]}},{"type":"Feature","properties":{"name":"","minZoom":7.0,"rank":9},"geometry":{"type":"Polygon","coordinates":[[[90.354631,35.151017],[90.240124,35.161026],[90.201856,35.143364],[90.196852,35.152195],[90.19067,35.156316],[90.183311,35.156021],[90.17448,35.150134],[90.163883,35.158671],[90.145633,35.180454],[90.133564,35.191051],[90.120317,35.197527],[90.108543,35.200765],[90.098829,35.206358],[90.092058,35.219015],[90.110015,35.21931],[90.116196,35.228435],[90.118551,35.241387],[90.126205,35.252573],[90.141806,35.257577],[90.153286,35.252279],[90.165061,35.244036],[90.181251,35.239621],[90.213631,35.234322],[90.21157,35.223431],[90.187138,35.213422],[90.154169,35.211656],[90.154169,35.205475],[90.170654,35.198999],[90.20009,35.193111],[90.225405,35.190756],[90.230998,35.191345],[90.236591,35.189579],[90.2466,35.181337],[90.254547,35.177216],[90.261318,35.178393],[90.266911,35.183692],[90.270149,35.191051],[90.263673,35.19164],[90.258963,35.1937],[90.255136,35.196055],[90.250426,35.197821],[90.257785,35.211951],[90.264556,35.231673],[90.274564,35.244919],[90.290754,35.239621],[90.291049,35.251984],[90.295464,35.265231],[90.303706,35.276122],[90.315186,35.280538],[90.321957,35.282009],[90.333143,35.287602],[90.339619,35.287897],[90.344623,35.285247],[90.352865,35.276122],[90.356103,35.274356],[90.364934,35.263759],[90.383773,35.216366],[90.400552,35.205475],[90.39231,35.236972],[90.385834,35.252867],[90.377003,35.259932],[90.373765,35.266702],[90.380241,35.277888],[90.389661,35.280243],[90.39437,35.259932],[90.400258,35.263759],[90.406145,35.265231],[90.418214,35.263759],[90.467667,35.226963],[90.483563,35.219015],[90.492394,35.216955],[90.520947,35.219015],[90.529778,35.216955],[90.536843,35.211951],[90.551855,35.197821],[90.555388,35.211951],[90.560686,35.21666],[90.567457,35.214894],[90.575993,35.208418],[90.585707,35.206063],[90.597482,35.210184],[90.609551,35.216072],[90.619559,35.219015],[90.631039,35.217249],[90.642519,35.212539],[90.648995,35.204886],[90.643697,35.194583],[90.575993,35.188402],[90.517709,35.17074],[90.499753,35.173095],[90.481208,35.183692],[90.465901,35.199587],[90.455598,35.219015],[90.437936,35.165735],[90.422629,35.147191],[90.400552,35.164558],[90.354631,35.151017]]]}},{"type":"Feature","properties":{"name":"","minZoom":7.0,"rank":9},"geometry":{"type":"Polygon","coordinates":[[[90.733184,34.835459],[90.698743,34.835459],[90.689323,34.838108],[90.665774,34.851355],[90.653705,34.855181],[90.626918,34.854593],[90.580114,34.839286],[90.555388,34.835459],[90.486801,34.835459],[90.479736,34.837519],[90.476792,34.842229],[90.476204,34.846939],[90.476204,34.849],[90.460897,34.84635],[90.456187,34.837519],[90.452949,34.826039],[90.442057,34.815148],[90.424101,34.808966],[90.386423,34.803668],[90.366406,34.794542],[90.366406,34.787183],[90.38083,34.78424],[90.420274,34.78159],[90.428517,34.777175],[90.435287,34.769816],[90.451183,34.76805],[90.469433,34.76805],[90.483563,34.766578],[90.499164,34.757452],[90.499753,34.748622],[90.493866,34.737436],[90.490039,34.721834],[90.483268,34.71477],[90.449417,34.709471],[90.435287,34.705056],[90.460602,34.694164],[90.460308,34.68445],[90.442352,34.683567],[90.414093,34.698285],[90.339619,34.753331],[90.322546,34.745384],[90.30665,34.747738],[90.29517,34.758924],[90.290754,34.777175],[90.297525,34.79101],[90.314009,34.798075],[90.352865,34.800724],[90.338441,34.813382],[90.256608,34.835459],[90.263967,34.84635],[90.266028,34.854298],[90.263967,34.872843],[90.268677,34.880497],[90.279568,34.880202],[90.292226,34.877847],[90.301057,34.879908],[90.319308,34.895215],[90.339619,34.904046],[90.362579,34.908461],[90.388778,34.909639],[90.398492,34.907578],[90.402907,34.902868],[90.406734,34.896981],[90.414093,34.890799],[90.428222,34.88344],[90.434698,34.881674],[90.469728,34.885795],[90.476498,34.883146],[90.486801,34.872843],[90.499164,34.864601],[90.50564,34.87196],[90.51035,34.890799],[90.531544,34.896687],[90.553327,34.896098],[90.649584,34.88138],[90.660181,34.87667],[90.668423,34.871666],[90.674899,34.869016],[90.684613,34.868722],[90.706396,34.870783],[90.715816,34.869016],[90.723764,34.86254],[90.733772,34.85106],[90.739071,34.840169],[90.733184,34.835459]]]}},{"type":"Feature","properties":{"name":"","minZoom":7.0,"rank":9},"geometry":{"type":"Polygon","coordinates":[[[90.388483,34.909639],[90.387894,34.909933],[90.39437,34.909933],[90.388778,34.909639],[90.388483,34.909639]]]}},{"type":"Feature","properties":{"name":"","minZoom":7.0,"rank":9},"geometry":{"type":"Polygon","coordinates":[[[89.374693,35.265525],[89.387056,35.246391],[89.386173,35.223725],[89.372338,35.215189],[89.353205,35.218132],[89.335543,35.229613],[89.319647,35.236972],[89.300219,35.24227],[89.290799,35.250512],[89.30434,35.266702],[89.284323,35.271412],[89.236048,35.274945],[89.203373,35.293784],[89.180413,35.299377],[89.157158,35.299966],[89.139791,35.294078],[89.135081,35.304381],[89.137436,35.312623],[89.153626,35.328813],[89.158041,35.329991],[89.177469,35.328813],[89.181002,35.330579],[89.181002,35.334112],[89.180118,35.338822],[89.180707,35.343237],[89.17688,35.341471],[89.173937,35.347064],[89.172759,35.3556],[89.173937,35.362371],[89.178647,35.366786],[89.1863,35.371496],[89.19572,35.375028],[89.280497,35.384154],[89.302574,35.379149],[89.309933,35.367081],[89.314054,35.351185],[89.335837,35.320277],[89.341724,35.30232],[89.344374,35.283187],[89.345257,35.263464],[89.349967,35.252279],[89.361152,35.260226],[89.374693,35.265525]]]}},{"type":"Feature","properties":{"name":"","minZoom":7.0,"rank":9},"geometry":{"type":"Polygon","coordinates":[[[89.235459,34.568471],[89.235753,34.558168],[89.234281,34.547865],[89.229866,34.539329],[89.221918,34.533736],[89.204845,34.533736],[89.194837,34.543744],[89.189244,34.555519],[89.18424,34.561112],[89.163928,34.564644],[89.128016,34.579657],[89.105644,34.581717],[89.086511,34.58054],[89.08239,34.577302],[89.07768,34.568471],[89.07974,34.564644],[89.07768,34.523727],[89.070321,34.503711],[89.052364,34.493997],[89.029698,34.491053],[88.989076,34.49488],[88.96435,34.500767],[88.94551,34.512836],[88.941978,34.533736],[88.914013,34.513425],[88.916663,34.566704],[88.920784,34.581717],[88.888109,34.574652],[88.868092,34.587899],[88.838362,34.629993],[88.853374,34.642356],[88.876335,34.645594],[88.895763,34.637352],[88.900473,34.615569],[88.911364,34.620573],[88.923727,34.621456],[88.935796,34.61969],[88.933736,34.615569],[89.021456,34.599379],[89.064728,34.597613],[89.105644,34.602028],[89.112709,34.606149],[89.117124,34.611448],[89.124484,34.615863],[89.139791,34.615569],[89.151271,34.611153],[89.162457,34.598496],[89.170699,34.595847],[89.216914,34.599379],[89.229572,34.59202],[89.235459,34.568471]]]}},{"type":"Feature","properties":{"name":"","minZoom":7.0,"rank":9},"geometry":{"type":"Polygon","coordinates":[[[89.602825,36.274016],[89.611656,36.253705],[89.588696,36.243991],[89.572506,36.240459],[89.563381,36.233983],[89.554255,36.230745],[89.537182,36.23781],[89.530706,36.242519],[89.526585,36.248112],[89.52423,36.254588],[89.523347,36.261948],[89.519815,36.265774],[89.500681,36.266363],[89.483019,36.271662],[89.45476,36.27696],[89.448873,36.282259],[89.443574,36.28844],[89.356443,36.336127],[89.327889,36.34643],[89.29757,36.347607],[89.299336,36.362031],[89.295804,36.382637],[89.288739,36.401182],[89.280497,36.40913],[89.277847,36.420021],[89.276375,36.441804],[89.282852,36.457405],[89.30434,36.450046],[89.339369,36.424142],[89.373516,36.410013],[89.448873,36.388524],[89.482725,36.372334],[89.510395,36.350551],[89.533061,36.324058],[89.551312,36.29315],[89.57751,36.291384],[89.602825,36.274016]]]}},{"type":"Feature","properties":{"name":"","minZoom":7.0,"rank":9},"geometry":{"type":"Polygon","coordinates":[[[90.617498,31.30044],[90.612494,31.28219],[90.616321,31.268354],[90.627507,31.249515],[90.619853,31.220962],[90.627212,31.2033],[90.609256,31.161795],[90.606607,31.151786],[90.599837,31.14531],[90.584235,31.139129],[90.567162,31.135596],[90.555388,31.138246],[90.52183,31.170037],[90.520947,31.175924],[90.516826,31.183283],[90.535371,31.240684],[90.553621,31.260112],[90.558626,31.271298],[90.557743,31.285722],[90.550383,31.310154],[90.551855,31.326639],[90.556271,31.34224],[90.560392,31.349599],[90.568928,31.352543],[90.586296,31.354014],[90.601308,31.354898],[90.615438,31.353131],[90.626918,31.34695],[90.633394,31.333409],[90.617498,31.30044]]]}},{"type":"Feature","properties":{"name":"","minZoom":7.0,"rank":9},"geometry":{"type":"Polygon","coordinates":[[[88.335588,31.806452],[88.345007,31.803214],[88.352366,31.792323],[88.33912,31.790851],[88.31822,31.781431],[88.307918,31.779076],[88.296732,31.781137],[88.268473,31.791145],[88.26288,31.795855],[88.259347,31.805275],[88.250811,31.803508],[88.224907,31.785847],[88.216076,31.78202],[88.206656,31.779959],[88.151021,31.779665],[88.135126,31.78673],[88.143074,31.80292],[88.158969,31.817638],[88.177809,31.832062],[88.199003,31.839126],[88.221374,31.833239],[88.265529,31.820876],[88.280542,31.826469],[88.283485,31.855022],[88.294082,31.851195],[88.307918,31.843836],[88.319986,31.834122],[88.324991,31.823231],[88.328229,31.810573],[88.335588,31.806452]]]}},{"type":"Feature","properties":{"name":"","minZoom":7.0,"rank":9},"geometry":{"type":"Polygon","coordinates":[[[88.086261,31.677521],[87.997069,31.661919],[87.918768,31.634543],[87.898751,31.630128],[87.875202,31.628362],[87.832814,31.617765],[87.821628,31.62012],[87.830753,31.641314],[87.83458,31.642786],[87.840762,31.643374],[87.846943,31.648379],[87.851359,31.663097],[87.851359,31.674871],[87.84606,31.695477],[87.844588,31.707251],[87.851947,31.723147],[87.869021,31.734922],[87.906699,31.751112],[87.929071,31.764358],[87.939962,31.769362],[87.954386,31.772306],[87.979113,31.766124],[88.01061,31.766419],[88.040635,31.772011],[88.088028,31.794678],[88.108044,31.781137],[88.110105,31.760531],[88.08479,31.751112],[88.09833,31.73816],[88.142191,31.752878],[88.163385,31.748168],[88.172804,31.728151],[88.162502,31.711372],[88.143368,31.698126],[88.125706,31.689884],[88.086261,31.677521]]]}},{"type":"Feature","properties":{"name":"","minZoom":7.0,"rank":9},"geometry":{"type":"Polygon","coordinates":[[[82.45537,34.131634],[82.458314,34.116033],[82.445067,34.111029],[82.422107,34.114561],[82.398263,34.122215],[82.382956,34.128985],[82.367061,34.141937],[82.353226,34.155478],[82.338213,34.166369],[82.317608,34.17049],[82.306716,34.178144],[82.28405,34.211113],[82.244016,34.229363],[82.211636,34.255856],[82.18897,34.289413],[82.191325,34.32091],[82.295236,34.276461],[82.322023,34.25409],[82.357052,34.191096],[82.37913,34.166958],[82.407094,34.15695],[82.419752,34.153712],[82.43918,34.144586],[82.45537,34.131634]]]}},{"type":"Feature","properties":{"name":"Lumajangdong","minZoom":7.0,"rank":9},"geometry":{"type":"Polygon","coordinates":[[[81.811007,34.025075],[81.814539,34.006235],[81.809241,33.987396],[81.797172,33.978859],[81.776566,33.979742],[81.768324,33.984158],[81.752428,34.012417],[81.740948,34.02478],[81.729174,34.030373],[81.717105,34.026841],[81.704741,34.012417],[81.694733,33.981509],[81.691495,33.9506],[81.682958,33.924991],[81.657349,33.909978],[81.650873,33.931761],[81.652639,33.945302],[81.658526,33.958254],[81.663825,33.978859],[81.639393,33.972089],[81.621731,33.982686],[81.607307,33.998287],[81.592,34.006235],[81.580225,34.009179],[81.574338,34.015655],[81.569628,34.02272],[81.560797,34.026546],[81.548434,34.026252],[81.540192,34.02272],[81.495154,33.991517],[81.476904,33.982686],[81.454826,33.978859],[81.430394,33.955605],[81.416265,33.950012],[81.409789,33.968262],[81.415087,33.981214],[81.426862,33.984158],[81.440697,33.983569],[81.451294,33.98563],[81.456298,33.991811],[81.493977,34.050684],[81.508989,34.067757],[81.523119,34.075116],[81.533127,34.077177],[81.539309,34.082476],[81.539898,34.088952],[81.53401,34.094839],[81.522824,34.096311],[81.499864,34.088363],[81.492505,34.088068],[81.486323,34.10102],[81.505163,34.111912],[81.532833,34.119565],[81.554027,34.122215],[81.573161,34.121037],[81.591411,34.110146],[81.595532,34.088068],[81.632917,34.095428],[81.667063,34.08483],[81.70062,34.068935],[81.751545,34.056571],[81.778627,34.037732],[81.797172,34.033611],[81.811007,34.025075]]]}},{"type":"Feature","properties":{"name":"Guozha","minZoom":7.0,"rank":9},"geometry":{"type":"Polygon","coordinates":[[[81.230815,35.070362],[81.244062,35.058881],[81.244062,35.051228],[81.242884,35.044163],[81.240824,35.037393],[81.229638,35.018553],[81.224928,35.014727],[81.206677,35.016493],[81.146627,35.007073],[81.13132,35.012961],[81.101589,35.020908],[81.060084,35.008839],[81.017696,34.991472],[80.984138,34.982347],[80.965593,34.983524],[80.945282,34.988234],[80.929092,34.997654],[80.922616,35.012961],[80.927031,35.032977],[80.937628,35.054466],[80.952052,35.071539],[80.967065,35.078604],[81.018284,35.086552],[81.03889,35.085374],[81.057435,35.081547],[81.074508,35.080664],[81.08746,35.08714],[81.09423,35.105685],[81.101001,35.105685],[81.112481,35.094499],[81.138385,35.097443],[81.164289,35.103625],[81.176063,35.102742],[81.185777,35.090967],[81.230815,35.070362]]]}},{"type":"Feature","properties":{"name":"","minZoom":7.0,"rank":9},"geometry":{"type":"Polygon","coordinates":[[[91.236252,33.934116],[91.243317,33.920575],[91.242728,33.90674],[91.23949,33.890844],[91.232131,33.874066],[91.219473,33.858464],[91.205049,33.848456],[91.187093,33.840803],[91.167371,33.836093],[91.147943,33.834915],[91.134107,33.851988],[91.143527,33.873771],[91.163544,33.892905],[91.181794,33.902619],[91.181794,33.909978],[91.161483,33.910861],[91.156479,33.921458],[91.164427,33.935293],[91.181794,33.944713],[91.198573,33.945596],[91.218884,33.942064],[91.236252,33.934116]]]}},{"type":"Feature","properties":{"name":"","minZoom":7.0,"rank":9},"geometry":{"type":"Polygon","coordinates":[[[90.060562,32.477308],[90.0638,32.447577],[90.05644,32.422556],[90.03819,32.423439],[90.019351,32.409899],[90.016996,32.406072],[90.01258,32.401068],[90.002866,32.405189],[89.986382,32.41608],[89.940167,32.408721],[89.879528,32.410193],[89.872757,32.412842],[89.87364,32.440218],[89.876584,32.451993],[89.883943,32.456997],[89.894246,32.458469],[89.898661,32.46259],[89.903371,32.46936],[89.914557,32.478191],[89.927215,32.483784],[89.955474,32.492026],[89.969014,32.497913],[89.987559,32.514103],[89.999334,32.522346],[90.014052,32.525878],[90.024649,32.520579],[90.039956,32.49703],[90.047904,32.491732],[90.060562,32.477308]]]}},{"type":"Feature","properties":{"name":"","minZoom":7.0,"rank":9},"geometry":{"type":"Polygon","coordinates":[[[90.934823,32.111119],[90.946009,32.03429],[90.941888,32.023398],[90.925403,32.018689],[90.910096,32.018983],[90.897733,32.020455],[90.888019,32.024576],[90.880954,32.032524],[90.880954,32.025459],[90.852695,32.046064],[90.761148,32.050186],[90.729357,32.06667],[90.741131,32.076384],[90.777044,32.094046],[90.784697,32.103465],[90.79029,32.114946],[90.799121,32.12466],[90.828852,32.132313],[90.836211,32.140261],[90.842393,32.149386],[90.85299,32.155274],[90.868297,32.155274],[90.892435,32.144971],[90.904798,32.142322],[90.923637,32.133196],[90.934823,32.111119]]]}},{"type":"Feature","properties":{"name":"","minZoom":7.0,"rank":9},"geometry":{"type":"Polygon","coordinates":[[[88.827176,31.64779],[88.833063,31.621886],[88.830708,31.597454],[88.814813,31.586856],[88.814224,31.573904],[88.810103,31.54594],[88.799506,31.517681],[88.780372,31.504729],[88.754762,31.502668],[88.736217,31.493837],[88.726798,31.475292],[88.728269,31.443501],[88.740927,31.41848],[88.744754,31.404645],[88.739161,31.391693],[88.732391,31.381685],[88.714729,31.339885],[88.707958,31.348716],[88.703249,31.369321],[88.694123,31.38139],[88.712963,31.399346],[88.720616,31.410238],[88.718555,31.419069],[88.708253,31.424956],[88.697656,31.429372],[88.691474,31.43467],[88.694123,31.443501],[88.693535,31.463224],[88.687942,31.488244],[88.677639,31.509439],[88.655856,31.523274],[88.648202,31.534165],[88.642021,31.546823],[88.639372,31.556243],[88.634073,31.559186],[88.598749,31.559481],[88.610524,31.573904],[88.629658,31.574493],[88.648497,31.567428],[88.660271,31.559481],[88.665276,31.550061],[88.667925,31.541524],[88.671752,31.533282],[88.680582,31.525334],[88.69118,31.520625],[88.701777,31.518858],[88.725326,31.518564],[88.729741,31.527984],[88.720322,31.549178],[88.70472,31.570372],[88.69118,31.579792],[88.669691,31.582147],[88.628186,31.591861],[88.604931,31.594216],[88.621121,31.612466],[88.645553,31.626301],[88.674106,31.634249],[88.701777,31.635132],[88.685587,31.658093],[88.681466,31.67075],[88.69118,31.676049],[88.701482,31.673399],[88.710902,31.666923],[88.725326,31.652205],[88.742693,31.647495],[88.770364,31.650439],[88.818345,31.663097],[88.827176,31.64779]]]}},{"type":"Feature","properties":{"name":"Geren Cuo","minZoom":7.0,"rank":9},"geometry":{"type":"Polygon","coordinates":[[[88.576378,31.052586],[88.580793,31.035512],[88.574611,31.021972],[88.547236,30.994007],[88.539876,30.990475],[88.518388,30.987237],[88.509263,30.983999],[88.473056,30.994596],[88.468346,31.000777],[88.465697,31.015201],[88.457749,31.024621],[88.44568,31.030214],[88.399759,31.035512],[88.377387,31.047287],[88.363847,31.069659],[88.359137,31.103805],[88.346774,31.115579],[88.256698,31.168565],[88.245218,31.171214],[88.215193,31.169742],[88.189583,31.165327],[88.181047,31.169154],[88.173393,31.183283],[88.123646,31.231265],[88.108633,31.238035],[88.103923,31.242745],[88.079491,31.276891],[88.067128,31.282484],[88.052998,31.287194],[88.04299,31.292492],[88.03151,31.31192],[88.043873,31.317219],[88.109516,31.308682],[88.12865,31.298968],[88.159852,31.278363],[88.460987,31.135008],[88.536344,31.095857],[88.557244,31.079667],[88.566664,31.068481],[88.576378,31.052586]]]}},{"type":"Feature","properties":{"name":"Ngangzi Co","minZoom":7.0,"rank":9},"geometry":{"type":"Polygon","coordinates":[[[87.303253,31.05965],[87.308257,31.010197],[87.277349,30.998717],[87.194044,31.011375],[87.15401,31.004015],[87.11957,30.987825],[87.06364,30.943082],[87.041563,30.920416],[87.02655,30.908936],[87.0083,30.902165],[86.988872,30.902165],[86.971504,30.908053],[86.962379,30.919533],[86.967972,30.936312],[86.979747,30.957212],[86.981218,30.963688],[86.979158,30.973696],[86.970033,30.989297],[86.967972,31.000777],[86.971799,31.025504],[86.982985,31.039045],[87.045978,31.060533],[87.060991,31.069659],[87.096903,31.104982],[87.113388,31.112047],[87.122219,31.117934],[87.129284,31.12706],[87.133993,31.136185],[87.140175,31.143838],[87.152538,31.14796],[87.169317,31.143838],[87.208173,31.119995],[87.224658,31.114402],[87.242908,31.107337],[87.291184,31.072897],[87.303253,31.05965]]]}},{"type":"Feature","properties":{"name":"","minZoom":7.0,"rank":9},"geometry":{"type":"Polygon","coordinates":[[[86.326553,30.573066],[86.318899,30.571006],[86.302709,30.561586],[86.292406,30.559526],[86.283575,30.563647],[86.276805,30.573066],[86.275333,30.586902],[86.263264,30.613983],[86.254728,30.617515],[86.207335,30.623991],[86.199682,30.627818],[86.192028,30.637532],[86.187613,30.65696],[86.174661,30.679921],[86.1726,30.697877],[86.175544,30.715244],[86.182609,30.727019],[86.228824,30.720837],[86.241187,30.717305],[86.252667,30.701704],[86.263264,30.662553],[86.275333,30.648129],[86.292112,30.648424],[86.312423,30.654605],[86.329496,30.6549],[86.336855,30.637826],[86.336267,30.600737],[86.333323,30.581603],[86.326553,30.573066]]]}},{"type":"Feature","properties":{"name":"","minZoom":7.0,"rank":9},"geometry":{"type":"Polygon","coordinates":[[[86.467259,30.360241],[86.467847,30.349938],[86.462549,30.332277],[86.458722,30.303134],[86.433701,30.239552],[86.433112,30.234253],[86.435762,30.200107],[86.433112,30.188921],[86.420455,30.169493],[86.406914,30.167727],[86.39249,30.176264],[86.377772,30.188921],[86.360699,30.19893],[86.353634,30.204522],[86.350985,30.212765],[86.349807,30.232781],[86.347747,30.241612],[86.343626,30.250443],[86.339505,30.261924],[86.320077,30.303723],[86.320077,30.316087],[86.336855,30.3467],[86.349219,30.361419],[86.384837,30.372604],[86.405737,30.382613],[86.426636,30.389089],[86.443415,30.384085],[86.451363,30.378492],[86.457839,30.376137],[86.462549,30.372016],[86.467259,30.360241]]]}},{"type":"Feature","properties":{"name":"","minZoom":7.0,"rank":9},"geometry":{"type":"Polygon","coordinates":[[[83.946913,31.293964],[83.944558,31.302206],[83.944852,31.313098],[83.98312,31.308682],[83.973406,31.331643],[83.957216,31.360785],[83.976349,31.375209],[84.010496,31.391693],[84.01756,31.392282],[84.048469,31.38139],[84.067602,31.379035],[84.08497,31.381685],[84.090857,31.389632],[84.07555,31.40229],[84.056122,31.396403],[84.033456,31.403762],[84.014617,31.418186],[84.006963,31.432904],[84.004608,31.438791],[83.999899,31.441735],[83.995483,31.443501],[83.993128,31.446445],[83.994306,31.452332],[83.996661,31.45557],[83.998721,31.457631],[84.014322,31.497958],[84.048763,31.514149],[84.078199,31.491482],[84.099688,31.449977],[84.109991,31.408766],[84.108519,31.383451],[84.109991,31.375209],[84.122943,31.354014],[84.126475,31.34224],[84.120293,31.330171],[84.099982,31.321634],[84.060243,31.328993],[84.040815,31.320457],[84.031984,31.301618],[84.030512,31.281012],[84.024625,31.264528],[84.003431,31.257757],[83.993423,31.255697],[83.982531,31.252164],[83.972228,31.250693],[83.962514,31.254814],[83.960159,31.260701],[83.962809,31.276302],[83.958982,31.285133],[83.951328,31.288077],[83.946913,31.293964]]]}},{"type":"Feature","properties":{"name":"","minZoom":7.0,"rank":9},"geometry":{"type":"Polygon","coordinates":[[[84.329586,31.183283],[84.329881,31.172097],[84.322227,31.158851],[84.312808,31.146782],[84.303388,31.126765],[84.291319,31.118523],[84.260705,31.107043],[84.203893,31.073485],[84.175634,31.065538],[84.150613,31.079667],[84.127064,31.071425],[84.099394,31.067009],[84.05465,31.066126],[84.050235,31.072897],[84.045231,31.077606],[84.037871,31.079667],[84.031395,31.078784],[84.02021,31.074957],[83.977821,31.065243],[83.965752,31.05965],[83.964575,31.067598],[83.958982,31.086437],[83.930723,31.126177],[83.925424,31.141778],[83.943086,31.187699],[83.948385,31.196235],[84.013145,31.207715],[84.044347,31.205361],[84.06878,31.183283],[84.09645,31.203889],[84.128536,31.209776],[84.210663,31.200356],[84.240983,31.191525],[84.257173,31.189465],[84.295734,31.19182],[84.31634,31.190348],[84.329586,31.183283]]]}},{"type":"Feature","properties":{"name":"","minZoom":7.0,"rank":9},"geometry":{"type":"Polygon","coordinates":[[[83.640186,30.928953],[83.643718,30.878028],[83.636653,30.880971],[83.621052,30.875084],[83.603684,30.86537],[83.592499,30.857128],[83.586611,30.843881],[83.578369,30.806792],[83.572187,30.799138],[83.55482,30.800904],[83.543634,30.806792],[83.535686,30.817389],[83.527444,30.833284],[83.519202,30.865664],[83.524206,30.895984],[83.537747,30.922477],[83.573365,30.968692],[83.584256,30.976051],[83.602507,30.97664],[83.616342,30.968103],[83.631649,30.951913],[83.641952,30.936017],[83.640186,30.928953]]]}},{"type":"Feature","properties":{"name":"","minZoom":7.0,"rank":9},"geometry":{"type":"Polygon","coordinates":[[[83.499774,31.244217],[83.497419,31.235386],[83.499479,31.22626],[83.499185,31.21949],[83.489765,31.216841],[83.462978,31.215663],[83.451793,31.216841],[83.441784,31.216252],[83.432953,31.218901],[83.427066,31.224789],[83.421767,31.242745],[83.414703,31.244511],[83.405872,31.245688],[83.397335,31.251576],[83.397924,31.255697],[83.39763,31.264822],[83.394686,31.274242],[83.386738,31.278363],[83.375552,31.276302],[83.358479,31.267766],[83.349354,31.265411],[83.32816,31.265411],[83.324627,31.271592],[83.331986,31.281601],[83.358185,31.30515],[83.37408,31.316041],[83.449143,31.348421],[83.467394,31.351071],[83.486527,31.347244],[83.500363,31.339885],[83.51773,31.327227],[83.533331,31.312509],[83.541279,31.298674],[83.539513,31.27748],[83.527738,31.263939],[83.499774,31.244217]]]}},{"type":"Feature","properties":{"name":"","minZoom":7.0,"rank":9},"geometry":{"type":"Polygon","coordinates":[[[84.856498,30.201284],[84.86268,30.154186],[84.848256,30.112681],[84.827945,30.108265],[84.801158,30.122395],[84.795565,30.12681],[84.792621,30.138585],[84.793799,30.149476],[84.795859,30.15919],[84.795565,30.16861],[84.77908,30.208938],[84.718147,30.31226],[84.705195,30.348467],[84.719913,30.367895],[84.73051,30.358181],[84.750821,30.329333],[84.761419,30.318736],[84.816465,30.233665],[84.819114,30.223656],[84.856498,30.201284]]]}},{"type":"Feature","properties":{"name":"","minZoom":7.0,"rank":9},"geometry":{"type":"Polygon","coordinates":[[[84.822941,30.107088],[84.827945,30.108265],[84.829711,30.107088],[84.822941,30.107088]]]}},{"type":"Feature","properties":{"name":"","minZoom":7.0,"rank":9},"geometry":{"type":"Polygon","coordinates":[[[85.754014,29.875423],[85.754309,29.857762],[85.741357,29.794768],[85.722223,29.773868],[85.69573,29.75915],[85.665999,29.750907],[85.672181,29.785054],[85.672181,29.778578],[85.688077,29.850402],[85.692492,29.859233],[85.694258,29.868359],[85.685722,29.883077],[85.682189,29.893085],[85.678951,29.91163],[85.674242,29.923993],[85.657169,29.952547],[85.658346,29.963144],[85.677774,29.968737],[85.69102,29.954313],[85.698968,29.935768],[85.699851,29.928998],[85.709565,29.914279],[85.719868,29.906037],[85.7443,29.89073],[85.754014,29.875423]]]}},{"type":"Feature","properties":{"name":"Aksai Chin","minZoom":7.0,"rank":9},"geometry":{"type":"Polygon","coordinates":[[[79.895874,35.248746],[79.910003,35.223137],[79.905294,35.192228],[79.888809,35.165735],[79.867615,35.153667],[79.852602,35.154844],[79.831702,35.158376],[79.813452,35.164264],[79.805504,35.17074],[79.804327,35.175744],[79.801383,35.181042],[79.799028,35.187224],[79.798734,35.195172],[79.801677,35.201059],[79.811391,35.209007],[79.812274,35.214894],[79.795496,35.229907],[79.767237,35.242565],[79.749281,35.258755],[79.764587,35.283776],[79.794318,35.295844],[79.835235,35.30026],[79.875563,35.296433],[79.901761,35.283776],[79.887043,35.278183],[79.880567,35.277005],[79.884099,35.268469],[79.895874,35.248746]]]}},{"type":"Feature","properties":{"name":"Puma Yumco","minZoom":4.7,"rank":5},"geometry":{"type":"Polygon","coordinates":[[[90.330199,28.620843],[90.348155,28.625259],[90.358164,28.625848],[90.366406,28.623198],[90.373176,28.618783],[90.379652,28.615839],[90.385834,28.615839],[90.39702,28.626436],[90.404968,28.628203],[90.437053,28.625848],[90.457659,28.619666],[90.499753,28.593173],[90.514471,28.578161],[90.519181,28.5761],[90.523302,28.574923],[90.527423,28.572273],[90.530661,28.568447],[90.532427,28.564326],[90.534193,28.531062],[90.532133,28.527236],[90.529189,28.523998],[90.524479,28.522232],[90.510056,28.523703],[90.472377,28.519288],[90.465312,28.520465],[90.459719,28.523409],[90.451477,28.531651],[90.446179,28.53224],[90.440586,28.530474],[90.42675,28.517522],[90.421158,28.514578],[90.414976,28.513401],[90.406439,28.514578],[90.396725,28.517227],[90.389955,28.521054],[90.389366,28.524292],[90.393193,28.527824],[90.396137,28.531946],[90.396137,28.535184],[90.392016,28.535772],[90.386128,28.535184],[90.381713,28.535478],[90.377886,28.537538],[90.372588,28.544898],[90.369938,28.546369],[90.366406,28.545781],[90.354631,28.53695],[90.352276,28.538127],[90.35051,28.544309],[90.346978,28.551079],[90.341679,28.553434],[90.335203,28.551374],[90.323429,28.538127],[90.317247,28.533712],[90.311654,28.532534],[90.30194,28.538422],[90.287222,28.54166],[90.282512,28.543426],[90.27633,28.549019],[90.273681,28.552257],[90.272798,28.5552],[90.272504,28.557261],[90.271621,28.558733],[90.258669,28.568152],[90.254253,28.572568],[90.243656,28.589347],[90.240712,28.591113],[90.236591,28.59229],[90.233353,28.594056],[90.233059,28.597294],[90.241007,28.620549],[90.248955,28.625259],[90.265733,28.62467],[90.330199,28.620843]]]}},{"type":"Feature","properties":{"name":"Khashm el-Girba Dam","minZoom":6.0,"rank":8},"geometry":{"type":"Polygon","coordinates":[[[35.938773,14.762769],[35.935829,14.757471],[35.935829,14.7507],[35.938773,14.744813],[35.942011,14.739514],[35.943189,14.736276],[35.939656,14.727445],[35.928176,14.704191],[35.900506,14.661508],[35.896385,14.645023],[35.895207,14.619708],[35.890792,14.628245],[35.887848,14.644729],[35.880489,14.667984],[35.884021,14.677109],[35.89138,14.685351],[35.898445,14.695654],[35.925821,14.777487],[35.923466,14.796915],[35.885788,14.833711],[35.873424,14.852256],[35.87519,14.874922],[35.897856,14.914955],[35.901683,14.935561],[35.908454,14.873744],[35.915224,14.852256],[35.929059,14.831062],[35.941717,14.816343],[35.949959,14.800742],[35.94937,14.777193],[35.947015,14.772483],[35.938773,14.762769]]]}},{"type":"Feature","properties":{"name":"Mingachevir","minZoom":5.7,"rank":7},"geometry":{"type":"Polygon","coordinates":[[[46.897066,40.848729],[46.617421,40.906719],[46.455226,40.897005],[46.410777,40.886702],[46.385462,40.885819],[46.337775,40.899654],[46.370155,40.924675],[46.486429,40.939688],[46.523518,40.975306],[46.501147,40.990613],[46.466412,41.029469],[46.440802,41.04301],[46.440802,41.050369],[46.468767,41.050369],[46.521752,41.040655],[46.5506,41.04301],[46.597698,41.060966],[46.622719,41.065381],[46.646268,41.057434],[46.658043,41.017989],[46.685124,40.986786],[46.721625,40.963826],[46.898833,40.904364],[46.941221,40.879638],[46.946814,40.874633],[46.951524,40.86904],[46.958294,40.863742],[46.968303,40.858443],[47.004804,40.852262],[47.029236,40.841076],[47.126082,40.817821],[47.143155,40.809873],[47.154929,40.796627],[47.159639,40.773078],[47.149631,40.77455],[47.085165,40.797804],[47.058378,40.796921],[47.021582,40.780142],[46.999211,40.776021],[46.99244,40.779848],[46.984787,40.788973],[46.978605,40.799571],[46.975956,40.807518],[46.971541,40.812817],[46.961827,40.819882],[46.941221,40.831362],[46.897066,40.848729]]]}},{"type":"Feature","properties":{"name":"Ubol Ratana","minZoom":7.0,"rank":9},"geometry":{"type":"Polygon","coordinates":[[[102.605183,16.848928],[102.611954,16.740896],[102.605772,16.69262],[102.602534,16.681434],[102.588993,16.663184],[102.586049,16.651409],[102.583695,16.648466],[102.574569,16.64405],[102.571626,16.641695],[102.570448,16.635514],[102.572214,16.620501],[102.571626,16.614025],[102.554553,16.578113],[102.550431,16.572814],[102.538951,16.587532],[102.536891,16.675253],[102.553669,16.676725],[102.571626,16.695858],[102.582517,16.719996],[102.577807,16.737364],[102.568388,16.736775],[102.554553,16.732065],[102.542189,16.731182],[102.536891,16.740896],[102.533947,16.754437],[102.526882,16.766211],[102.516874,16.774748],[102.505982,16.777692],[102.497152,16.779163],[102.476252,16.784462],[102.468009,16.785345],[102.432391,16.778575],[102.417084,16.777692],[102.41002,16.781518],[102.384999,16.79918],[102.379112,16.805656],[102.383527,16.817431],[102.393535,16.825084],[102.399717,16.833621],[102.393535,16.846573],[102.408842,16.840391],[102.420617,16.807717],[102.433863,16.798886],[102.446227,16.80389],[102.453291,16.816548],[102.462711,16.828911],[102.48155,16.832443],[102.477429,16.821846],[102.482433,16.816253],[102.494502,16.813898],[102.509515,16.813015],[102.518051,16.813898],[102.531886,16.818314],[102.540423,16.819197],[102.545133,16.816253],[102.551903,16.802418],[102.557202,16.798886],[102.573981,16.801241],[102.582223,16.810072],[102.591642,16.839802],[102.586638,16.850694],[102.584872,16.857464],[102.588699,16.860408],[102.597824,16.858936],[102.603123,16.855404],[102.605183,16.848928]]]}},{"type":"Feature","properties":{"name":"Xinfengjiang","minZoom":5.7,"rank":7},"geometry":{"type":"Polygon","coordinates":[[[114.711497,23.901892],[114.727687,23.89836],[114.704726,23.889823],[114.682943,23.884819],[114.668225,23.874222],[114.665576,23.850673],[114.658805,23.850673],[114.657922,23.859209],[114.655567,23.862742],[114.651741,23.865391],[114.645265,23.870984],[114.638494,23.85656],[114.630252,23.82889],[114.624659,23.815643],[114.625542,23.810345],[114.628192,23.80328],[114.62672,23.797687],[114.607586,23.793861],[114.583743,23.782086],[114.59434,23.775316],[114.615534,23.757654],[114.621421,23.754416],[114.636139,23.748823],[114.637022,23.738226],[114.628192,23.73175],[114.614651,23.737343],[114.594928,23.74794],[114.565786,23.754416],[114.537822,23.751766],[114.52222,23.73381],[114.51545,23.73381],[114.498966,23.746468],[114.475711,23.73852],[114.451867,23.726746],[114.433617,23.727629],[114.435383,23.735871],[114.441565,23.749117],[114.443625,23.760303],[114.433617,23.761186],[114.423314,23.754416],[114.415072,23.735871],[114.405652,23.727629],[114.389757,23.74529],[114.385636,23.754416],[114.388285,23.760597],[114.395644,23.763835],[114.399765,23.767368],[114.391817,23.774727],[114.391817,23.782086],[114.419782,23.788268],[114.427141,23.788268],[114.430673,23.786501],[114.433911,23.784147],[114.440387,23.782086],[114.505147,23.782086],[114.517805,23.785618],[114.527519,23.794155],[114.533701,23.805929],[114.536056,23.81947],[114.53164,23.828007],[114.510152,23.847435],[114.501909,23.85656],[114.506619,23.864214],[114.502204,23.87275],[114.49249,23.880109],[114.481598,23.884819],[114.480126,23.865097],[114.472473,23.84508],[114.459815,23.829479],[114.44392,23.823297],[114.421548,23.823297],[114.41154,23.825946],[114.402709,23.832717],[114.368562,23.833305],[114.357965,23.836249],[114.383575,23.848612],[114.442448,23.853616],[114.46011,23.870984],[114.440093,23.871573],[114.433617,23.870984],[114.447158,23.904836],[114.455105,23.918082],[114.46011,23.90513],[114.476888,23.913372],[114.491018,23.915433],[114.503676,23.916022],[114.51545,23.91926],[114.527225,23.929562],[114.535467,23.943692],[114.540765,23.959293],[114.543415,23.974011],[114.543415,23.991968],[114.539588,24.00492],[114.534584,24.017872],[114.529874,24.035533],[114.530757,24.05084],[114.534584,24.06497],[114.534289,24.076744],[114.52222,24.08322],[114.52222,24.089402],[114.530168,24.089991],[114.535761,24.088519],[114.543415,24.08322],[114.549596,24.07174],[114.551657,24.037594],[114.556367,24.021698],[114.567258,24.011396],[114.579916,24.009335],[114.591102,24.016694],[114.597578,24.035533],[114.609352,24.013456],[114.593162,23.994911],[114.569024,23.977249],[114.556367,23.956938],[114.555484,23.942514],[114.55254,23.928385],[114.548419,23.915727],[114.543415,23.90513],[114.541649,23.896888],[114.542826,23.890412],[114.541649,23.886291],[114.532818,23.884819],[114.525753,23.886291],[114.501909,23.89836],[114.508385,23.886291],[114.517805,23.880404],[114.527813,23.876577],[114.536056,23.870984],[114.538999,23.864214],[114.544592,23.843902],[114.550185,23.836249],[114.567258,23.833011],[114.585214,23.841548],[114.598755,23.855088],[114.611707,23.888057],[114.628486,23.908368],[114.645265,23.918377],[114.652624,23.908368],[114.662927,23.902775],[114.711497,23.901892]]]}},{"type":"Feature","properties":{"name":"Krishna Raja Sagara","minZoom":6.0,"rank":8},"geometry":{"type":"Polygon","coordinates":[[[76.565438,12.443769],[76.570442,12.435821],[76.570442,12.426695],[76.565438,12.419925],[76.558079,12.420514],[76.511275,12.441119],[76.490081,12.445535],[76.470653,12.444063],[76.45564,12.433466],[76.454168,12.44789],[76.460939,12.463785],[76.462705,12.476737],[76.445632,12.482036],[76.432386,12.492044],[76.429148,12.510884],[76.435329,12.522069],[76.44887,12.509412],[76.454463,12.497637],[76.483899,12.467023],[76.493613,12.460842],[76.513041,12.465551],[76.521283,12.465257],[76.524522,12.457604],[76.529526,12.457015],[76.551603,12.449067],[76.554841,12.447301],[76.565438,12.443769]]]}},{"type":"Feature","properties":{"name":"","minZoom":7.0,"rank":9},"geometry":{"type":"Polygon","coordinates":[[[80.813996,7.280033],[80.812229,7.271791],[80.812229,7.266492],[80.813996,7.260605],[80.809286,7.24883],[80.807225,7.232935],[80.795745,7.236761],[80.787208,7.24206],[80.773079,7.253246],[80.779849,7.242943],[80.792801,7.211741],[80.783087,7.190546],[80.776023,7.182893],[80.765425,7.177594],[80.777789,7.203204],[80.771018,7.223515],[80.756595,7.229402],[80.745114,7.211741],[80.735695,7.213507],[80.726864,7.210269],[80.717738,7.211741],[80.714795,7.215273],[80.713323,7.220866],[80.709202,7.225576],[80.697427,7.22587],[80.705081,7.232346],[80.71244,7.236173],[80.71921,7.236467],[80.724509,7.232935],[80.738344,7.246475],[80.747175,7.240588],[80.750707,7.243826],[80.750707,7.250008],[80.748647,7.253246],[80.73805,7.254129],[80.730691,7.25619],[80.724509,7.258544],[80.696544,7.266198],[80.678294,7.273557],[80.664459,7.286509],[80.656216,7.307998],[80.662987,7.301227],[80.675056,7.291808],[80.692423,7.283565],[80.743054,7.266492],[80.749824,7.267375],[80.752473,7.276795],[80.757478,7.280916],[80.768369,7.275618],[80.780144,7.267081],[80.78662,7.260605],[80.784854,7.273557],[80.779555,7.28121],[80.765425,7.294162],[80.759833,7.302699],[80.745114,7.335079],[80.75159,7.333607],[80.758361,7.330075],[80.763365,7.324776],[80.765425,7.317712],[80.766603,7.310058],[80.769841,7.309175],[80.774256,7.310353],[80.779261,7.307998],[80.788975,7.300638],[80.797511,7.296223],[80.801927,7.289158],[80.800455,7.273851],[80.810169,7.277678],[80.813996,7.280033]]]}},{"type":"Feature","properties":{"name":"Bhadra Reservoir","minZoom":6.0,"rank":8},"geometry":{"type":"Polygon","coordinates":[[[75.633776,13.708357],[75.646728,13.66744],[75.644667,13.64654],[75.615819,13.677154],[75.6064,13.66744],[75.595508,13.67215],[75.585206,13.670973],[75.573137,13.668029],[75.557241,13.66744],[75.557241,13.660081],[75.572548,13.649778],[75.577258,13.632411],[75.577846,13.591789],[75.584322,13.56559],[75.57873,13.552638],[75.557241,13.54469],[75.557241,13.537037],[75.571665,13.530267],[75.557241,13.524085],[75.546055,13.515548],[75.537519,13.505834],[75.530748,13.49612],[75.532809,13.517609],[75.54164,13.539097],[75.554886,13.557937],[75.571665,13.571183],[75.565483,13.580603],[75.561656,13.588256],[75.559007,13.596204],[75.557241,13.605918],[75.551648,13.605918],[75.545172,13.596498],[75.535164,13.587962],[75.510143,13.571183],[75.529276,13.608862],[75.52545,13.61887],[75.496308,13.619164],[75.496308,13.626524],[75.51132,13.630645],[75.526627,13.641831],[75.539285,13.654488],[75.544289,13.663908],[75.548704,13.69982],[75.554886,13.715716],[75.564306,13.714538],[75.570782,13.723664],[75.576669,13.726902],[75.583439,13.726019],[75.591387,13.722192],[75.606989,13.723075],[75.618469,13.721014],[75.626711,13.716305],[75.633776,13.708357]]]}},{"type":"Feature","properties":{"name":"Tungabhadra Reservoir","minZoom":6.0,"rank":8},"geometry":{"type":"Polygon","coordinates":[[[76.332596,15.256418],[76.334657,15.236107],[76.321999,15.22551],[76.302865,15.218445],[76.28432,15.209319],[76.299922,15.193718],[76.291385,15.190186],[76.259888,15.194896],[76.248114,15.19048],[76.22898,15.168697],[76.215439,15.160749],[76.204842,15.168109],[76.199544,15.177823],[76.195717,15.187537],[76.188358,15.194896],[76.175994,15.1999],[76.170696,15.198428],[76.167163,15.193718],[76.160687,15.188714],[76.119182,15.174585],[76.115061,15.166342],[76.108879,15.144854],[76.102698,15.140438],[76.070023,15.140144],[76.065019,15.136906],[76.063253,15.130136],[76.058543,15.122188],[76.05295,15.115712],[76.047946,15.113062],[76.039704,15.115417],[76.026163,15.125131],[76.020864,15.127486],[76.009679,15.126309],[75.99496,15.121599],[75.983186,15.119833],[75.922547,15.121599],[75.914305,15.119833],[75.90724,15.113357],[75.898115,15.095695],[75.893699,15.092751],[75.883691,15.097167],[75.879864,15.106292],[75.880158,15.13043],[75.884574,15.143088],[75.893699,15.144559],[75.903119,15.143676],[75.907534,15.150447],[75.910478,15.156628],[75.918131,15.159572],[75.938148,15.160749],[75.941092,15.163104],[75.943152,15.16752],[75.946096,15.17223],[75.951983,15.174585],[75.954633,15.173407],[75.956693,15.171347],[75.960225,15.169286],[75.965818,15.168403],[75.973766,15.171641],[75.977004,15.179883],[75.977299,15.190775],[75.975827,15.201666],[75.983186,15.201666],[75.986424,15.18577],[75.992017,15.17223],[76.001436,15.163104],[76.017332,15.160749],[76.027929,15.165754],[76.058543,15.18371],[76.065019,15.185476],[76.069435,15.195484],[76.088863,15.213146],[76.092984,15.226393],[76.09004,15.274963],[76.092984,15.284382],[76.113,15.267309],[76.119182,15.263777],[76.126836,15.263188],[76.174228,15.263777],[76.181882,15.261716],[76.18718,15.25789],[76.193067,15.257301],[76.201604,15.263777],[76.209846,15.256418],[76.218677,15.255535],[76.226036,15.261716],[76.22898,15.274374],[76.224564,15.302044],[76.227802,15.311169],[76.242815,15.304988],[76.264304,15.29027],[76.288736,15.287032],[76.312874,15.280556],[76.332596,15.256418]]]}},{"type":"Feature","properties":{"name":"Habbaniyah","minZoom":5.0,"rank":6},"geometry":{"type":"Polygon","coordinates":[[[43.416211,33.252074],[43.393839,33.259139],[43.350567,33.286809],[43.304352,33.304765],[43.287279,33.321544],[43.295227,33.34892],[43.306118,33.355985],[43.322309,33.356868],[43.338793,33.360106],[43.356749,33.375707],[43.362048,33.390425],[43.370879,33.444588],[43.416799,33.42516],[43.42563,33.416624],[43.428868,33.398962],[43.429457,33.3813],[43.433873,33.367465],[43.449768,33.361872],[43.481854,33.329492],[43.486858,33.330964],[43.49039,33.335085],[43.497455,33.333319],[43.51129,33.327137],[43.517178,33.331258],[43.522476,33.340384],[43.529246,33.35569],[43.570163,33.33744],[43.576345,33.330964],[43.579583,33.323016],[43.593712,33.300939],[43.59695,33.292991],[43.591946,33.271797],[43.580466,33.247364],[43.564865,33.225582],[43.548969,33.211158],[43.538666,33.208803],[43.524537,33.208803],[43.512762,33.207331],[43.500988,33.194673],[43.486564,33.18908],[43.466547,33.183782],[43.457422,33.185842],[43.44653,33.189669],[43.436522,33.194968],[43.428868,33.201149],[43.426808,33.209686],[43.432989,33.215573],[43.437994,33.222049],[43.432401,33.231469],[43.437111,33.236767],[43.439171,33.2403],[43.441526,33.243243],[43.44653,33.245893],[43.44653,33.252074],[43.416211,33.252074]]]}},{"type":"Feature","properties":{"name":"Tharthar","minZoom":3.0,"rank":3},"geometry":{"type":"Polygon","coordinates":[[[43.2914,33.719819],[43.284924,33.723351],[43.280803,33.732477],[43.274622,33.732477],[43.271384,33.727767],[43.264908,33.722468],[43.261081,33.718347],[43.249012,33.727178],[43.235177,33.747783],[43.222813,33.75161],[43.222519,33.755437],[43.209861,33.771038],[43.206918,33.773393],[43.203385,33.778692],[43.200736,33.781635],[43.202797,33.783696],[43.213099,33.786345],[43.207801,33.794882],[43.172183,33.820491],[43.136859,33.861408],[43.12479,33.887312],[43.096237,33.914982],[43.089761,33.927346],[43.0877,33.935882],[43.078281,33.946774],[43.07622,33.954427],[43.080341,33.962669],[43.087112,33.968262],[43.088583,33.972972],[43.07622,33.978859],[43.08299,33.993283],[43.072393,33.992694],[43.069155,33.993283],[43.069155,33.999465],[43.08299,34.011828],[43.079164,34.054511],[43.089761,34.067463],[43.089761,34.075116],[43.067684,34.085419],[43.064151,34.104553],[43.07622,34.149591],[43.075337,34.176672],[43.059441,34.218177],[43.051199,34.253501],[43.051494,34.264393],[43.058853,34.276756],[43.074454,34.28853],[43.080341,34.295006],[43.08299,34.304132],[43.07622,34.329447],[43.076514,34.342988],[43.086523,34.348875],[43.096237,34.34446],[43.103007,34.333862],[43.110072,34.307958],[43.117725,34.307958],[43.112721,34.32091],[43.111249,34.336512],[43.114782,34.345931],[43.123907,34.341222],[43.129206,34.333274],[43.133915,34.324148],[43.140686,34.316495],[43.151872,34.31414],[43.1504,34.310313],[43.150105,34.309136],[43.145101,34.307958],[43.156287,34.297067],[43.156876,34.282937],[43.145101,34.252618],[43.161291,34.247614],[43.168945,34.239077],[43.191022,34.182854],[43.192788,34.180793],[43.196321,34.17991],[43.216632,34.160188],[43.218398,34.155772],[43.218398,34.147236],[43.219575,34.143409],[43.223108,34.141643],[43.235177,34.139877],[43.240475,34.136639],[43.257548,34.112206],[43.266379,34.108085],[43.286396,34.107496],[43.295227,34.101904],[43.296993,34.09425],[43.293461,34.087185],[43.290812,34.078943],[43.295227,34.067463],[43.303469,34.074528],[43.314655,34.087774],[43.322603,34.094839],[43.325547,34.080415],[43.330551,34.06864],[43.332906,34.058043],[43.329373,34.047152],[43.346446,34.048035],[43.357338,34.041559],[43.362931,34.029196],[43.363519,34.012417],[43.370879,34.012417],[43.375883,34.019482],[43.384419,34.028901],[43.394722,34.036849],[43.405025,34.039793],[43.412384,34.035966],[43.433578,34.018893],[43.439171,34.012417],[43.440937,34.003586],[43.443292,33.976504],[43.44653,33.965319],[43.456244,33.957371],[43.468019,33.955605],[43.477438,33.951778],[43.480676,33.937943],[43.495395,33.939415],[43.503342,33.924402],[43.506875,33.905857],[43.508347,33.87907],[43.507464,33.875832],[43.502165,33.874654],[43.495395,33.874949],[43.489507,33.876715],[43.486858,33.879659],[43.482148,33.883485],[43.471551,33.882014],[43.453006,33.875832],[43.468313,33.87436],[43.488036,33.867295],[43.505992,33.857876],[43.514823,33.847867],[43.50452,33.850517],[43.500399,33.851988],[43.494512,33.855521],[43.489213,33.850222],[43.484503,33.84875],[43.479205,33.84875],[43.472729,33.847867],[43.479499,33.842569],[43.478616,33.836681],[43.475083,33.828734],[43.471551,33.8096],[43.469785,33.805773],[43.469491,33.801652],[43.472729,33.79341],[43.47685,33.790761],[43.484503,33.788111],[43.491274,33.783696],[43.494512,33.776631],[43.493334,33.762502],[43.488919,33.742485],[43.480382,33.721291],[43.466547,33.704512],[43.44182,33.693032],[43.424453,33.696859],[43.407968,33.706278],[43.387363,33.711282],[43.344975,33.714226],[43.322897,33.720408],[43.308768,33.732477],[43.299937,33.722763],[43.2914,33.719819]]]}},{"type":"Feature","properties":{"name":"Karakaya Dam Lake","minZoom":5.7,"rank":7},"geometry":{"type":"Polygon","coordinates":[[[38.35462,38.542092],[38.3452,38.562403],[38.336075,38.598021],[38.359329,38.63776],[38.37758,38.668374],[38.397891,38.68898],[38.447344,38.706642],[38.467655,38.727836],[38.471482,38.740788],[38.488261,38.714001],[38.478547,38.694573],[38.431743,38.673673],[38.400246,38.652773],[38.386705,38.628341],[38.369043,38.601848],[38.369043,38.581831],[38.376697,38.554161],[38.402306,38.539443],[38.429094,38.536793],[38.445578,38.526491],[38.471776,38.509418],[38.535653,38.486752],[38.580397,38.47115],[38.621902,38.461142],[38.670472,38.446718],[38.698437,38.442008],[38.724341,38.44142],[38.760548,38.441125],[38.80117,38.452311],[38.841203,38.465557],[38.847679,38.437593],[38.865047,38.424052],[38.879765,38.38814],[38.903314,38.382252],[38.939521,38.363119],[38.965425,38.344279],[38.996628,38.33692],[39.013701,38.34163],[39.050791,38.348989],[39.073457,38.348106],[39.026358,38.320436],[38.939521,38.310722],[38.916561,38.293649],[38.901254,38.288645],[38.921565,38.320141],[38.92392,38.343396],[38.910673,38.349578],[38.889479,38.353699],[38.870051,38.368123],[38.851212,38.388728],[38.832078,38.400503],[38.822364,38.410217],[38.805585,38.425229],[38.782331,38.419048],[38.754955,38.409334],[38.731111,38.404035],[38.701086,38.402269],[38.681364,38.412866],[38.634854,38.430528],[38.57451,38.447012],[38.535359,38.4529],[38.50504,38.458493],[38.47943,38.467324],[38.445284,38.476154],[38.418791,38.492933],[38.399363,38.498232],[38.380818,38.510301],[38.35462,38.542092]]]}},{"type":"Feature","properties":{"name":"Mbakaou","minZoom":6.0,"rank":8},"geometry":{"type":"Polygon","coordinates":[[[12.744057,6.506444],[12.76113,6.486133],[12.784385,6.472298],[12.805579,6.499968],[12.808229,6.486133],[12.811172,6.472298],[12.842669,6.477302],[12.872106,6.483189],[12.862097,6.466999],[12.828245,6.461112],[12.795571,6.451104],[12.777615,6.427849],[12.802047,6.408421],[12.83325,6.427849],[12.834427,6.418429],[12.83325,6.405477],[12.844141,6.412542],[12.855327,6.422256],[12.858271,6.419312],[12.861214,6.416663],[12.853561,6.387521],[12.877699,6.3834],[12.885352,6.364855],[12.90007,6.361028],[12.914494,6.342778],[12.927741,6.322172],[12.931862,6.337479],[12.929212,6.353963],[12.93245,6.365738],[12.938926,6.372214],[12.939809,6.401945],[12.944519,6.427849],[12.947169,6.424905],[12.950112,6.422256],[12.951584,6.430792],[12.955705,6.439035],[12.986613,6.43197],[13.016639,6.439035],[12.996622,6.407832],[12.97219,6.372214],[12.983081,6.360145],[12.966597,6.355435],[12.989851,6.334241],[13.001332,6.318051],[12.96277,6.316874],[12.938926,6.283316],[12.920676,6.28832],[12.911256,6.310986],[12.899776,6.300095],[12.888885,6.288909],[12.871811,6.321289],[12.83325,6.294502],[12.802341,6.323055],[12.772316,6.344544],[12.750828,6.379279],[12.755538,6.399884],[12.690189,6.442861],[12.622191,6.455519],[12.627784,6.455519],[12.633376,6.455519],[12.623662,6.478479],[12.611005,6.499968],[12.629255,6.488488],[12.650155,6.483189],[12.650155,6.488782],[12.650155,6.494375],[12.670172,6.493786],[12.688717,6.499968],[12.686656,6.529404],[12.722274,6.533231],[12.722274,6.527933],[12.722274,6.52234],[12.744057,6.506444]]]}},{"type":"Feature","properties":{"name":"Atatürk Dam","minZoom":5.7,"rank":7},"geometry":{"type":"Polygon","coordinates":[[[38.603357,37.54096],[38.604535,37.520354],[38.601297,37.492095],[38.57657,37.4762],[38.561557,37.481792],[38.545073,37.483264],[38.519758,37.47355],[38.533004,37.45265],[38.558025,37.423803],[38.540069,37.417621],[38.490027,37.444703],[38.43086,37.463542],[38.37287,37.472962],[38.336075,37.483264],[38.316941,37.497688],[38.316058,37.517705],[38.303695,37.534189],[38.286033,37.550968],[38.280734,37.562154],[38.273669,37.573634],[38.255124,37.584231],[38.247765,37.596006],[38.257479,37.61249],[38.277496,37.614845],[38.308699,37.600421],[38.314586,37.582171],[38.323123,37.566864],[38.340784,37.572162],[38.349027,37.60572],[38.342256,37.654584],[38.339901,37.679605],[38.364922,37.657528],[38.389943,37.650757],[38.401423,37.660177],[38.425856,37.660177],[38.439396,37.653995],[38.44911,37.635745],[38.458824,37.622204],[38.440574,37.626325],[38.421146,37.627208],[38.415847,37.608663],[38.405544,37.602187],[38.384645,37.598361],[38.373459,37.5754],[38.367572,37.554795],[38.372576,37.542137],[38.374931,37.528596],[38.374636,37.50858],[38.387294,37.495333],[38.39583,37.507991],[38.406428,37.517411],[38.418497,37.524181],[38.449993,37.53154],[38.485906,37.544786],[38.492676,37.567747],[38.505628,37.580404],[38.530355,37.582759],[38.541835,37.591002],[38.558025,37.601599],[38.577453,37.606308],[38.593643,37.608958],[38.621019,37.619849],[38.623668,37.638689],[38.62985,37.651935],[38.661053,37.650757],[38.704618,37.648108],[38.738176,37.659294],[38.713744,37.693735],[38.679892,37.72847],[38.666645,37.747603],[38.658109,37.785871],[38.667234,37.796762],[38.68519,37.770564],[38.692255,37.74672],[38.726401,37.699033],[38.774383,37.659],[38.808235,37.659588],[38.813239,37.670774],[38.789101,37.697267],[38.814122,37.715223],[38.848857,37.712868],[38.876527,37.723465],[38.878882,37.748192],[38.872995,37.757906],[38.892717,37.76762],[38.902431,37.769681],[38.918032,37.76762],[38.932456,37.779395],[38.929807,37.794996],[38.884769,37.773507],[38.882709,37.810597],[38.899782,37.824432],[38.926569,37.843272],[38.951296,37.840622],[38.96101,37.859462],[38.973373,37.866232],[38.982793,37.899495],[39.00016,37.88095],[38.994273,37.852986],[38.992212,37.826198],[38.970724,37.808537],[38.97926,37.795879],[38.979555,37.777628],[38.972784,37.749958],[38.947174,37.747898],[38.928335,37.727881],[38.935694,37.710513],[38.912734,37.697856],[38.927158,37.695206],[38.945997,37.699033],[38.951296,37.688142],[38.931573,37.682254],[38.912145,37.691968],[38.88889,37.685492],[38.847091,37.68667],[38.841203,37.676073],[38.882709,37.654584],[38.880943,37.638689],[38.835905,37.641043],[38.802642,37.632507],[38.778209,37.626325],[38.749951,37.620438],[38.711683,37.615139],[38.677537,37.613668],[38.657815,37.610135],[38.648689,37.598066],[38.62985,37.57069],[38.61366,37.549202],[38.603357,37.54096]]]}},{"type":"Feature","properties":{"name":"Kariba","minZoom":4.7,"rank":5},"geometry":{"type":"Polygon","coordinates":[[[28.991485,-16.604084],[29.000611,-16.614681],[28.988542,-16.615269],[28.956456,-16.623806],[28.946153,-16.62881],[28.935851,-16.637052],[28.929669,-16.645295],[28.933496,-16.650299],[28.952335,-16.649416],[28.940266,-16.661485],[28.930552,-16.675025],[28.924665,-16.691215],[28.924959,-16.712115],[28.89199,-16.667961],[28.88051,-16.662368],[28.864909,-16.668844],[28.849307,-16.683267],[28.844009,-16.697397],[28.860199,-16.704167],[28.86903,-16.720652],[28.864026,-16.753621],[28.842537,-16.77717],[28.802209,-16.765984],[28.806036,-16.78394],[28.799854,-16.794243],[28.789257,-16.802485],[28.781015,-16.813965],[28.763059,-16.810138],[28.738038,-16.811316],[28.715961,-16.807784],[28.706541,-16.789827],[28.703303,-16.778641],[28.695944,-16.774226],[28.688585,-16.770694],[28.685347,-16.762451],[28.688879,-16.752737],[28.705952,-16.734192],[28.712723,-16.724478],[28.690351,-16.723595],[28.690645,-16.707994],[28.693294,-16.688566],[28.678576,-16.676791],[28.654438,-16.682679],[28.63766,-16.715942],[28.617349,-16.712115],[28.607635,-16.719769],[28.592033,-16.717414],[28.58173,-16.71918],[28.58909,-16.738314],[28.575549,-16.734487],[28.563774,-16.73537],[28.554355,-16.734487],[28.548762,-16.724478],[28.534632,-16.731249],[28.541403,-16.745673],[28.537281,-16.749205],[28.525801,-16.756564],[28.521091,-16.758625],[28.501075,-16.756564],[28.483707,-16.773343],[28.458981,-16.813965],[28.453093,-16.81632],[28.446912,-16.81426],[28.441908,-16.813965],[28.438964,-16.820736],[28.44073,-16.827506],[28.446029,-16.833982],[28.451916,-16.83928],[28.455743,-16.841341],[28.46369,-16.848406],[28.47311,-16.89521],[28.45692,-16.884613],[28.449855,-16.848994],[28.435432,-16.841341],[28.421596,-16.840164],[28.402168,-16.836631],[28.384507,-16.829272],[28.376853,-16.817203],[28.375676,-16.809844],[28.370671,-16.799541],[28.369494,-16.789827],[28.373615,-16.785117],[28.382152,-16.777758],[28.389511,-16.768927],[28.390688,-16.758625],[28.379502,-16.748616],[28.365078,-16.753032],[28.35301,-16.767456],[28.348888,-16.786589],[28.333876,-16.781879],[28.323573,-16.78865],[28.316803,-16.801896],[28.315037,-16.817203],[28.307383,-16.819558],[28.260874,-16.827506],[28.259696,-16.807489],[28.226727,-16.81161],[28.165205,-16.834276],[28.131942,-16.839869],[28.116635,-16.846051],[28.103978,-16.872249],[28.093969,-16.886967],[28.091909,-16.900214],[28.109865,-16.909339],[28.088376,-16.920525],[28.07513,-16.931711],[28.067476,-16.947312],[28.061589,-16.970861],[28.055996,-16.980281],[28.050109,-16.986757],[28.052464,-16.990289],[28.072481,-16.991467],[28.085727,-16.989112],[28.109276,-16.979398],[28.1237,-16.977632],[28.113103,-16.989701],[28.097796,-16.995293],[28.090142,-17.001769],[28.101328,-17.017665],[28.099562,-17.019431],[28.096618,-17.025024],[28.096324,-17.025613],[28.103389,-17.025613],[28.103389,-17.032972],[28.083078,-17.03621],[28.06571,-17.044452],[28.053053,-17.058876],[28.048048,-17.080953],[28.039806,-17.074772],[28.021556,-17.051517],[28.016257,-17.053872],[28.010075,-17.053578],[28.007132,-17.050045],[28.007426,-17.042097],[28.006837,-17.036799],[28.004188,-17.033855],[27.996829,-17.032972],[27.96386,-17.022375],[27.958267,-17.022375],[27.956501,-17.031206],[27.956207,-17.039742],[27.95915,-17.039154],[27.961211,-17.039154],[27.962977,-17.042686],[27.962977,-17.047985],[27.95915,-17.053578],[27.952969,-17.055049],[27.946198,-17.0524],[27.940017,-17.048573],[27.935012,-17.046513],[27.926182,-17.049456],[27.926182,-17.056227],[27.932069,-17.067118],[27.916173,-17.095672],[27.907637,-17.104797],[27.892035,-17.114805],[27.870547,-17.123931],[27.828453,-17.135411],[27.837284,-17.149835],[27.849353,-17.163375],[27.835223,-17.167791],[27.825803,-17.160137],[27.817856,-17.149246],[27.807847,-17.14277],[27.795484,-17.145419],[27.76016,-17.169557],[27.710118,-17.190163],[27.693928,-17.20076],[27.712179,-17.203703],[27.705703,-17.213417],[27.689513,-17.227841],[27.684214,-17.239027],[27.663314,-17.23049],[27.662431,-17.243737],[27.6745,-17.273173],[27.664197,-17.276411],[27.652129,-17.28377],[27.644475,-17.293779],[27.64683,-17.304081],[27.653012,-17.315856],[27.647713,-17.324098],[27.629757,-17.334695],[27.611801,-17.363249],[27.575594,-17.478051],[27.568824,-17.478051],[27.573828,-17.452735],[27.571767,-17.443021],[27.562053,-17.437134],[27.562936,-17.453324],[27.5544,-17.495418],[27.547041,-17.502777],[27.529084,-17.508076],[27.496704,-17.512197],[27.469034,-17.512197],[27.459614,-17.514846],[27.457554,-17.521028],[27.458731,-17.527798],[27.458731,-17.532802],[27.424879,-17.574308],[27.440775,-17.57313],[27.451078,-17.565182],[27.460203,-17.554585],[27.472566,-17.546343],[27.465502,-17.56165],[27.450784,-17.579018],[27.433416,-17.588732],[27.418109,-17.581078],[27.410456,-17.587848],[27.388967,-17.57313],[27.3507,-17.6008],[27.219413,-17.735914],[27.214115,-17.743567],[27.212054,-17.75593],[27.216175,-17.759168],[27.224712,-17.760935],[27.232071,-17.765939],[27.232365,-17.780363],[27.215292,-17.774181],[27.200868,-17.777419],[27.159069,-17.808033],[27.158186,-17.816569],[27.16525,-17.8254],[27.171138,-17.841002],[27.156714,-17.863668],[27.097547,-17.911355],[27.095192,-17.930488],[27.0843,-17.924601],[27.075469,-17.928133],[27.067816,-17.938436],[27.06134,-17.952271],[27.070465,-17.953154],[27.078413,-17.956687],[27.0843,-17.962868],[27.088421,-17.971405],[27.073409,-17.967284],[27.067816,-17.964635],[27.064578,-17.968167],[27.057513,-17.974643],[27.054275,-17.978175],[27.039851,-17.974054],[27.025722,-17.983768],[27.020718,-17.971405],[27.023367,-17.94815],[27.054569,-17.919008],[27.06134,-17.895753],[27.071937,-17.901052],[27.080179,-17.901935],[27.084006,-17.897814],[27.080768,-17.89016],[27.080768,-17.882801],[27.090482,-17.879858],[27.099901,-17.875737],[27.104906,-17.869555],[27.101962,-17.862196],[27.114325,-17.855131],[27.125217,-17.8463],[27.133459,-17.835114],[27.136108,-17.82069],[27.125511,-17.825989],[27.112853,-17.834526],[27.100196,-17.841002],[27.088421,-17.841002],[27.080768,-17.832759],[27.083123,-17.822162],[27.089599,-17.813037],[27.095192,-17.80715],[27.088421,-17.80715],[27.088421,-17.800674],[27.109027,-17.793903],[27.102256,-17.790077],[27.094014,-17.783012],[27.088421,-17.780363],[27.104317,-17.768294],[27.139641,-17.72826],[27.147883,-17.714719],[27.154948,-17.698235],[27.163484,-17.687344],[27.177614,-17.690876],[27.182912,-17.680573],[27.182029,-17.677335],[27.177614,-17.670565],[27.187916,-17.664972],[27.204106,-17.646427],[27.22795,-17.637302],[27.22795,-17.626116],[27.229716,-17.616402],[27.2462,-17.615224],[27.245023,-17.609043],[27.2462,-17.601389],[27.2462,-17.594619],[27.257681,-17.604333],[27.265334,-17.607865],[27.274165,-17.608454],[27.286234,-17.604333],[27.290355,-17.59874],[27.290944,-17.591381],[27.298009,-17.569598],[27.296242,-17.562828],[27.297125,-17.558118],[27.308017,-17.553113],[27.313315,-17.554585],[27.342163,-17.566949],[27.344224,-17.564594],[27.344224,-17.563122],[27.345107,-17.562533],[27.348934,-17.560473],[27.348934,-17.553113],[27.333627,-17.545166],[27.334804,-17.536923],[27.346579,-17.53398],[27.362769,-17.540161],[27.371011,-17.525738],[27.3716,-17.513669],[27.369833,-17.501011],[27.370422,-17.484821],[27.375721,-17.469514],[27.381314,-17.460978],[27.379547,-17.455973],[27.362769,-17.450675],[27.349522,-17.451558],[27.338336,-17.457151],[27.328917,-17.463038],[27.321852,-17.46451],[27.312432,-17.453913],[27.314493,-17.440078],[27.322735,-17.428303],[27.344812,-17.41594],[27.386612,-17.365309],[27.434299,-17.328808],[27.449312,-17.311441],[27.431061,-17.307319],[27.435771,-17.297311],[27.43842,-17.293779],[27.41752,-17.276706],[27.432239,-17.266697],[27.458731,-17.262576],[27.472566,-17.262282],[27.48228,-17.252273],[27.502003,-17.240499],[27.51731,-17.224897],[27.514072,-17.203703],[27.517604,-17.199288],[27.51937,-17.194872],[27.520253,-17.189279],[27.520253,-17.180449],[27.524375,-17.170734],[27.5335,-17.166908],[27.542625,-17.16573],[27.548218,-17.163375],[27.55175,-17.15425],[27.551162,-17.148068],[27.549395,-17.141887],[27.548218,-17.132467],[27.551162,-17.130112],[27.564702,-17.124225],[27.568824,-17.12187],[27.571473,-17.113922],[27.572062,-17.106563],[27.573239,-17.099498],[27.578832,-17.090962],[27.585014,-17.087135],[27.597671,-17.083603],[27.60297,-17.080953],[27.624458,-17.050634],[27.636527,-17.039154],[27.658899,-17.06182],[27.660076,-17.071828],[27.650068,-17.087724],[27.666552,-17.086252],[27.682448,-17.079482],[27.712179,-17.059465],[27.686569,-17.038565],[27.673323,-17.030617],[27.657427,-17.025613],[27.671851,-17.011189],[27.713651,-17.000886],[27.732784,-16.984991],[27.7372,-16.969978],[27.730135,-16.957909],[27.714239,-16.95055],[27.691573,-16.95055],[27.698344,-16.940247],[27.718949,-16.925824],[27.72572,-16.915815],[27.732784,-16.915815],[27.743087,-16.934949],[27.77164,-16.931416],[27.821977,-16.909339],[27.848469,-16.904629],[27.863482,-16.899625],[27.869958,-16.891972],[27.86201,-16.886967],[27.815206,-16.875193],[27.804315,-16.868717],[27.776939,-16.846051],[27.777233,-16.841341],[27.788125,-16.837514],[27.789891,-16.829272],[27.78783,-16.820147],[27.78783,-16.813965],[27.794012,-16.806312],[27.794306,-16.80484],[27.79519,-16.806312],[27.860244,-16.817203],[27.869958,-16.810433],[27.871724,-16.788944],[27.868192,-16.780996],[27.856123,-16.772165],[27.868486,-16.768633],[27.881438,-16.768339],[27.904104,-16.772165],[27.907637,-16.770399],[27.91323,-16.766867],[27.919706,-16.764218],[27.925004,-16.765984],[27.925593,-16.768927],[27.924415,-16.77717],[27.925004,-16.779819],[27.923532,-16.781879],[27.917645,-16.80013],[27.932952,-16.793654],[27.949142,-16.789827],[27.963271,-16.79071],[27.972985,-16.80013],[27.974163,-16.81632],[27.967981,-16.826623],[27.966215,-16.835748],[27.979756,-16.848111],[28.006543,-16.853704],[28.0401,-16.847228],[28.070714,-16.831038],[28.089554,-16.807195],[28.076602,-16.803074],[28.073658,-16.803957],[28.069243,-16.807195],[28.063944,-16.796303],[28.066888,-16.791888],[28.072775,-16.788944],[28.076013,-16.783351],[28.076013,-16.762451],[28.082195,-16.744495],[28.097207,-16.741257],[28.115458,-16.747439],[28.13047,-16.758625],[28.134297,-16.752737],[28.136358,-16.745967],[28.137535,-16.728011],[28.140184,-16.719474],[28.146955,-16.716531],[28.155786,-16.715059],[28.165205,-16.712115],[28.189343,-16.698869],[28.200823,-16.689155],[28.205239,-16.676791],[28.175802,-16.690921],[28.174625,-16.67738],[28.178746,-16.654714],[28.165205,-16.642057],[28.165205,-16.635875],[28.185811,-16.630576],[28.199057,-16.636169],[28.219368,-16.662368],[28.22555,-16.649416],[28.244389,-16.657069],[28.248216,-16.645295],[28.245861,-16.625278],[28.24645,-16.60791],[28.265289,-16.617919],[28.278241,-16.614386],[28.293254,-16.60585],[28.318275,-16.60114],[28.328872,-16.594075],[28.32269,-16.579063],[28.305028,-16.564639],[28.28089,-16.560223],[28.28089,-16.553159],[28.291487,-16.553453],[28.29502,-16.553159],[28.29502,-16.546388],[28.288249,-16.545505],[28.273826,-16.539618],[28.293548,-16.536085],[28.31121,-16.537557],[28.324162,-16.546094],[28.329166,-16.563461],[28.333582,-16.565522],[28.355364,-16.555808],[28.363312,-16.553159],[28.371849,-16.555513],[28.375381,-16.560518],[28.373321,-16.566699],[28.363312,-16.572881],[28.372438,-16.582889],[28.391866,-16.59172],[28.397459,-16.60114],[28.407467,-16.591426],[28.433665,-16.557574],[28.438964,-16.542856],[28.446912,-16.539618],[28.46369,-16.53844],[28.480175,-16.53167],[28.486945,-16.512242],[28.505196,-16.520484],[28.509906,-16.536674],[28.509023,-16.552864],[28.510789,-16.560223],[28.523741,-16.555808],[28.535515,-16.547566],[28.547879,-16.542267],[28.562597,-16.546388],[28.567307,-16.541678],[28.571133,-16.536969],[28.573783,-16.53167],[28.575549,-16.525783],[28.564069,-16.526666],[28.553177,-16.526077],[28.543463,-16.523428],[28.534632,-16.517835],[28.546701,-16.513419],[28.620881,-16.501056],[28.646491,-16.482217],[28.661503,-16.478096],[28.680342,-16.481334],[28.684464,-16.490459],[28.683286,-16.503117],[28.685347,-16.517835],[28.698299,-16.532553],[28.713017,-16.532847],[28.728029,-16.530787],[28.740098,-16.539618],[28.75776,-16.532259],[28.780721,-16.530198],[28.847247,-16.534614],[28.860493,-16.540795],[28.872857,-16.549626],[28.890813,-16.560223],[28.886986,-16.561989],[28.886103,-16.562578],[28.886103,-16.563756],[28.884042,-16.566994],[28.871385,-16.561106],[28.858138,-16.559635],[28.845775,-16.561695],[28.836355,-16.566994],[28.864026,-16.579946],[28.879038,-16.582889],[28.897583,-16.580534],[28.912596,-16.574941],[28.952335,-16.553159],[28.959694,-16.560223],[28.947919,-16.576708],[28.938794,-16.594075],[28.955279,-16.594958],[28.974707,-16.597902],[28.991485,-16.604084]]]}},{"type":"Feature","properties":{"name":"Nam Ngum Dam","minZoom":4.7,"rank":5},"geometry":{"type":"Polygon","coordinates":[[[102.935165,18.543582],[102.960775,18.538578],[102.936932,18.533574],[102.846856,18.533574],[102.779152,18.524448],[102.739708,18.528864],[102.722929,18.526803],[102.703501,18.514734],[102.693492,18.50502],[102.692021,18.50031],[102.693198,18.495012],[102.690549,18.482943],[102.684367,18.468813],[102.658463,18.432607],[102.606655,18.464692],[102.579279,18.505903],[102.551903,18.608636],[102.548077,18.614524],[102.536008,18.623649],[102.531592,18.629536],[102.530415,18.636601],[102.531592,18.65338],[102.530709,18.661328],[102.512753,18.716962],[102.506571,18.725499],[102.488909,18.743161],[102.4842,18.751109],[102.4842,18.765827],[102.490381,18.77142],[102.50039,18.768476],[102.51187,18.758468],[102.516285,18.77142],[102.52335,18.771714],[102.531003,18.763178],[102.537479,18.749931],[102.543661,18.754052],[102.546016,18.753758],[102.547488,18.751109],[102.551315,18.746988],[102.552492,18.744338],[102.562795,18.733152],[102.573981,18.723733],[102.576924,18.725499],[102.576335,18.709898],[102.573392,18.691647],[102.577219,18.679873],[102.596647,18.683111],[102.583989,18.671336],[102.582811,18.659267],[102.590759,18.652791],[102.605772,18.658384],[102.612542,18.671042],[102.616663,18.699301],[102.626672,18.703422],[102.636974,18.696063],[102.644334,18.680461],[102.647572,18.663683],[102.646689,18.651614],[102.637563,18.643371],[102.626377,18.642488],[102.618724,18.640722],[102.619901,18.628948],[102.637858,18.611286],[102.660229,18.620411],[102.695553,18.655735],[102.780919,18.71343],[102.774737,18.697534],[102.757958,18.668098],[102.753543,18.651319],[102.748538,18.646021],[102.726756,18.640722],[102.717925,18.631302],[102.72028,18.611286],[102.740296,18.597451],[102.765023,18.586853],[102.78239,18.576256],[102.781507,18.571252],[102.776503,18.566248],[102.777681,18.560066],[102.795048,18.552119],[102.808589,18.549469],[102.935165,18.543582]]]}},{"type":"Feature","properties":{"name":"Argyle","minZoom":4.7,"rank":5},"geometry":{"type":"Polygon","coordinates":[[[129.045558,-16.122504],[129.04909,-16.138694],[129.039671,-16.155178],[129.019359,-16.162832],[128.997282,-16.16342],[128.988157,-16.166364],[128.990217,-16.172546],[129.002581,-16.183437],[129.004347,-16.181377],[129.011412,-16.180494],[129.019359,-16.183437],[129.022892,-16.193446],[129.022303,-16.203748],[129.019948,-16.209636],[129.015827,-16.213462],[129.009057,-16.217583],[129.001992,-16.219644],[128.971378,-16.224354],[128.966963,-16.226709],[128.954011,-16.239661],[128.946946,-16.244665],[128.939292,-16.244076],[128.930461,-16.240249],[128.922808,-16.239661],[128.919864,-16.248492],[128.923985,-16.255262],[128.945768,-16.266448],[128.954599,-16.27263],[128.950184,-16.2794],[128.940175,-16.300005],[128.95666,-16.293529],[128.966668,-16.291469],[128.974322,-16.293235],[128.981092,-16.304126],[128.974322,-16.31178],[128.941059,-16.327087],[128.93105,-16.326498],[128.923102,-16.327676],[128.919864,-16.336801],[128.924869,-16.343571],[128.948123,-16.355346],[128.954599,-16.360644],[128.950773,-16.375068],[128.909562,-16.362705],[128.899259,-16.371242],[128.894255,-16.390081],[128.894549,-16.398617],[128.911622,-16.407154],[128.91015,-16.417751],[128.902497,-16.429526],[128.892488,-16.43659],[128.88925,-16.430997],[128.886307,-16.428348],[128.883069,-16.425993],[128.878948,-16.422755],[128.877476,-16.436296],[128.870411,-16.44601],[128.862169,-16.449837],[128.858342,-16.446893],[128.862758,-16.419223],[128.862463,-16.405388],[128.85481,-16.405093],[128.851866,-16.40892],[128.845685,-16.421578],[128.842152,-16.435707],[128.836559,-16.433352],[128.831555,-16.426582],[128.830378,-16.422755],[128.820369,-16.410098],[128.81301,-16.408626],[128.803002,-16.422755],[128.807417,-16.439534],[128.802413,-16.456018],[128.79476,-16.471325],[128.79005,-16.484277],[128.79211,-16.493108],[128.802707,-16.502528],[128.803002,-16.512242],[128.799469,-16.515774],[128.792699,-16.520484],[128.785929,-16.52696],[128.782691,-16.535791],[128.782985,-16.545799],[128.784751,-16.550804],[128.789755,-16.552864],[128.799764,-16.553159],[128.808006,-16.557574],[128.814776,-16.566994],[128.817426,-16.576119],[128.813599,-16.580534],[128.800058,-16.58024],[128.78534,-16.582006],[128.77386,-16.589954],[128.76915,-16.60791],[128.775332,-16.628516],[128.789461,-16.635581],[128.803885,-16.639113],[128.810655,-16.649416],[128.806828,-16.659718],[128.798292,-16.666489],[128.789167,-16.671493],[128.782691,-16.676791],[128.776509,-16.687683],[128.774743,-16.695336],[128.77592,-16.714764],[128.774154,-16.732426],[128.769444,-16.748616],[128.762085,-16.76304],[128.752077,-16.775992],[128.74354,-16.790416],[128.737653,-16.796303],[128.735004,-16.789827],[128.733237,-16.780113],[128.730294,-16.773049],[128.729705,-16.766573],[128.746189,-16.742729],[128.756492,-16.71447],[128.756198,-16.685917],[128.735004,-16.669727],[128.733237,-16.687389],[128.720285,-16.684151],[128.702918,-16.67532],[128.686434,-16.676791],[128.693793,-16.683562],[128.678486,-16.6868],[128.654937,-16.678558],[128.645517,-16.683562],[128.638747,-16.683562],[128.636392,-16.675025],[128.633742,-16.67061],[128.628738,-16.669432],[128.618141,-16.669727],[128.620496,-16.660896],[128.62344,-16.653242],[128.627266,-16.646766],[128.631976,-16.642057],[128.631976,-16.635875],[128.620496,-16.63823],[128.60931,-16.643234],[128.590765,-16.655597],[128.576636,-16.649416],[128.589588,-16.632342],[128.596358,-16.625866],[128.6046,-16.62204],[128.6046,-16.614681],[128.563095,-16.614386],[128.556619,-16.611148],[128.561329,-16.598785],[128.57222,-16.596724],[128.600774,-16.60114],[128.609605,-16.596136],[128.614609,-16.585539],[128.614609,-16.574058],[128.610488,-16.566994],[128.598124,-16.564344],[128.583112,-16.566405],[128.556619,-16.572881],[128.562212,-16.547271],[128.56751,-16.541973],[128.607838,-16.520484],[128.609899,-16.513125],[128.590765,-16.505472],[128.561034,-16.51077],[128.526299,-16.554042],[128.495391,-16.553159],[128.502162,-16.543739],[128.509815,-16.523428],[128.515997,-16.512242],[128.539251,-16.484866],[128.54249,-16.474269],[128.627561,-16.370653],[128.640218,-16.349753],[128.645517,-16.32326],[128.640807,-16.302066],[128.618141,-16.269097],[128.610488,-16.252024],[128.625795,-16.254968],[128.644634,-16.239955],[128.659058,-16.244665],[128.659941,-16.235834],[128.664062,-16.228181],[128.670538,-16.223765],[128.680252,-16.224354],[128.681429,-16.229358],[128.693793,-16.259089],[128.705273,-16.241721],[128.714398,-16.224354],[128.702918,-16.210519],[128.669655,-16.179905],[128.660235,-16.180494],[128.63698,-16.174312],[128.623145,-16.166364],[128.653465,-16.159594],[128.658763,-16.15194],[128.662884,-16.141932],[128.669655,-16.131629],[128.67672,-16.13104],[128.694381,-16.14517],[128.703801,-16.148997],[128.721757,-16.143109],[128.730588,-16.128685],[128.736475,-16.111612],[128.745012,-16.097483],[128.770327,-16.077466],[128.786517,-16.069224],[128.803002,-16.066575],[128.823019,-16.074228],[128.821547,-16.087769],[128.807417,-16.102781],[128.749722,-16.138105],[128.732649,-16.153412],[128.727939,-16.169602],[128.736475,-16.17078],[128.775626,-16.152235],[128.796231,-16.148997],[128.793876,-16.15459],[128.791816,-16.164304],[128.79005,-16.169602],[128.800058,-16.160477],[128.803002,-16.156061],[128.809478,-16.168425],[128.806534,-16.177844],[128.79005,-16.196978],[128.800647,-16.19374],[128.811833,-16.187558],[128.820664,-16.178139],[128.830083,-16.14988],[128.840975,-16.144876],[128.846862,-16.151352],[128.838031,-16.169602],[128.855399,-16.16813],[128.864524,-16.159005],[128.871589,-16.145759],[128.88248,-16.131629],[128.897787,-16.119855],[128.913388,-16.11279],[128.930461,-16.109257],[128.950773,-16.10808],[129.02613,-16.115145],[129.045558,-16.122504]]]}},{"type":"Feature","properties":{"name":"Nasser","minZoom":4.7,"rank":5},"geometry":{"type":"Polygon","coordinates":[[[32.241854,22.672039],[32.24833,22.678515],[32.217716,22.686168],[32.21124,22.692939],[32.221543,22.705891],[32.205353,22.707951],[32.193284,22.716193],[32.181509,22.725907],[32.166202,22.733267],[32.148835,22.734444],[32.132645,22.730029],[32.099382,22.710012],[32.094378,22.707657],[32.089373,22.706479],[32.084075,22.705891],[32.07701,22.704419],[32.077599,22.700887],[32.079659,22.696177],[32.077599,22.69235],[32.069651,22.690289],[32.062292,22.690584],[32.055816,22.689701],[32.050223,22.684697],[32.044336,22.670861],[32.047279,22.663797],[32.053167,22.65526],[32.056993,22.637598],[32.036682,22.647312],[32.020492,22.651728],[32.004302,22.64849],[31.985169,22.63436],[31.969567,22.614638],[31.968978,22.59992],[31.975749,22.584318],[31.981342,22.561947],[31.9522,22.579609],[31.943958,22.578431],[31.940131,22.561947],[31.94278,22.56489],[31.954555,22.528389],[31.974571,22.493654],[31.951317,22.497187],[31.941308,22.489533],[31.934832,22.478642],[31.923058,22.473343],[31.90363,22.466573],[31.894799,22.450677],[31.892444,22.430366],[31.892444,22.411232],[31.833571,22.420358],[31.811788,22.418297],[31.824151,22.404167],[31.816792,22.396808],[31.830039,22.390627],[31.84093,22.378558],[31.845051,22.364134],[31.837986,22.34971],[31.822385,22.341468],[31.812671,22.347944],[31.805312,22.360602],[31.796481,22.370316],[31.768811,22.376203],[31.741435,22.371199],[31.686389,22.342351],[31.69728,22.326161],[31.693159,22.318213],[31.680502,22.320862],[31.666078,22.335875],[31.665489,22.328222],[31.659307,22.308794],[31.646061,22.322334],[31.643412,22.311737],[31.637819,22.303789],[31.629282,22.298196],[31.618096,22.294958],[31.648416,22.272881],[31.652243,22.266994],[31.654892,22.254631],[31.661662,22.247271],[31.672259,22.244917],[31.686389,22.246683],[31.667844,22.240207],[31.64871,22.243445],[31.629577,22.249921],[31.611326,22.253453],[31.596314,22.248743],[31.542445,22.212536],[31.545094,22.205766],[31.5448,22.202528],[31.543328,22.19929],[31.542445,22.191931],[31.531553,22.196935],[31.517718,22.189576],[31.440006,22.126582],[31.392614,22.052991],[31.385549,22.035035],[31.382605,22.008248],[31.387315,21.95644],[31.385549,21.932007],[31.37819,21.911696],[31.344338,21.856356],[31.333152,21.846053],[31.330797,21.843109],[31.32962,21.837811],[31.329914,21.82427],[31.330797,21.82221],[31.303421,21.794834],[31.297828,21.784825],[31.297534,21.778644],[31.295179,21.773345],[31.28311,21.766869],[31.280166,21.768635],[31.271924,21.778644],[31.268686,21.781293],[31.263093,21.778938],[31.258383,21.774228],[31.25544,21.769224],[31.255145,21.766869],[31.24396,21.767458],[31.236601,21.769518],[31.230125,21.768635],[31.220999,21.760099],[31.215406,21.751562],[31.213051,21.74332],[31.214818,21.734783],[31.220999,21.725953],[31.200982,21.705641],[31.181849,21.656188],[31.158888,21.643825],[31.138283,21.640881],[31.121504,21.6347],[31.106492,21.624397],[31.090596,21.60909],[31.097366,21.626457],[31.107375,21.644414],[31.12121,21.658543],[31.138283,21.66443],[31.158594,21.665902],[31.166836,21.671201],[31.180966,21.718005],[31.178905,21.734783],[31.174784,21.750679],[31.173312,21.766869],[31.178316,21.78247],[31.186264,21.796011],[31.191563,21.808669],[31.186853,21.82221],[31.201571,21.816911],[31.211285,21.8175],[31.219233,21.821915],[31.22777,21.82898],[31.232479,21.83575],[31.23454,21.852823],[31.238072,21.859299],[31.243077,21.862538],[31.255734,21.866953],[31.261916,21.869897],[31.281344,21.885498],[31.336979,21.960855],[31.344043,21.987642],[31.344338,22.047693],[31.366121,22.109215],[31.365532,22.121578],[31.362,22.133941],[31.358173,22.143655],[31.381133,22.146305],[31.400856,22.160434],[31.41734,22.181923],[31.430292,22.205766],[31.444422,22.221073],[31.515069,22.260223],[31.659307,22.383856],[31.646061,22.390627],[31.658424,22.396514],[31.686683,22.399752],[31.693748,22.404167],[31.672848,22.459508],[31.689038,22.463629],[31.705228,22.456859],[31.72083,22.447733],[31.729955,22.447733],[31.73702,22.456859],[31.748205,22.466573],[31.755859,22.469516],[31.756448,22.475404],[31.75527,22.481585],[31.752915,22.487473],[31.7485,22.493654],[31.789416,22.475109],[31.811199,22.472754],[31.816792,22.493654],[31.804429,22.502779],[31.738197,22.531627],[31.669316,22.592266],[31.656069,22.614049],[31.660191,22.626412],[31.667844,22.636715],[31.666078,22.651433],[31.674614,22.642602],[31.681385,22.631122],[31.69051,22.620819],[31.703756,22.616698],[31.71612,22.614343],[31.731132,22.609339],[31.745262,22.602569],[31.75527,22.596093],[31.773226,22.571366],[31.78294,22.563124],[31.796775,22.565773],[31.810316,22.571955],[31.824151,22.574899],[31.83622,22.571955],[31.844757,22.561947],[31.856237,22.570189],[31.856237,22.577254],[31.848584,22.582258],[31.837986,22.583141],[31.83887,22.600508],[31.847406,22.613166],[31.861536,22.620819],[31.878903,22.623469],[31.8895,22.628767],[31.878609,22.652022],[31.892444,22.657615],[31.933066,22.662619],[31.957498,22.677043],[32.002536,22.726496],[31.994883,22.733267],[32.016371,22.736799],[32.042864,22.734444],[32.062292,22.740331],[32.063764,22.767413],[32.076716,22.759171],[32.090551,22.754166],[32.104092,22.755933],[32.115277,22.768002],[32.128229,22.77801],[32.144125,22.779776],[32.158255,22.785663],[32.166202,22.808329],[32.168852,22.79891],[32.170324,22.790373],[32.169146,22.782131],[32.166202,22.774772],[32.204764,22.767413],[32.225664,22.769473],[32.241854,22.781542],[32.250979,22.769179],[32.258044,22.742392],[32.265992,22.729734],[32.271585,22.725319],[32.284537,22.718254],[32.289835,22.712661],[32.28542,22.703536],[32.283654,22.695882],[32.286303,22.688523],[32.293368,22.683519],[32.307497,22.676749],[32.310441,22.671744],[32.309263,22.648784],[32.310441,22.64378],[32.321332,22.635243],[32.335756,22.62965],[32.351063,22.627884],[32.365487,22.630828],[32.386681,22.646724],[32.399339,22.669684],[32.409642,22.694411],[32.423477,22.716488],[32.446437,22.731795],[32.504132,22.758582],[32.516201,22.774772],[32.545932,22.765941],[32.559767,22.785663],[32.563888,22.81716],[32.564183,22.843064],[32.571836,22.885747],[32.571542,22.897816],[32.567421,22.903115],[32.559473,22.909885],[32.552703,22.91901],[32.550642,22.931962],[32.568009,22.922543],[32.583611,22.919305],[32.599212,22.923426],[32.615696,22.9352],[32.627765,22.950507],[32.636302,22.969347],[32.636891,22.985537],[32.62541,22.994073],[32.63012,23.00261],[32.635713,23.010558],[32.649254,23.024687],[32.65102,23.031163],[32.642484,23.047059],[32.642484,23.055595],[32.672214,23.064721],[32.680457,23.070902],[32.659557,23.075906],[32.659557,23.083266],[32.68134,23.08562],[32.693703,23.101516],[32.696058,23.123593],[32.686933,23.144788],[32.695764,23.154502],[32.698118,23.166276],[32.698413,23.179228],[32.700768,23.192475],[32.719607,23.193946],[32.724906,23.196007],[32.72726,23.201894],[32.72049,23.21308],[32.721079,23.21985],[32.76906,23.278135],[32.779952,23.279606],[32.789371,23.260767],[32.800852,23.283139],[32.810271,23.290204],[32.819691,23.282256],[32.831171,23.260767],[32.842651,23.276074],[32.837058,23.286671],[32.826756,23.29668],[32.824989,23.309337],[32.832937,23.318757],[32.854131,23.3217],[32.865317,23.329648],[32.873559,23.319051],[32.883862,23.293442],[32.892987,23.288732],[32.905351,23.294325],[32.909472,23.306394],[32.908589,23.319934],[32.906823,23.329648],[32.894165,23.349665],[32.870321,23.370271],[32.844417,23.3844],[32.824989,23.384989],[32.828816,23.39853],[32.839119,23.41207],[32.862079,23.435619],[32.870027,23.4471],[32.880035,23.466528],[32.885628,23.486544],[32.879447,23.50038],[32.865612,23.500085],[32.83382,23.478597],[32.821163,23.473004],[32.807328,23.479185],[32.797319,23.493903],[32.788783,23.510977],[32.779657,23.524812],[32.776419,23.522457],[32.761995,23.5254],[32.748749,23.530699],[32.749043,23.535114],[32.740801,23.531582],[32.721079,23.514215],[32.717546,23.506856],[32.716663,23.498025],[32.714897,23.490077],[32.707832,23.486839],[32.699885,23.485073],[32.691642,23.480951],[32.677219,23.47006],[32.645133,23.458285],[32.61393,23.469177],[32.557412,23.508033],[32.578312,23.518041],[32.623644,23.524812],[32.646016,23.531582],[32.652492,23.535998],[32.660734,23.545123],[32.666621,23.54895],[32.670743,23.548361],[32.68134,23.542474],[32.686933,23.542179],[32.73462,23.560724],[32.739329,23.561607],[32.736091,23.563668],[32.724906,23.573087],[32.716075,23.576031],[32.703417,23.576914],[32.691937,23.579269],[32.686933,23.586628],[32.679573,23.601052],[32.664855,23.600758],[32.654258,23.587217],[32.659557,23.56249],[32.636891,23.563962],[32.620995,23.576031],[32.612458,23.595165],[32.61187,23.617831],[32.636891,23.611649],[32.653669,23.629311],[32.664855,23.653154],[32.673686,23.664929],[32.682812,23.668461],[32.692231,23.674937],[32.701356,23.679059],[32.71107,23.675821],[32.726377,23.645501],[32.728438,23.638142],[32.729615,23.625779],[32.733148,23.617536],[32.739329,23.61106],[32.749043,23.603407],[32.756108,23.599286],[32.767294,23.595753],[32.776419,23.590455],[32.784073,23.582213],[32.790549,23.572499],[32.798497,23.564551],[32.810566,23.56249],[32.820574,23.566611],[32.822634,23.574265],[32.818513,23.582801],[32.810566,23.590455],[32.828227,23.598697],[32.836175,23.60429],[32.841179,23.610472],[32.844417,23.621363],[32.844712,23.6299],[32.844123,23.637848],[32.844712,23.644912],[32.864434,23.691422],[32.865317,23.706434],[32.852365,23.696426],[32.841474,23.699958],[32.817336,23.72027],[32.852954,23.716148],[32.871499,23.737931],[32.878269,23.772961],[32.879447,23.808873],[32.877092,23.825652],[32.870027,23.842136],[32.859136,23.856854],[32.837058,23.873633],[32.831171,23.885997],[32.824989,23.891589],[32.815275,23.893944],[32.794081,23.894827],[32.78319,23.89836],[32.804973,23.906013],[32.820574,23.900126],[32.834703,23.896594],[32.851482,23.911901],[32.85943,23.929268],[32.870027,23.969007],[32.879447,23.987846],[32.889455,23.966947],[32.888278,23.951345],[32.882685,23.936627],[32.879447,23.918671],[32.882096,23.910134],[32.895048,23.898654],[32.899169,23.891589],[32.89858,23.883347],[32.894459,23.87952],[32.891221,23.874811],[32.892987,23.864214],[32.903585,23.848024],[32.929489,23.821236],[32.94038,23.778259],[32.954804,23.769428],[32.972466,23.765013],[32.989245,23.754416],[32.970405,23.752944],[32.973055,23.740286],[32.987478,23.724391],[33.002785,23.713205],[32.996015,23.709672],[32.990128,23.704668],[32.985418,23.698781],[32.982474,23.692894],[32.984535,23.691422],[32.988656,23.689067],[32.993366,23.686123],[32.995426,23.682591],[32.993366,23.678175],[32.989245,23.676409],[32.984829,23.675232],[32.982474,23.672288],[32.975115,23.637259],[32.975115,23.624012],[32.968639,23.624012],[32.960103,23.637848],[32.933021,23.646384],[32.927134,23.658747],[32.919186,23.644912],[32.910061,23.633726],[32.902407,23.622246],[32.896225,23.590455],[32.899169,23.585156],[32.910061,23.582801],[32.91742,23.579563],[32.92419,23.57191],[32.934787,23.555131],[32.95451,23.569261],[32.952155,23.562785],[32.949505,23.548655],[32.947739,23.542179],[32.952449,23.543945],[32.963635,23.546595],[32.968639,23.54895],[32.973055,23.529816],[32.991011,23.517747],[33.012794,23.514509],[33.030161,23.521574],[33.037226,23.514215],[33.016326,23.503029],[32.99366,23.499496],[32.970405,23.501557],[32.947739,23.508033],[32.910061,23.523634],[32.895342,23.522162],[32.899169,23.50038],[32.90594,23.492726],[32.914476,23.489488],[32.923013,23.487427],[32.93096,23.483601],[32.935082,23.476242],[32.929783,23.471826],[32.922424,23.467116],[32.920363,23.459463],[32.932727,23.443567],[32.949211,23.432381],[32.958336,23.424728],[32.947739,23.418546],[32.954215,23.397941],[32.966284,23.389993],[32.974526,23.394408],[32.968639,23.411776],[32.984535,23.411482],[32.992483,23.403239],[33.002785,23.37763],[32.984535,23.370859],[32.972466,23.362911],[32.970405,23.351726],[32.982474,23.33583],[32.991894,23.326999],[32.994543,23.325822],[32.997781,23.328176],[33.00985,23.329648],[33.018387,23.326116],[33.017209,23.318168],[33.009261,23.301978],[33.006023,23.292264],[33.001608,23.283728],[32.998075,23.27578],[32.999253,23.268126],[33.004257,23.261945],[33.010439,23.256646],[33.015737,23.249876],[33.01662,23.240456],[33.008084,23.223383],[32.992483,23.221911],[32.95451,23.23398],[32.957159,23.239279],[32.959514,23.25017],[32.96128,23.254585],[32.950388,23.253702],[32.939497,23.254291],[32.929489,23.256352],[32.920363,23.260767],[32.915948,23.255174],[32.911827,23.248109],[32.908589,23.24075],[32.906823,23.23398],[32.920363,23.228681],[32.928017,23.216024],[32.933904,23.200128],[32.940969,23.185116],[32.963929,23.159211],[32.970405,23.144493],[32.957748,23.138017],[32.925956,23.146554],[32.892399,23.161566],[32.862962,23.168337],[32.844712,23.150969],[32.844712,23.137134],[32.850305,23.122416],[32.865317,23.097101],[32.867378,23.089153],[32.866789,23.082382],[32.867378,23.076201],[32.872676,23.069136],[32.880624,23.065898],[32.900641,23.065015],[32.935965,23.04176],[32.946856,23.029986],[32.944207,23.017917],[32.928017,23.007908],[32.922718,23.002021],[32.923896,22.993484],[32.928017,22.985242],[32.931844,22.980532],[32.937731,22.980827],[32.947739,22.98642],[32.957159,22.971407],[32.973349,22.965814],[32.992483,22.963459],[33.009261,22.959044],[33.064307,22.918127],[33.039581,22.914595],[33.000725,22.920482],[32.962752,22.931962],[32.940969,22.945503],[32.936848,22.932257],[32.937142,22.926664],[32.940969,22.918127],[32.928017,22.924898],[32.885628,22.965226],[32.809682,23.011735],[32.803795,23.017917],[32.799674,23.024687],[32.791137,23.026453],[32.781718,23.026453],[32.776419,23.027925],[32.774653,23.036462],[32.776419,23.069136],[32.739918,23.056184],[32.728438,23.048531],[32.740507,23.043232],[32.746983,23.035284],[32.747866,23.02557],[32.741684,23.014384],[32.755519,23.014384],[32.750221,23.00467],[32.744039,23.000255],[32.736975,23.001138],[32.728438,23.007614],[32.731087,22.989069],[32.728732,22.97023],[32.714897,22.931962],[32.7043,22.950802],[32.692526,22.955512],[32.686638,22.946386],[32.693703,22.924898],[32.6834,22.925486],[32.665738,22.930491],[32.656319,22.931962],[32.649548,22.929902],[32.633653,22.921071],[32.62541,22.918127],[32.632475,22.909885],[32.634241,22.903998],[32.632475,22.890163],[32.615991,22.910179],[32.61187,22.918127],[32.603039,22.906647],[32.598329,22.893106],[32.597446,22.878388],[32.598329,22.86367],[32.608632,22.867791],[32.615108,22.865142],[32.618346,22.857488],[32.619523,22.846302],[32.610104,22.841298],[32.602744,22.836294],[32.598329,22.830112],[32.598329,22.795083],[32.596268,22.781837],[32.587143,22.771534],[32.585083,22.760642],[32.565949,22.74092],[32.488531,22.715605],[32.481761,22.698532],[32.46351,22.696177],[32.449675,22.688523],[32.423477,22.661147],[32.417295,22.647312],[32.407581,22.610517],[32.399339,22.602863],[32.34341,22.605513],[32.331341,22.602863],[32.326042,22.590794],[32.321627,22.549878],[32.3178,22.534571],[32.336934,22.528684],[32.344293,22.528389],[32.326631,22.519853],[32.314562,22.525446],[32.302787,22.535748],[32.286303,22.541341],[32.278355,22.537809],[32.26452,22.522502],[32.255689,22.52103],[32.250391,22.526623],[32.24627,22.536926],[32.241854,22.555176],[32.269524,22.55812],[32.293368,22.570778],[32.310441,22.591089],[32.3178,22.616698],[32.307792,22.612577],[32.297489,22.610222],[32.286892,22.609634],[32.276,22.610222],[32.277766,22.614932],[32.280416,22.625824],[32.283065,22.630828],[32.265992,22.63436],[32.242443,22.6532],[32.227725,22.651433],[32.241854,22.672039]]]}},{"type":"Feature","properties":{"name":"Toktogul","minZoom":4.7,"rank":5},"geometry":{"type":"Polygon","coordinates":[[[73.304472,41.773621],[73.310948,41.772444],[73.31036,41.770089],[73.300351,41.759786],[73.290343,41.755665],[73.249132,41.75596],[73.174363,41.735354],[73.156407,41.739475],[73.114902,41.75596],[73.105482,41.757726],[73.093119,41.761552],[73.043666,41.783924],[73.033657,41.783041],[72.966542,41.762141],[72.91915,41.736237],[72.900016,41.730056],[72.879116,41.729467],[72.863515,41.734471],[72.834667,41.750367],[72.817005,41.75596],[72.776972,41.755076],[72.750185,41.739181],[72.707796,41.694732],[72.675711,41.674126],[72.645391,41.665001],[72.616838,41.672655],[72.590639,41.701502],[72.603297,41.706506],[72.613011,41.701208],[72.621842,41.692377],[72.631556,41.687961],[72.642447,41.689433],[72.673061,41.701502],[72.670706,41.718575],[72.71074,41.742124],[72.721337,41.759786],[72.724869,41.771267],[72.732228,41.776565],[72.739588,41.779509],[72.741942,41.784219],[72.736644,41.791283],[72.725458,41.800409],[72.713095,41.808062],[72.703969,41.8113],[72.702203,41.814538],[72.660992,41.859281],[72.652456,41.866052],[72.646568,41.868112],[72.632145,41.870173],[72.625374,41.872822],[72.622725,41.876649],[72.617721,41.891661],[72.615072,41.89696],[72.607712,41.903436],[72.600648,41.908146],[72.59476,41.913444],[72.590639,41.921098],[72.598882,41.926691],[72.608007,41.928457],[72.616838,41.926691],[72.625374,41.921098],[72.699848,41.902259],[72.849974,41.885185],[72.885003,41.887835],[72.919444,41.900787],[72.927098,41.893133],[72.935045,41.878415],[72.942993,41.869584],[72.944759,41.865757],[72.947703,41.862225],[72.95359,41.858987],[72.959183,41.861048],[72.965659,41.86664],[72.971546,41.871056],[72.977728,41.86929],[72.997451,41.860753],[73.052497,41.858693],[73.07163,41.852217],[73.073985,41.844563],[73.073396,41.821014],[73.077223,41.8113],[73.086643,41.806885],[73.149342,41.803647],[73.200562,41.790989],[73.27533,41.786868],[73.292992,41.780686],[73.304472,41.773621]]]}},{"type":"Feature","properties":{"name":"Chardara Reservoir","minZoom":5.0,"rank":6},"geometry":{"type":"Polygon","coordinates":[[[68.451291,41.11925],[68.455706,41.106887],[68.425681,41.094229],[68.417145,41.081571],[68.369163,41.050369],[68.358566,41.050074],[68.32442,41.057434],[68.299693,41.039772],[68.273495,41.016223],[68.231107,41.038889],[68.218155,41.04301],[68.211384,41.042421],[68.191662,41.036828],[68.169584,41.048014],[68.116893,41.066853],[68.095405,41.065381],[68.081864,41.04301],[68.070973,41.053607],[68.058609,41.055079],[68.045952,41.050369],[68.033883,41.04301],[68.020636,41.059494],[68.012688,41.098056],[68.00268,41.116012],[67.958525,41.159578],[67.951461,41.170764],[67.949106,41.172236],[67.930855,41.215213],[67.930266,41.215507],[67.927028,41.21639],[67.920552,41.21639],[67.913782,41.217273],[67.909955,41.221689],[67.912016,41.242],[67.928206,41.250242],[68.012394,41.24671],[68.029173,41.242],[68.043891,41.23258],[68.081275,41.182244],[68.091578,41.17459],[68.110123,41.179006],[68.138088,41.200494],[68.157516,41.208148],[68.180476,41.210208],[68.239938,41.207559],[68.249946,41.199317],[68.263487,41.184893],[68.275261,41.168703],[68.28056,41.156634],[68.335017,41.133085],[68.349735,41.133085],[68.383882,41.138089],[68.393007,41.136617],[68.408314,41.127198],[68.438339,41.125432],[68.451291,41.11925]]]}},{"type":"Feature","properties":{"name":"Tarbela Dam","minZoom":5.7,"rank":7},"geometry":{"type":"Polygon","coordinates":[[[73.019233,34.07806],[73.020411,34.062753],[72.999805,34.050979],[72.957711,34.036555],[72.930336,34.015066],[72.914145,34.011828],[72.891479,34.019776],[72.879705,34.031256],[72.874112,34.045386],[72.870874,34.060693],[72.864987,34.075116],[72.851446,34.088952],[72.834373,34.096899],[72.814356,34.100726],[72.792573,34.101904],[72.774911,34.096311],[72.746947,34.073056],[72.731345,34.067463],[72.716038,34.076588],[72.696905,34.095722],[72.689251,34.114561],[72.756955,34.138699],[72.779621,34.151357],[72.789041,34.166958],[72.793456,34.17991],[72.81259,34.190213],[72.817005,34.201104],[72.816417,34.224948],[72.814356,34.237017],[72.809646,34.246436],[72.826131,34.268514],[72.834373,34.292651],[72.837022,34.345048],[72.834078,34.352407],[72.821126,34.377428],[72.817005,34.389792],[72.816122,34.404804],[72.816711,34.418639],[72.815534,34.43218],[72.809646,34.445132],[72.829957,34.472508],[72.830546,34.486637],[72.826719,34.491053],[72.819655,34.490759],[72.775794,34.499589],[72.768435,34.505771],[72.767552,34.520195],[72.774911,34.530792],[72.784331,34.540212],[72.790218,34.553752],[72.792573,34.555813],[72.794928,34.558757],[72.795811,34.564938],[72.793751,34.570826],[72.784037,34.579362],[72.775206,34.602028],[72.774323,34.613508],[72.781682,34.622634],[72.796105,34.617629],[72.810824,34.597318],[72.820538,34.573475],[72.819949,34.557579],[72.810235,34.544627],[72.801404,34.527554],[72.799932,34.512247],[72.813179,34.505771],[72.839966,34.503416],[72.850563,34.495468],[72.849974,34.481045],[72.843792,34.458673],[72.837022,34.415401],[72.838494,34.392441],[72.847325,34.382433],[72.859099,34.373013],[72.879116,34.307958],[72.862926,34.277933],[72.858805,34.264098],[72.857333,34.24261],[72.858805,34.223476],[72.862926,34.209052],[72.879116,34.177555],[72.868813,34.15695],[72.877056,34.138699],[72.893834,34.128985],[72.909141,34.132812],[72.924448,34.143115],[72.945054,34.148707],[72.965365,34.14753],[72.980966,34.136639],[72.968308,34.120448],[72.95359,34.110146],[72.943876,34.10102],[72.94682,34.088068],[72.963893,34.077766],[73.003632,34.083064],[73.019233,34.07806]]]}},{"type":"Feature","properties":{"name":"Cahora Bassa","minZoom":5.7,"rank":7},"geometry":{"type":"Polygon","coordinates":[[[32.707538,-15.57322],[32.71107,-15.595298],[32.702828,-15.607955],[32.687227,-15.609133],[32.669859,-15.597358],[32.642778,-15.56645],[32.628354,-15.562623],[32.590087,-15.573515],[32.570953,-15.573515],[32.552114,-15.57116],[32.536807,-15.567039],[32.543577,-15.583817],[32.539162,-15.595592],[32.526799,-15.602951],[32.509431,-15.607955],[32.490592,-15.608544],[32.477051,-15.602362],[32.447615,-15.579991],[32.430541,-15.595592],[32.409642,-15.606778],[32.395806,-15.620024],[32.399633,-15.642102],[32.372257,-15.644162],[32.351946,-15.648872],[32.339583,-15.655642],[32.331635,-15.662413],[32.321627,-15.663885],[32.303376,-15.655642],[32.29484,-15.667417],[32.281004,-15.675953],[32.265403,-15.678603],[32.251862,-15.672715],[32.240971,-15.669477],[32.226841,-15.672421],[32.164142,-15.695676],[32.152956,-15.697148],[32.146186,-15.703624],[32.145597,-15.717459],[32.142359,-15.731294],[32.128524,-15.737476],[32.1141,-15.736298],[32.077599,-15.723935],[32.022847,-15.717164],[32.009895,-15.711866],[31.987818,-15.699797],[31.960736,-15.695087],[31.934832,-15.685373],[31.909223,-15.681252],[31.872133,-15.669477],[31.854765,-15.6683],[31.845934,-15.670949],[31.838281,-15.677425],[31.823563,-15.686551],[31.797659,-15.696853],[31.770283,-15.703918],[31.65813,-15.713926],[31.628694,-15.710688],[31.607794,-15.700386],[31.59337,-15.681841],[31.585128,-15.676542],[31.570409,-15.676248],[31.562756,-15.683607],[31.555986,-15.695381],[31.546272,-15.700974],[31.528904,-15.689789],[31.53332,-15.685079],[31.538913,-15.674187],[31.542445,-15.669477],[31.532731,-15.665356],[31.521545,-15.66359],[31.512125,-15.666534],[31.508299,-15.676248],[31.505649,-15.686551],[31.49829,-15.687139],[31.489459,-15.684196],[31.481511,-15.683018],[31.458257,-15.685079],[31.434708,-15.682724],[31.412336,-15.675659],[31.392908,-15.663001],[31.385549,-15.685373],[31.379662,-15.69597],[31.370831,-15.694204],[31.354641,-15.679486],[31.336979,-15.670655],[31.328737,-15.682724],[31.323438,-15.717164],[31.308425,-15.705684],[31.294002,-15.699797],[31.278695,-15.700386],[31.261916,-15.707156],[31.256323,-15.713926],[31.2575,-15.721874],[31.263388,-15.728645],[31.272219,-15.731294],[31.277223,-15.735121],[31.271924,-15.743952],[31.258383,-15.758081],[31.247492,-15.775743],[31.236601,-15.784279],[31.207164,-15.798998],[31.193329,-15.811361],[31.158888,-15.861108],[31.150352,-15.848156],[31.144759,-15.823724],[31.143876,-15.798409],[31.148586,-15.781925],[31.160066,-15.77692],[31.18803,-15.777509],[31.200394,-15.771622],[31.208636,-15.761319],[31.213051,-15.750133],[31.214229,-15.738064],[31.21364,-15.723935],[31.191268,-15.734826],[31.182438,-15.736887],[31.169486,-15.737476],[31.08883,-15.725995],[31.03555,-15.702741],[30.992867,-15.69597],[30.959604,-15.683018],[30.906324,-15.676248],[30.8919,-15.672127],[30.850984,-15.655642],[30.836265,-15.655054],[30.823608,-15.656231],[30.811244,-15.653876],[30.796526,-15.642102],[30.809773,-15.632682],[30.818015,-15.62915],[30.827434,-15.630033],[31.001698,-15.680663],[31.040848,-15.687139],[31.096189,-15.706567],[31.124742,-15.710983],[31.141227,-15.710688],[31.158005,-15.708628],[31.172135,-15.702741],[31.183026,-15.690083],[31.19745,-15.680075],[31.226592,-15.690377],[31.23454,-15.676248],[31.253085,-15.680958],[31.27163,-15.652404],[31.28988,-15.652404],[31.307837,-15.654171],[31.321672,-15.643868],[31.32962,-15.6265],[31.330797,-15.607955],[31.34581,-15.615609],[31.364649,-15.617081],[31.431175,-15.610899],[31.437063,-15.614726],[31.446188,-15.625323],[31.454724,-15.62444],[31.463555,-15.618552],[31.474741,-15.614726],[31.483572,-15.615609],[31.501528,-15.620907],[31.508299,-15.621496],[31.516541,-15.618847],[31.533908,-15.609722],[31.542739,-15.607955],[31.56305,-15.607661],[31.581301,-15.609427],[31.596314,-15.617081],[31.604556,-15.635331],[31.610149,-15.624145],[31.619274,-15.615903],[31.628105,-15.614431],[31.631932,-15.624734],[31.629871,-15.650638],[31.634581,-15.65682],[31.649299,-15.64534],[31.660485,-15.633565],[31.668433,-15.627383],[31.678147,-15.624145],[31.830627,-15.6056],[31.856237,-15.599124],[31.885379,-15.588233],[31.900097,-15.58735],[31.913049,-15.59412],[31.934538,-15.616198],[31.946607,-15.61973],[31.978987,-15.587939],[32.004008,-15.597653],[32.030501,-15.617375],[32.056993,-15.627678],[32.070534,-15.625617],[32.078776,-15.620613],[32.094378,-15.604423],[32.105858,-15.596769],[32.117632,-15.593531],[32.174445,-15.591471],[32.275706,-15.568511],[32.28542,-15.564389],[32.313679,-15.536425],[32.324276,-15.52936],[32.336639,-15.523178],[32.351946,-15.51788],[32.349886,-15.523767],[32.347531,-15.533187],[32.344293,-15.539074],[32.384032,-15.551732],[32.395806,-15.553204],[32.409642,-15.55026],[32.427303,-15.536425],[32.441139,-15.532304],[32.447026,-15.533776],[32.457034,-15.543195],[32.461744,-15.545845],[32.469986,-15.54555],[32.481761,-15.540252],[32.488531,-15.539074],[32.500306,-15.540252],[32.526504,-15.548199],[32.536807,-15.553204],[32.544166,-15.541135],[32.552114,-15.540252],[32.56065,-15.54349],[32.570953,-15.542312],[32.574191,-15.539368],[32.583611,-15.527888],[32.585083,-15.525239],[32.59303,-15.527594],[32.598035,-15.532009],[32.601273,-15.536425],[32.605688,-15.539074],[32.642484,-15.545256],[32.662795,-15.54349],[32.680751,-15.532304],[32.680751,-15.559385],[32.682517,-15.564684],[32.680751,-15.569099],[32.680457,-15.572043],[32.687227,-15.57322],[32.7043,-15.572632],[32.707538,-15.57322]]]}},{"type":"Feature","properties":{"name":"Roseires Reservoir","minZoom":5.7,"rank":7},"geometry":{"type":"Polygon","coordinates":[[[34.319182,11.622493],[34.35215,11.632207],[34.345674,11.654873],[34.335077,11.67224],[34.328013,11.689902],[34.331251,11.71404],[34.340965,11.73494],[34.356272,11.758489],[34.374228,11.778506],[34.393361,11.789397],[34.420149,11.791752],[34.443698,11.798522],[34.464009,11.799111],[34.482554,11.783215],[34.488735,11.759961],[34.489324,11.726698],[34.481671,11.702854],[34.462243,11.707564],[34.456355,11.717278],[34.452234,11.727581],[34.446347,11.732879],[34.434867,11.727875],[34.430451,11.717867],[34.428096,11.687253],[34.423975,11.676656],[34.417205,11.663704],[34.422798,11.65399],[34.441048,11.638388],[34.455472,11.601298],[34.461654,11.59129],[34.483143,11.574217],[34.528769,11.552728],[34.547608,11.529179],[34.562621,11.504453],[34.580871,11.485319],[34.65093,11.437043],[34.671241,11.416143],[34.682427,11.410256],[34.697145,11.405841],[34.710392,11.398776],[34.715985,11.385235],[34.720989,11.355799],[34.733941,11.33225],[34.753663,11.312822],[34.777507,11.296337],[34.73659,11.295748],[34.706859,11.323124],[34.681838,11.361097],[34.655346,11.392005],[34.638861,11.402014],[34.585581,11.423208],[34.566153,11.434983],[34.550258,11.45029],[34.520821,11.484436],[34.504042,11.49621],[34.487852,11.498565],[34.471957,11.497977],[34.455178,11.501803],[34.439282,11.51505],[34.427213,11.530945],[34.413673,11.544192],[34.393656,11.549785],[34.360981,11.56362],[34.329484,11.593939],[34.319182,11.622493]]]}},{"type":"Feature","properties":{"name":"Assad","minZoom":5.7,"rank":7},"geometry":{"type":"Polygon","coordinates":[[[38.566856,35.888988],[38.573626,35.890166],[38.564795,35.873387],[38.561263,35.864556],[38.559791,35.852781],[38.55361,35.851015],[38.519169,35.836003],[38.519169,35.842773],[38.512104,35.842773],[38.504156,35.833353],[38.458236,35.801268],[38.449993,35.801268],[38.441751,35.812159],[38.431743,35.810982],[38.420557,35.806566],[38.409077,35.808627],[38.409666,35.815103],[38.402306,35.833353],[38.39377,35.847188],[38.389354,35.839535],[38.384939,35.835708],[38.365805,35.825111],[38.36139,35.818635],[38.36816,35.787727],[38.36816,35.773892],[38.36139,35.773892],[38.357563,35.789493],[38.350498,35.794497],[38.327244,35.794497],[38.326361,35.791554],[38.319001,35.786844],[38.310171,35.785372],[38.306049,35.790671],[38.309287,35.798913],[38.316647,35.803623],[38.324006,35.807155],[38.327244,35.811865],[38.329893,35.823345],[38.334603,35.829527],[38.335486,35.836297],[38.327244,35.849543],[38.318118,35.859257],[38.307521,35.865733],[38.294275,35.868971],[38.27573,35.870149],[38.253653,35.877508],[38.223627,35.915481],[38.203905,35.931671],[38.192425,35.935792],[38.15975,35.94374],[38.145915,35.945212],[38.134435,35.948744],[38.117362,35.966112],[38.108237,35.973176],[38.112947,35.982007],[38.110003,35.989661],[38.102349,35.99231],[38.094402,35.986128],[38.087631,35.986128],[38.07409,35.993782],[38.07409,35.999963],[38.087337,36.007911],[38.079978,36.014976],[38.052896,36.027045],[38.044065,36.036759],[38.024932,36.062074],[38.01875,36.075615],[38.014923,36.113294],[38.024932,36.145968],[38.042299,36.172461],[38.079683,36.210434],[38.084099,36.213377],[38.091164,36.216321],[38.092635,36.223386],[38.092047,36.232217],[38.094402,36.240165],[38.103821,36.249584],[38.115007,36.256649],[38.142383,36.26754],[38.144149,36.265186],[38.151508,36.262242],[38.159162,36.262831],[38.162694,36.270778],[38.16446,36.276371],[38.173291,36.292856],[38.176529,36.301392],[38.175352,36.330829],[38.17859,36.342603],[38.189481,36.336422],[38.19684,36.336422],[38.22245,36.280787],[38.225688,36.252233],[38.200373,36.240165],[38.174763,36.233689],[38.144149,36.217499],[38.12531,36.195421],[38.135613,36.171872],[38.099995,36.14273],[38.094402,36.133899],[38.096757,36.120653],[38.110592,36.084446],[38.118245,36.071788],[38.125899,36.066195],[38.142972,36.059131],[38.149153,36.05501],[38.154158,36.048239],[38.157984,36.035581],[38.162694,36.027045],[38.169464,36.018214],[38.174763,36.013799],[38.189481,36.006734],[38.194191,36.005851],[38.205083,36.007323],[38.209792,36.006734],[38.212736,36.004085],[38.215974,35.999375],[38.21774,35.995254],[38.217151,35.993782],[38.228632,35.992016],[38.25483,35.993782],[38.25483,35.988778],[38.261012,35.979064],[38.268371,35.970233],[38.282206,35.9667],[38.351087,35.940208],[38.360801,35.929905],[38.371693,35.920485],[38.389354,35.918425],[38.404661,35.927844],[38.411432,35.957869],[38.423501,35.965817],[38.424678,35.958458],[38.429682,35.945212],[38.437041,35.945212],[38.437041,35.952571],[38.443223,35.952571],[38.452054,35.931671],[38.463829,35.911654],[38.468538,35.907827],[38.473248,35.907533],[38.476781,35.904884],[38.477958,35.893698],[38.48149,35.887811],[38.48885,35.891932],[38.495914,35.899585],[38.497975,35.904295],[38.503568,35.901057],[38.514459,35.891932],[38.515637,35.890166],[38.533299,35.896053],[38.533299,35.897525],[38.540363,35.903706],[38.544484,35.903706],[38.546251,35.893698],[38.549783,35.89046],[38.557731,35.889283],[38.566856,35.888988]]]}},{"type":"Feature","properties":{"name":"Keban Dam","minZoom":5.7,"rank":7},"geometry":{"type":"Polygon","coordinates":[[[39.860586,38.690746],[39.862058,38.672495],[39.84734,38.640998],[39.819081,38.618921],[39.784935,38.61009],[39.75226,38.618038],[39.746667,38.622748],[39.738425,38.633639],[39.731655,38.638349],[39.721647,38.640115],[39.710755,38.639821],[39.701924,38.641293],[39.698392,38.648946],[39.687795,38.655128],[39.621857,38.645119],[39.598897,38.652184],[39.587122,38.652773],[39.586239,38.650124],[39.543851,38.626575],[39.415802,38.593311],[39.371353,38.593017],[39.35428,38.611856],[39.365466,38.623925],[39.407266,38.638938],[39.425516,38.658955],[39.466727,38.682209],[39.477913,38.699871],[39.478207,38.710468],[39.47703,38.721065],[39.471731,38.740788],[39.471731,38.745203],[39.473498,38.749619],[39.474381,38.754917],[39.471731,38.762571],[39.467316,38.763748],[39.453481,38.761982],[39.450832,38.76522],[39.442589,38.780233],[39.423456,38.775523],[39.401084,38.764926],[39.382539,38.762571],[39.378712,38.767869],[39.372825,38.788475],[39.368115,38.796128],[39.356046,38.80437],[39.346332,38.806137],[39.324255,38.803487],[39.306299,38.807314],[39.287754,38.816734],[39.258906,38.837045],[39.255962,38.840872],[39.254196,38.846465],[39.251253,38.852352],[39.245071,38.858239],[39.240067,38.854707],[39.235063,38.852352],[39.228881,38.85088],[39.218578,38.850586],[39.218578,38.844404],[39.224171,38.833513],[39.220344,38.828508],[39.210336,38.827625],[39.197384,38.830275],[39.173541,38.851763],[39.163238,38.858239],[39.135273,38.865598],[39.117023,38.860888],[39.104659,38.845876],[39.094945,38.822621],[39.080521,38.835867],[39.078755,38.854118],[39.084348,38.877962],[39.064037,38.879728],[39.05344,38.877962],[39.04667,38.874723],[39.042548,38.870014],[39.038133,38.866187],[39.029596,38.864421],[39.009285,38.869719],[38.996922,38.87855],[38.985147,38.8812],[38.96778,38.867659],[38.960127,38.865304],[38.950707,38.869425],[38.940698,38.875018],[38.930396,38.877962],[38.927452,38.875901],[38.922742,38.871191],[38.915678,38.866481],[38.905964,38.864421],[38.895366,38.864126],[38.889185,38.863243],[38.884475,38.860594],[38.868285,38.842638],[38.854744,38.844404],[38.848268,38.847053],[38.845619,38.851763],[38.841498,38.856179],[38.830606,38.858239],[38.810001,38.858533],[38.800876,38.856473],[38.792633,38.850586],[38.788807,38.836456],[38.787335,38.818206],[38.779976,38.807608],[38.759076,38.816439],[38.749656,38.830275],[38.753189,38.842932],[38.764374,38.852646],[38.779093,38.858239],[38.773205,38.871485],[38.761136,38.880022],[38.747301,38.886792],[38.735232,38.895329],[38.725224,38.898861],[38.714038,38.89474],[38.699909,38.891797],[38.683424,38.899156],[38.666645,38.899156],[38.649278,38.927709],[38.638975,38.963916],[38.641919,38.987759],[38.651044,38.987171],[38.656931,38.972452],[38.661641,38.955085],[38.666351,38.946843],[38.671355,38.942722],[38.678126,38.923882],[38.680775,38.919761],[38.714627,38.919761],[38.726401,38.924765],[38.739648,38.936834],[38.759076,38.960383],[38.765552,38.970981],[38.770262,38.984521],[38.768495,38.996296],[38.755249,39.001594],[38.74318,39.003949],[38.711978,39.016901],[38.70403,39.021906],[38.699909,39.033386],[38.709917,39.033974],[38.727284,39.030442],[38.745535,39.029559],[38.745535,39.036329],[38.740825,39.043983],[38.735821,39.065766],[38.731994,39.077246],[38.739648,39.078423],[38.745241,39.078718],[38.749067,39.078129],[38.751128,39.077246],[38.759665,39.07077],[38.76408,39.058995],[38.766435,39.047515],[38.76879,39.042511],[38.770556,39.037507],[38.800581,39.016901],[38.806468,39.015135],[38.810295,39.002478],[38.809118,38.99188],[38.809118,38.981872],[38.817066,38.970686],[38.847385,38.940072],[38.829723,38.928003],[38.817654,38.923588],[38.786452,38.926532],[38.786452,38.919761],[38.818537,38.913874],[38.82678,38.913285],[38.87535,38.919761],[38.87535,38.926532],[38.868874,38.929475],[38.860631,38.936834],[38.854744,38.940072],[38.867991,38.963916],[38.875644,38.970981],[38.87535,38.979223],[38.874467,38.988348],[38.87535,38.995413],[38.879765,38.997473],[38.88683,38.998062],[38.893011,38.999828],[38.895661,39.005127],[38.897427,39.012192],[38.909496,39.029559],[38.916266,39.029559],[38.90302,38.982166],[38.895661,38.967448],[38.906552,38.951553],[38.910968,38.938601],[38.920976,38.92977],[38.947174,38.926532],[38.957183,38.92977],[38.955711,38.938012],[38.951296,38.94802],[38.953945,38.95744],[38.962776,38.960383],[38.968369,38.953024],[38.972784,38.941544],[38.978377,38.932713],[38.986619,38.926532],[38.991623,38.92506],[39.005164,38.926532],[39.006342,38.930653],[39.013995,38.937717],[39.022237,38.938012],[39.029008,38.912108],[39.036367,38.902688],[39.046375,38.897978],[39.068747,38.907692],[39.080227,38.903571],[39.094945,38.891797],[39.180605,38.885321],[39.191202,38.88326],[39.209747,38.873546],[39.221522,38.871191],[39.234768,38.87384],[39.239184,38.879728],[39.240361,38.886498],[39.245071,38.891797],[39.26185,38.891502],[39.269798,38.879433],[39.276862,38.865009],[39.290403,38.858239],[39.295996,38.853824],[39.303355,38.84411],[39.31248,38.834396],[39.324255,38.830275],[39.346038,38.82792],[39.368115,38.822621],[39.380478,38.815262],[39.390193,38.805842],[39.397552,38.794362],[39.40285,38.781704],[39.409621,38.781704],[39.421689,38.791418],[39.436113,38.78818],[39.449948,38.780233],[39.46084,38.775523],[39.478502,38.775817],[39.491748,38.777878],[39.502345,38.781999],[39.511471,38.791713],[39.524128,38.810846],[39.526483,38.813201],[39.53031,38.816439],[39.549738,38.817322],[39.557097,38.819677],[39.575053,38.836456],[39.580646,38.844698],[39.587122,38.858239],[39.593598,38.876195],[39.595659,38.89003],[39.594776,38.916523],[39.588594,38.929181],[39.578586,38.944193],[39.576525,38.954791],[39.594776,38.954202],[39.615675,38.936834],[39.618325,38.907104],[39.610966,38.875312],[39.602135,38.850586],[39.630688,38.846759],[39.654826,38.847936],[39.704573,38.858239],[39.728417,38.859711],[39.77581,38.856473],[39.800536,38.858239],[39.763152,38.844698],[39.61803,38.836162],[39.601252,38.832629],[39.594776,38.830275],[39.58359,38.82321],[39.576819,38.816439],[39.569755,38.811435],[39.537375,38.808786],[39.530015,38.805842],[39.522951,38.799661],[39.492337,38.762571],[39.487921,38.750207],[39.486744,38.741377],[39.488216,38.73284],[39.497341,38.707819],[39.501462,38.701637],[39.515886,38.689863],[39.531487,38.681326],[39.556803,38.673967],[39.602135,38.666314],[39.68073,38.672495],[39.701335,38.66808],[39.730772,38.648652],[39.75226,38.645119],[39.823791,38.66337],[39.835565,38.669552],[39.84057,38.680443],[39.851167,38.690452],[39.860586,38.690746]]]}},{"type":"Feature","properties":{"name":"Kayrakkum","minZoom":5.7,"rank":7},"geometry":{"type":"Polygon","coordinates":[[[70.381731,40.40424],[70.384675,40.399824],[70.370839,40.365089],[70.361714,40.356847],[70.350234,40.349488],[70.340226,40.340951],[70.336104,40.327705],[70.325507,40.315047],[70.301369,40.304156],[70.183329,40.265594],[70.161252,40.262062],[70.151833,40.264417],[70.129755,40.274131],[70.120041,40.276485],[70.108267,40.274425],[70.081185,40.2653],[69.911926,40.232036],[69.869832,40.235569],[69.850109,40.241751],[69.830976,40.25117],[69.822145,40.2653],[69.832447,40.286199],[69.850992,40.296797],[69.925172,40.303567],[70.13682,40.365089],[70.182741,40.388933],[70.195693,40.392465],[70.198636,40.394525],[70.203641,40.403356],[70.205701,40.4063],[70.217181,40.409244],[70.224246,40.409244],[70.26634,40.401001],[70.279292,40.401885],[70.291655,40.409832],[70.302841,40.414837],[70.31756,40.414248],[70.332278,40.410716],[70.342875,40.4063],[70.288417,40.372154],[70.30814,40.377452],[70.329334,40.379513],[70.341992,40.382751],[70.346702,40.391287],[70.349645,40.413659],[70.349351,40.41572],[70.352,40.426611],[70.354944,40.435442],[70.35671,40.430732],[70.358182,40.428083],[70.371723,40.413365],[70.370839,40.413659],[70.373194,40.412187],[70.381731,40.40424]]]}},{"type":"Feature","properties":{"name":"Gobind Sagar","minZoom":5.7,"rank":7},"geometry":{"type":"Polygon","coordinates":[[[76.778852,31.239801],[76.784445,31.216841],[76.762368,31.234208],[76.726161,31.293375],[76.705261,31.306327],[76.703495,31.300146],[76.698196,31.273064],[76.695547,31.265411],[76.684656,31.259524],[76.670526,31.257463],[76.64786,31.257757],[76.639324,31.262173],[76.621367,31.267471],[76.613125,31.271298],[76.606355,31.276597],[76.598701,31.286016],[76.544538,31.338413],[76.538062,31.350482],[76.531586,31.354309],[76.493613,31.388161],[76.481839,31.394048],[76.470359,31.406411],[76.45564,31.41848],[76.435035,31.422307],[76.442688,31.429077],[76.40707,31.497958],[76.384993,31.522979],[76.373218,31.532399],[76.359089,31.538875],[76.370863,31.55065],[76.370275,31.567428],[76.362327,31.585385],[76.352613,31.600397],[76.372335,31.592449],[76.383815,31.572433],[76.392352,31.548295],[76.403832,31.528278],[76.428853,31.500313],[76.444454,31.488244],[76.462411,31.484418],[76.458878,31.467345],[76.466532,31.457925],[76.477423,31.450566],[76.482722,31.439969],[76.488903,31.437614],[76.516279,31.411121],[76.553369,31.366378],[76.561906,31.361374],[76.599584,31.321634],[76.606355,31.309565],[76.611065,31.298674],[76.62225,31.289254],[76.63638,31.28219],[76.64786,31.278363],[76.665816,31.278952],[76.678474,31.286311],[76.681418,31.294847],[76.671704,31.298674],[76.666994,31.304267],[76.611948,31.351365],[76.578979,31.388161],[76.586338,31.394931],[76.596935,31.379624],[76.616952,31.364612],[76.640207,31.356664],[76.660518,31.361374],[76.659929,31.348716],[76.66405,31.339885],[76.669643,31.331643],[76.674647,31.320457],[76.697902,31.320751],[76.720568,31.313098],[76.735875,31.315747],[76.736464,31.347244],[76.742351,31.358724],[76.742351,31.364906],[76.733226,31.367555],[76.725278,31.368733],[76.718213,31.371971],[76.714975,31.377564],[76.719096,31.384628],[76.72881,31.394342],[76.739113,31.401701],[76.750593,31.407],[76.764723,31.408766],[76.756775,31.401701],[76.750593,31.394931],[76.746178,31.388161],[76.743528,31.38139],[76.751771,31.386689],[76.760307,31.388749],[76.769138,31.386689],[76.777675,31.38139],[76.76119,31.361079],[76.751182,31.313687],[76.736464,31.298674],[76.7659,31.260995],[76.778852,31.239801]]]}},{"type":"Feature","properties":{"name":"Hirakud Dam","minZoom":5.7,"rank":7},"geometry":{"type":"Polygon","coordinates":[[[84.017855,21.627929],[84.034633,21.616155],[83.976644,21.565818],[83.940143,21.546685],[83.911295,21.554633],[83.889806,21.54639],[83.86979,21.534321],[83.855366,21.517543],[83.849773,21.496349],[83.842708,21.481925],[83.825635,21.481336],[83.805324,21.488989],[83.788251,21.499292],[83.74704,21.572],[83.720547,21.606146],[83.691405,21.602908],[83.685223,21.602908],[83.677864,21.621748],[83.686106,21.627635],[83.699058,21.630579],[83.705829,21.640293],[83.699353,21.656188],[83.671094,21.678854],[83.664912,21.695044],[83.590438,21.719182],[83.575425,21.725953],[83.540102,21.708879],[83.530976,21.696516],[83.527444,21.674733],[83.520085,21.660309],[83.484467,21.62528],[83.472987,21.60909],[83.456208,21.62999],[83.390565,21.681504],[83.377024,21.683858],[83.34641,21.681209],[83.314324,21.682975],[83.295485,21.698577],[83.396746,21.700932],[83.410876,21.698577],[83.427066,21.689157],[83.458563,21.662959],[83.476225,21.65766],[83.489471,21.663253],[83.499185,21.676499],[83.505072,21.691512],[83.507133,21.702109],[83.507427,21.722126],[83.505661,21.733606],[83.497713,21.741848],[83.479168,21.753917],[83.492415,21.75951],[83.506839,21.758921],[83.519496,21.753917],[83.527444,21.746558],[83.535686,21.76422],[83.547461,21.781293],[83.558352,21.768341],[83.611044,21.76893],[83.630472,21.760099],[83.636948,21.760099],[83.644012,21.780999],[83.653432,21.776289],[83.664323,21.762159],[83.675215,21.753917],[83.694643,21.751562],[83.702296,21.745969],[83.707595,21.737138],[83.719369,21.725953],[83.730261,21.73184],[83.737914,21.731251],[83.745568,21.728013],[83.757342,21.725953],[83.767645,21.72242],[83.76529,21.715061],[83.753516,21.702109],[83.75852,21.684153],[83.770589,21.660898],[83.784424,21.648829],[83.795315,21.66443],[83.819453,21.642353],[83.829462,21.636466],[83.836232,21.643825],[83.820925,21.654716],[83.812094,21.663547],[83.808856,21.671201],[83.815038,21.676794],[83.849773,21.691806],[83.852128,21.674439],[83.863019,21.672673],[83.872144,21.682387],[83.870967,21.698577],[83.88127,21.697105],[83.890689,21.693867],[83.898343,21.689451],[83.905113,21.685036],[83.900698,21.674439],[83.89746,21.636466],[83.893927,21.635877],[83.886274,21.628518],[83.881858,21.619981],[83.887451,21.616155],[83.897165,21.61586],[83.901287,21.614683],[83.905113,21.602908],[83.91571,21.609384],[83.926602,21.6138],[83.935138,21.611739],[83.938376,21.599376],[83.941614,21.598199],[83.946913,21.603497],[83.949857,21.614683],[83.944852,21.630284],[83.958393,21.645886],[83.951328,21.681504],[83.925424,21.746558],[83.922775,21.751268],[83.914827,21.757155],[83.908646,21.764809],[83.905113,21.774228],[83.91836,21.777172],[83.933961,21.775111],[83.946913,21.768341],[83.952212,21.756861],[83.957804,21.740082],[83.970462,21.732134],[83.984297,21.725658],[83.993128,21.712706],[84.012851,21.717122],[84.019327,21.705347],[84.015205,21.692984],[84.003431,21.695044],[83.987241,21.70623],[83.98312,21.697399],[83.983414,21.679737],[83.980176,21.66443],[83.991068,21.656777],[84.017855,21.627929]]]}},{"type":"Feature","properties":{"name":"Nagarjuna Sagar Dam","minZoom":5.7,"rank":7},"geometry":{"type":"Polygon","coordinates":[[[79.320686,16.579879],[79.313033,16.579879],[79.31892,16.560156],[79.305379,16.548676],[79.268878,16.535136],[79.265052,16.526599],[79.267406,16.505699],[79.265346,16.497163],[79.256221,16.490981],[79.245623,16.490392],[79.234732,16.491275],[79.224429,16.490392],[79.224429,16.483622],[79.230022,16.482444],[79.239147,16.478618],[79.245035,16.47744],[79.240325,16.466254],[79.227373,16.450359],[79.224429,16.439467],[79.224724,16.415624],[79.222369,16.404732],[79.21707,16.394724],[79.225018,16.377945],[79.234732,16.36411],[79.258576,16.340266],[79.232377,16.315246],[79.226784,16.270797],[79.213538,16.228114],[79.165851,16.209274],[79.153193,16.210746],[79.121402,16.222815],[79.083429,16.222815],[79.072537,16.226053],[79.048105,16.240477],[79.03898,16.244009],[79.026322,16.243126],[79.017197,16.240183],[78.99718,16.230174],[79.005422,16.248131],[79.014253,16.253429],[79.042218,16.25078],[79.051343,16.248719],[79.065767,16.2393],[79.072832,16.23665],[79.082251,16.237239],[79.09697,16.242538],[79.10374,16.244009],[79.135826,16.238122],[79.163202,16.228408],[79.187634,16.226348],[79.210594,16.244009],[79.220897,16.26697],[79.225901,16.297289],[79.223841,16.327314],[79.213832,16.349686],[79.201763,16.358811],[79.155548,16.381183],[79.121402,16.41268],[79.106978,16.4221],[79.152016,16.404732],[79.170855,16.392075],[79.189694,16.373824],[79.194404,16.383832],[79.196465,16.415329],[79.208828,16.448298],[79.210594,16.456246],[79.208534,16.470081],[79.203235,16.472142],[79.196759,16.471553],[79.189694,16.47744],[79.183513,16.492453],[79.186162,16.497751],[79.192049,16.500989],[79.196465,16.510998],[79.198231,16.520123],[79.199114,16.521006],[79.194699,16.518651],[79.142007,16.518357],[79.123757,16.522184],[79.107861,16.53072],[79.102268,16.543083],[79.114631,16.559273],[79.104917,16.56781],[79.056053,16.594008],[79.047516,16.600779],[79.031915,16.620795],[79.056642,16.616674],[79.08078,16.603428],[79.104329,16.593714],[79.127583,16.60019],[79.134354,16.589299],[79.143774,16.580762],[79.155842,16.575169],[79.169089,16.572814],[79.16644,16.584],[79.164085,16.602251],[79.165262,16.616969],[79.172916,16.617263],[79.181452,16.603722],[79.184984,16.575758],[79.189694,16.565455],[79.200291,16.561334],[79.208239,16.569282],[79.220603,16.590182],[79.2312,16.595775],[79.254749,16.600484],[79.265346,16.606372],[79.25887,16.617263],[79.235615,16.625211],[79.224429,16.634336],[79.233849,16.634336],[79.240325,16.636102],[79.251216,16.641695],[79.237381,16.654942],[79.245035,16.662301],[79.259459,16.656708],[79.27506,16.657297],[79.287718,16.654059],[79.292722,16.638163],[79.296254,16.62315],[79.313622,16.595775],[79.320686,16.579879]]]}},{"type":"Feature","properties":{"name":"Danjiangkou Shuiku","minZoom":5.7,"rank":7},"geometry":{"type":"Polygon","coordinates":[[[111.689849,32.658047],[111.692204,32.648922],[111.683962,32.642741],[111.669832,32.642152],[111.623617,32.649511],[111.604189,32.648922],[111.520884,32.636853],[111.505283,32.627139],[111.490859,32.607123],[111.482028,32.579452],[111.476435,32.566795],[111.465838,32.557669],[111.456124,32.557081],[111.445821,32.560319],[111.43493,32.562674],[111.423155,32.558258],[111.406965,32.549721],[111.386654,32.542657],[111.366637,32.53883],[111.351919,32.539419],[111.343088,32.5456],[111.337201,32.554726],[111.329842,32.562085],[111.316301,32.564145],[111.303937,32.559141],[111.292752,32.54825],[111.274501,32.524995],[111.254779,32.507922],[111.250363,32.51793],[111.25625,32.541185],[111.268614,32.56444],[111.284509,32.58534],[111.284509,32.590932],[111.271557,32.592699],[111.248008,32.602413],[111.213862,32.64068],[111.193257,32.650394],[111.174123,32.629494],[111.157344,32.560319],[111.139388,32.53412],[111.105536,32.533531],[111.091701,32.542068],[111.082281,32.553843],[111.080221,32.5665],[111.089052,32.576803],[111.09906,32.576214],[111.109952,32.569444],[111.121432,32.565323],[111.133206,32.571799],[111.137327,32.584456],[111.132323,32.596525],[111.124375,32.6083],[111.119371,32.620663],[111.120843,32.633615],[111.134972,32.670411],[111.116722,32.663052],[111.077571,32.686601],[111.053434,32.688661],[111.028118,32.701319],[111.006041,32.723985],[110.999859,32.740764],[111.023114,32.736054],[111.030768,32.728401],[111.034006,32.719864],[111.03901,32.712505],[111.052551,32.709267],[111.066386,32.713977],[111.078749,32.723985],[111.091701,32.731639],[111.108185,32.730167],[111.123787,32.724868],[111.153223,32.718687],[111.165881,32.711916],[111.167647,32.707795],[111.169413,32.693666],[111.172062,32.688367],[111.180893,32.681597],[111.39313,32.591816],[111.411086,32.589755],[111.421683,32.595054],[111.420211,32.60359],[111.416385,32.612715],[111.419623,32.618603],[111.43228,32.616248],[111.457007,32.597408],[111.469959,32.595937],[111.478201,32.604768],[111.481733,32.618897],[111.481439,32.634498],[111.479084,32.646567],[111.471725,32.660402],[111.451414,32.685423],[111.446115,32.699553],[111.445527,32.711033],[111.447882,32.723102],[111.454063,32.730167],[111.465249,32.72634],[111.489093,32.711622],[111.493214,32.717803],[111.484088,32.753421],[111.490859,32.778148],[111.516763,32.836727],[111.517351,32.864397],[111.50646,32.878821],[111.486149,32.894716],[111.445232,32.920032],[111.317773,32.968602],[111.25625,33.00422],[111.225048,33.0575],[111.241827,33.049552],[111.303643,33.003337],[111.324837,32.991268],[111.344854,32.984203],[111.38842,32.974195],[111.421389,32.961831],[111.439345,32.957121],[111.454063,32.960065],[111.459362,32.96919],[111.458773,32.991268],[111.463483,32.996566],[111.471136,32.992445],[111.511759,32.953295],[111.510581,32.947113],[111.504105,32.942992],[111.500278,32.938577],[111.505577,32.920032],[111.529126,32.894422],[111.541195,32.875583],[111.547965,32.851739],[111.549437,32.836432],[111.558268,32.826424],[111.610076,32.810234],[111.630387,32.79581],[111.644517,32.775499],[111.64746,32.750772],[111.639513,32.733699],[111.626855,32.713977],[111.623028,32.702496],[111.640984,32.709856],[111.648049,32.709856],[111.650993,32.701025],[111.652759,32.68925],[111.657469,32.679242],[111.679252,32.66629],[111.689849,32.658047]]]}},{"type":"Feature","properties":{"name":"Bloemhof Dam","minZoom":5.7,"rank":7},"geometry":{"type":"Polygon","coordinates":[[[26.094354,-27.612419],[26.094648,-27.613302],[26.092587,-27.62331],[26.089055,-27.631258],[26.084051,-27.638028],[26.077869,-27.643916],[26.072276,-27.654513],[26.075809,-27.664227],[26.083168,-27.673058],[26.087878,-27.681594],[26.089938,-27.703083],[26.086111,-27.720745],[26.073454,-27.732519],[26.050199,-27.73664],[26.012226,-27.722805],[25.99633,-27.661283],[25.961301,-27.647448],[25.948643,-27.64421],[25.926566,-27.630081],[25.906844,-27.626843],[25.89919,-27.628314],[25.893303,-27.631552],[25.886533,-27.633907],[25.87623,-27.633613],[25.864161,-27.629198],[25.856213,-27.621838],[25.849737,-27.613596],[25.842084,-27.606532],[25.822656,-27.597406],[25.80205,-27.594463],[25.78115,-27.598289],[25.762605,-27.60977],[25.750536,-27.62596],[25.756718,-27.63479],[25.770259,-27.643916],[25.780561,-27.660989],[25.716684,-27.64892],[25.704321,-27.654807],[25.711092,-27.665404],[25.744355,-27.701611],[25.749359,-27.709559],[25.759662,-27.717212],[25.774969,-27.735757],[25.788509,-27.757246],[25.794397,-27.774319],[25.800578,-27.786682],[25.815591,-27.796985],[25.835608,-27.80405],[25.855036,-27.805227],[25.845027,-27.811998],[25.823833,-27.81553],[25.814119,-27.819357],[25.810881,-27.826716],[25.801167,-27.840845],[25.791159,-27.848499],[25.782622,-27.826127],[25.763194,-27.814941],[25.759073,-27.80876],[25.757601,-27.798457],[25.753774,-27.786977],[25.749359,-27.777263],[25.745238,-27.770787],[25.711092,-27.750476],[25.69549,-27.73664],[25.686659,-27.731931],[25.674002,-27.72987],[25.648981,-27.729576],[25.630141,-27.725749],[25.618072,-27.71368],[25.614834,-27.688953],[25.629553,-27.656279],[25.661933,-27.626548],[25.699906,-27.60241],[25.793808,-27.561494],[25.852092,-27.551191],[25.859745,-27.555607],[25.862689,-27.565909],[25.864455,-27.577684],[25.868871,-27.585926],[25.880645,-27.591225],[25.891831,-27.590047],[25.903311,-27.586809],[25.917146,-27.585926],[25.932748,-27.590341],[25.955708,-27.603588],[26.000157,-27.61183],[26.013992,-27.617129],[26.019585,-27.623899],[26.018702,-27.654807],[26.022529,-27.667465],[26.033126,-27.675413],[26.051082,-27.638028],[26.053731,-27.630375],[26.058441,-27.623899],[26.080518,-27.607415],[26.087878,-27.599761],[26.093471,-27.60712],[26.094354,-27.612419]]]}},{"type":"Feature","properties":{"name":"Vaal Dam","minZoom":5.7,"rank":7},"geometry":{"type":"Polygon","coordinates":[[[28.518442,-26.990133],[28.521091,-27.000141],[28.515499,-27.005734],[28.504018,-26.996315],[28.486945,-26.975709],[28.467517,-26.976592],[28.428955,-27.001319],[28.411294,-26.996315],[28.415415,-26.988367],[28.415709,-26.979536],[28.411294,-26.972471],[28.401285,-26.969528],[28.393337,-26.965995],[28.390688,-26.958047],[28.388922,-26.948628],[28.383918,-26.941563],[28.371554,-26.938619],[28.35978,-26.942152],[28.346534,-26.948922],[28.329166,-26.955398],[28.322984,-26.946567],[28.304734,-26.927728],[28.29502,-26.921252],[28.257636,-26.909183],[28.24645,-26.900058],[28.242917,-26.908594],[28.235558,-26.913598],[28.225256,-26.91507],[28.212304,-26.914187],[28.212304,-26.921252],[28.229377,-26.932732],[28.244095,-26.96835],[28.261757,-26.978064],[28.257047,-26.98248],[28.247333,-26.987189],[28.225844,-26.991016],[28.217013,-26.994843],[28.209654,-27.001319],[28.205239,-27.009855],[28.223489,-27.011033],[28.236147,-27.020747],[28.257047,-27.047828],[28.267938,-27.049595],[28.276181,-27.036937],[28.28354,-27.019569],[28.291193,-27.006912],[28.31798,-26.992194],[28.338291,-26.996609],[28.35301,-27.015154],[28.363312,-27.044002],[28.35978,-27.059897],[28.36184,-27.068434],[28.380091,-27.074027],[28.385978,-27.078737],[28.390688,-27.083446],[28.393926,-27.085507],[28.409822,-27.089922],[28.415415,-27.099636],[28.413943,-27.109351],[28.399519,-27.119948],[28.399519,-27.134666],[28.404818,-27.161453],[28.403935,-27.171756],[28.40158,-27.17882],[28.393926,-27.183825],[28.376853,-27.18824],[28.36184,-27.152328],[28.35507,-27.129956],[28.35978,-27.119653],[28.378031,-27.113177],[28.370083,-27.099048],[28.343296,-27.078442],[28.321807,-27.048417],[28.316508,-27.050183],[28.310327,-27.101697],[28.301201,-27.106113],[28.295609,-27.09787],[28.301201,-27.085507],[28.282951,-27.073438],[28.202001,-27.044002],[28.191109,-27.061075],[28.180807,-27.068434],[28.168149,-27.061664],[28.163145,-27.049595],[28.161967,-27.036937],[28.157846,-27.027223],[28.144305,-27.023691],[28.165205,-26.986012],[28.170798,-26.98248],[28.196408,-26.978358],[28.205239,-26.975709],[28.215836,-26.958636],[28.20465,-26.94539],[28.181395,-26.937147],[28.157257,-26.934204],[28.16079,-26.925373],[28.166971,-26.918603],[28.175214,-26.91507],[28.185222,-26.914187],[28.173153,-26.900352],[28.156669,-26.902118],[28.140773,-26.911538],[28.13047,-26.921252],[28.113986,-26.951277],[28.106332,-26.953926],[28.096324,-26.934204],[28.093086,-26.913598],[28.097207,-26.897408],[28.106038,-26.884751],[28.131648,-26.85973],[28.13989,-26.848544],[28.143422,-26.834709],[28.144305,-26.812043],[28.166677,-26.825878],[28.181101,-26.843834],[28.198763,-26.887106],[28.215836,-26.880335],[28.231732,-26.876508],[28.270588,-26.873859],[28.280007,-26.880335],[28.312976,-26.908005],[28.332404,-26.914187],[28.402168,-26.91036],[28.418653,-26.914187],[28.423068,-26.927139],[28.419536,-26.944801],[28.418947,-26.962757],[28.431605,-26.975709],[28.444557,-26.955104],[28.469283,-26.943918],[28.492244,-26.946862],[28.500486,-26.969528],[28.50549,-26.97306],[28.518442,-26.990133]]]}},{"type":"Feature","properties":{"name":"Srinakarin Dam","minZoom":5.7,"rank":7},"geometry":{"type":"Polygon","coordinates":[[[99.202334,14.583796],[99.203511,14.580852],[99.189087,14.56584],[99.181434,14.554654],[99.176135,14.549061],[99.162889,14.541113],[99.119323,14.525217],[99.119029,14.51933],[99.116674,14.508144],[99.116085,14.50314],[99.117557,14.497253],[99.119912,14.493426],[99.133453,14.476353],[99.158474,14.454864],[99.167305,14.44515],[99.169659,14.436908],[99.165833,14.429255],[99.156413,14.421307],[99.149937,14.413653],[99.140517,14.39452],[99.132864,14.390693],[99.124622,14.393342],[99.116968,14.399818],[99.075757,14.44515],[99.068398,14.458691],[99.065749,14.462518],[99.061039,14.466933],[99.04426,14.476942],[99.036607,14.484595],[99.029248,14.493426],[98.993335,14.55171],[98.99363,14.559069],[99.008937,14.5888],[99.010703,14.596453],[99.010703,14.603518],[99.008054,14.610288],[99.003049,14.615293],[98.997751,14.620003],[98.992747,14.625301],[98.990392,14.632366],[98.991864,14.637076],[98.99569,14.641785],[98.999223,14.648261],[99.0004,14.652383],[99.001283,14.660919],[99.002755,14.664451],[99.005699,14.666806],[99.012175,14.668867],[99.014824,14.670633],[99.017179,14.677404],[99.015118,14.700953],[99.017473,14.716554],[99.017473,14.724207],[99.015413,14.731861],[99.005993,14.742752],[98.992158,14.754233],[98.980678,14.766301],[98.977734,14.778665],[98.98892,14.780431],[99.024538,14.790145],[99.023949,14.796032],[99.020417,14.806041],[99.019534,14.811045],[99.020417,14.817226],[99.023066,14.821348],[99.02601,14.825174],[99.028953,14.830179],[99.030425,14.835183],[99.031014,14.845485],[99.03278,14.85049],[99.035724,14.854022],[99.043672,14.858732],[99.046615,14.861381],[99.047498,14.867563],[99.040139,14.87816],[99.043672,14.881987],[99.047793,14.88287],[99.054857,14.883458],[99.058684,14.885225],[99.062217,14.888168],[99.063688,14.890818],[99.064571,14.893761],[99.066043,14.897294],[99.072225,14.908185],[99.075757,14.912306],[99.088121,14.921137],[99.09077,14.924375],[99.089887,14.928496],[99.085766,14.935266],[99.080173,14.950279],[99.07458,14.981482],[99.068693,14.9962],[99.063688,15.001793],[99.051619,15.008269],[99.046321,15.01239],[99.041905,15.019455],[99.039845,15.027108],[99.039256,15.043592],[99.043083,15.038],[99.061628,15.024459],[99.086354,15.010918],[99.091064,15.007386],[99.094597,15.002382],[99.096657,14.997083],[99.099306,14.985014],[99.104016,14.973239],[99.110492,14.961465],[99.119029,14.951751],[99.130215,14.946158],[99.14876,14.947335],[99.156119,14.945275],[99.155824,14.936444],[99.145227,14.920843],[99.129332,14.907302],[99.111375,14.896705],[99.080173,14.884342],[99.076052,14.881692],[99.072225,14.876688],[99.071047,14.872273],[99.071047,14.867563],[99.070164,14.862559],[99.054269,14.835771],[99.049559,14.821642],[99.052208,14.805452],[99.056035,14.800153],[99.067515,14.789851],[99.070753,14.784552],[99.070753,14.780431],[99.068987,14.776899],[99.066632,14.773366],[99.064866,14.769245],[99.064866,14.765713],[99.065749,14.758648],[99.06516,14.754821],[99.061333,14.748345],[99.057507,14.743635],[99.055446,14.738043],[99.056624,14.728917],[99.058095,14.726268],[99.063394,14.717731],[99.069281,14.692416],[99.068987,14.688295],[99.067515,14.685646],[99.0631,14.68123],[99.061628,14.678581],[99.061628,14.665923],[99.070459,14.630894],[99.076052,14.619119],[99.079584,14.615587],[99.088415,14.6097],[99.091359,14.606756],[99.093125,14.602046],[99.093125,14.597336],[99.09077,14.586739],[99.092242,14.570549],[99.103133,14.566723],[99.118146,14.570844],[99.145816,14.58409],[99.162006,14.587622],[99.179079,14.5888],[99.194092,14.586739],[99.202334,14.583796]]]}},{"type":"Feature","properties":{"name":"Qiandao Lake","minZoom":5.7,"rank":7},"geometry":{"type":"Polygon","coordinates":[[[119.184065,29.536022],[119.18171,29.528074],[119.183182,29.519832],[119.186714,29.511589],[119.195545,29.49746],[119.169347,29.49952],[119.158455,29.50217],[119.153157,29.498343],[119.147858,29.490101],[119.139911,29.490689],[119.123426,29.496282],[119.11018,29.49746],[119.09399,29.484802],[119.083981,29.482153],[119.079566,29.493927],[119.073384,29.503347],[119.060138,29.504525],[119.046008,29.501287],[119.038355,29.49746],[119.027169,29.507468],[119.022459,29.516888],[119.017455,29.52513],[119.004503,29.531606],[118.989196,29.531312],[118.968296,29.514827],[118.942687,29.508057],[118.935916,29.501875],[118.930029,29.495105],[118.921787,29.490101],[118.912956,29.488335],[118.907069,29.488335],[118.900593,29.489512],[118.837304,29.49275],[118.826118,29.490101],[118.825235,29.476854],[118.830828,29.461547],[118.830828,29.450067],[118.811989,29.449184],[118.808457,29.453894],[118.803158,29.463314],[118.796093,29.472733],[118.788145,29.477149],[118.780492,29.475677],[118.761358,29.468907],[118.757237,29.466257],[118.743402,29.443886],[118.712788,29.417982],[118.682174,29.403558],[118.668045,29.415038],[118.668045,29.408268],[118.661863,29.417687],[118.651855,29.421808],[118.639492,29.422397],[118.626245,29.42122],[118.626245,29.428579],[118.646851,29.4327],[118.684235,29.42122],[118.701897,29.428579],[118.709845,29.446829],[118.699836,29.461547],[118.680408,29.471556],[118.661569,29.477149],[118.661569,29.483919],[118.67511,29.482742],[118.687179,29.480387],[118.698364,29.475971],[118.70955,29.469495],[118.71426,29.472145],[118.729861,29.483919],[118.726329,29.494516],[118.731628,29.500992],[118.757237,29.510706],[118.785202,29.528662],[118.788145,29.531606],[118.814638,29.537788],[118.861736,29.565752],[118.925025,29.582531],[118.927085,29.590773],[118.92738,29.60608],[118.925908,29.622859],[118.921787,29.634045],[118.904419,29.644348],[118.884402,29.644053],[118.840542,29.630218],[118.845252,29.641993],[118.833772,29.656711],[118.813755,29.669663],[118.771661,29.681437],[118.751056,29.697039],[118.716321,29.730302],[118.729273,29.727653],[118.746346,29.717939],[118.757237,29.715878],[118.763713,29.71941],[118.769012,29.725592],[118.77696,29.730891],[118.791383,29.730302],[118.779314,29.710285],[118.806102,29.687913],[118.847901,29.669369],[118.88087,29.661421],[118.891467,29.662304],[118.908835,29.667602],[118.918843,29.66878],[118.929735,29.66407],[118.933561,29.652884],[118.935033,29.640226],[118.93886,29.630807],[118.960643,29.621976],[118.98272,29.631396],[119.018044,29.661421],[119.000088,29.67084],[119.001854,29.680554],[119.011862,29.686736],[119.018044,29.685264],[119.023931,29.679083],[119.037766,29.674373],[119.053662,29.672607],[119.065142,29.674961],[119.05896,29.688502],[119.043653,29.71264],[119.038355,29.723532],[119.06367,29.704987],[119.074856,29.699394],[119.085748,29.702337],[119.093107,29.715878],[119.089574,29.731479],[119.071912,29.764448],[119.078683,29.779461],[119.089574,29.795062],[119.103409,29.807425],[119.11695,29.812135],[119.135789,29.810075],[119.130197,29.803304],[119.113418,29.792707],[119.099288,29.778578],[119.095756,29.746198],[119.123721,29.737367],[119.160222,29.737367],[119.18171,29.730302],[119.16817,29.72677],[119.123426,29.707047],[119.113418,29.698805],[119.065142,29.640815],[119.055428,29.635811],[119.046008,29.634339],[119.039532,29.630807],[119.038355,29.620504],[119.045125,29.609613],[119.067203,29.601959],[119.071912,29.589007],[119.078683,29.580765],[119.115478,29.60137],[119.134023,29.60608],[119.108119,29.556627],[119.108708,29.53926],[119.140794,29.538376],[119.171702,29.554272],[119.188186,29.558688],[119.195545,29.548385],[119.193485,29.544558],[119.188775,29.541026],[119.184065,29.536022]]]}},{"type":"Feature","properties":{"name":"Guanting Shuiku","minZoom":5.7,"rank":7},"geometry":{"type":"Polygon","coordinates":[[[115.796523,40.42043],[115.800644,40.411893],[115.800055,40.403651],[115.796523,40.395409],[115.796523,40.386283],[115.783571,40.375981],[115.772091,40.362145],[115.757961,40.350371],[115.722343,40.342717],[115.636094,40.311809],[115.619316,40.301506],[115.612251,40.286199],[115.60813,40.273836],[115.58723,40.237924],[115.578105,40.227915],[115.578693,40.246755],[115.570746,40.293559],[115.581343,40.303567],[115.646397,40.330943],[115.713806,40.345072],[115.731468,40.355081],[115.796523,40.42043]]]}},{"type":"Feature","properties":{"name":"Kaptai","minZoom":5.7,"rank":7},"geometry":{"type":"Polygon","coordinates":[[[92.333936,22.705891],[92.387804,22.664974],[92.368671,22.6532],[92.356896,22.649667],[92.346888,22.651433],[92.346593,22.657321],[92.336585,22.686168],[92.333936,22.688523],[92.327754,22.692056],[92.298318,22.692644],[92.288309,22.695294],[92.275652,22.703241],[92.264466,22.703536],[92.254163,22.698826],[92.24386,22.69235],[92.24386,22.684697],[92.25799,22.676454],[92.274474,22.658792],[92.298612,22.623469],[92.290959,22.624057],[92.284483,22.625529],[92.278301,22.62759],[92.272119,22.630828],[92.278006,22.64378],[92.260933,22.6532],[92.251219,22.656143],[92.237679,22.657615],[92.240328,22.645252],[92.245332,22.634655],[92.258284,22.616698],[92.253574,22.618465],[92.242388,22.621703],[92.237679,22.623469],[92.237679,22.610222],[92.225904,22.614932],[92.218839,22.611694],[92.220017,22.606101],[92.234146,22.602863],[92.240034,22.595799],[92.234146,22.579903],[92.224432,22.563418],[92.217367,22.555176],[92.230908,22.548406],[92.242388,22.550761],[92.249748,22.560475],[92.252102,22.575487],[92.258284,22.575487],[92.260933,22.553704],[92.270942,22.539575],[92.274474,22.529567],[92.258284,22.52103],[92.275357,22.518381],[92.286837,22.525446],[92.297729,22.53722],[92.312741,22.548406],[92.310387,22.543107],[92.309503,22.540458],[92.30862,22.538398],[92.305382,22.534571],[92.305382,22.528389],[92.325105,22.528095],[92.343061,22.508961],[92.360723,22.506606],[92.352481,22.499541],[92.346005,22.486295],[92.339234,22.475698],[92.329815,22.476581],[92.318334,22.48394],[92.309503,22.487767],[92.303027,22.49336],[92.298612,22.506606],[92.284777,22.500425],[92.287426,22.498658],[92.289192,22.498953],[92.29037,22.498364],[92.291842,22.493654],[92.283599,22.496892],[92.266526,22.506312],[92.258284,22.506606],[92.250925,22.502191],[92.246215,22.494832],[92.245921,22.486589],[92.252102,22.480113],[92.252102,22.473343],[92.238562,22.470399],[92.224727,22.472166],[92.217662,22.478053],[92.224727,22.486884],[92.219134,22.494537],[92.213835,22.498953],[92.207065,22.500719],[92.196762,22.500425],[92.196762,22.506606],[92.205004,22.507784],[92.217662,22.513082],[92.230025,22.51632],[92.236501,22.521324],[92.238562,22.526034],[92.234146,22.528389],[92.223549,22.530744],[92.210008,22.536043],[92.197351,22.542519],[92.189992,22.548406],[92.184987,22.561652],[92.184693,22.574899],[92.180572,22.584613],[92.165854,22.588734],[92.158789,22.595504],[92.149075,22.629945],[92.142305,22.64378],[92.151724,22.635832],[92.159083,22.626412],[92.169386,22.602863],[92.175568,22.602863],[92.178217,22.619642],[92.17233,22.646724],[92.175568,22.657615],[92.1791,22.6532],[92.189992,22.64378],[92.187931,22.655849],[92.180866,22.663208],[92.16968,22.665857],[92.155257,22.664974],[92.155257,22.684697],[92.163793,22.683225],[92.169092,22.681753],[92.172624,22.678515],[92.175568,22.671744],[92.183221,22.684991],[92.181455,22.693233],[92.172624,22.697354],[92.158789,22.698532],[92.150252,22.701475],[92.136712,22.715605],[92.127881,22.720315],[92.134062,22.720609],[92.155257,22.726496],[92.148192,22.734444],[92.145837,22.73886],[92.146426,22.742098],[92.148486,22.746807],[92.135534,22.750045],[92.123171,22.748868],[92.113163,22.75034],[92.10757,22.761231],[92.11434,22.761231],[92.11434,22.767413],[92.093735,22.767413],[92.093735,22.774772],[92.11434,22.781542],[92.11434,22.788018],[92.110808,22.794494],[92.105215,22.801265],[92.096973,22.806269],[92.086375,22.808329],[92.088436,22.813334],[92.091674,22.825108],[92.093735,22.830112],[92.086081,22.830995],[92.073129,22.835117],[92.06577,22.836294],[92.06577,22.843064],[92.076661,22.848657],[92.078722,22.856605],[92.074307,22.864847],[92.06577,22.87044],[92.06577,22.877211],[92.073129,22.877211],[92.073129,22.883981],[92.069597,22.888691],[92.061354,22.90282],[92.059588,22.908119],[92.057528,22.911651],[92.046931,22.913123],[92.041926,22.915184],[92.038394,22.920777],[92.04016,22.925192],[92.043398,22.929607],[92.045459,22.9352],[92.043693,22.950213],[92.032801,22.991424],[92.025442,23.007614],[92.030446,23.010558],[92.031624,23.014973],[92.031329,23.020566],[92.031624,23.027925],[92.036922,22.992013],[92.050169,22.944031],[92.071069,22.902232],[92.099916,22.883981],[92.087847,22.868085],[92.094323,22.857194],[92.107275,22.847186],[92.11434,22.83335],[92.118461,22.820398],[92.129058,22.807446],[92.142599,22.795966],[92.155257,22.788018],[92.140538,22.782425],[92.134062,22.781542],[92.141716,22.771534],[92.161733,22.758582],[92.169386,22.746807],[92.166737,22.743275],[92.162027,22.733267],[92.182044,22.726791],[92.198823,22.709717],[92.210891,22.687051],[92.217367,22.664974],[92.22767,22.665563],[92.237679,22.664974],[92.237679,22.678809],[92.232086,22.687051],[92.224432,22.69235],[92.217367,22.698532],[92.212952,22.706185],[92.203532,22.733267],[92.209714,22.733267],[92.219428,22.714427],[92.227082,22.705891],[92.237679,22.698532],[92.246804,22.708246],[92.255929,22.712367],[92.262405,22.717371],[92.265054,22.729734],[92.262111,22.736505],[92.247687,22.750045],[92.24386,22.761231],[92.252102,22.761231],[92.255635,22.757699],[92.257401,22.756816],[92.259756,22.756227],[92.265054,22.753872],[92.255929,22.766824],[92.253869,22.772711],[92.252102,22.781542],[92.237679,22.774478],[92.234441,22.784486],[92.234441,22.801559],[92.23032,22.815689],[92.224727,22.815689],[92.221194,22.81039],[92.217956,22.807741],[92.214424,22.80568],[92.209714,22.802148],[92.219428,22.823636],[92.224727,22.830112],[92.213835,22.833645],[92.203238,22.832762],[92.19323,22.828935],[92.182338,22.822753],[92.188225,22.830407],[92.194996,22.836],[92.202061,22.840121],[92.209714,22.843064],[92.182338,22.843064],[92.182338,22.849246],[92.200294,22.852778],[92.199411,22.862198],[92.18852,22.873973],[92.175568,22.883981],[92.181455,22.890751],[92.187048,22.902526],[92.187637,22.913417],[92.1791,22.918127],[92.173213,22.922837],[92.165854,22.945209],[92.162027,22.953157],[92.173213,22.953451],[92.178217,22.946681],[92.181749,22.937555],[92.189992,22.931962],[92.201766,22.932551],[92.202944,22.939321],[92.197645,22.947858],[92.189992,22.953157],[92.189992,22.959044],[92.203827,22.970818],[92.197351,22.981416],[92.180278,22.989658],[92.162027,22.994073],[92.162027,23.000255],[92.175568,23.000255],[92.16968,23.006436],[92.165854,23.012913],[92.165265,23.019683],[92.169386,23.027925],[92.174685,23.027042],[92.196468,23.017622],[92.196762,23.014384],[92.197645,23.01409],[92.206182,23.01409],[92.209714,23.014384],[92.210008,23.018211],[92.217367,23.041171],[92.222077,23.04176],[92.223549,23.040288],[92.223549,23.037639],[92.224727,23.03499],[92.227082,23.024393],[92.233263,23.02086],[92.242094,23.022921],[92.252102,23.027925],[92.244155,23.002904],[92.240917,22.997017],[92.232674,22.99319],[92.225021,22.993779],[92.219428,22.992601],[92.217367,22.983476],[92.220605,22.966109],[92.228848,22.962871],[92.240034,22.963754],[92.252102,22.959044],[92.237679,22.953157],[92.237679,22.945503],[92.2418,22.942265],[92.252102,22.931962],[92.234146,22.93991],[92.229142,22.935495],[92.231791,22.924015],[92.237679,22.911946],[92.24386,22.911946],[92.247098,22.914301],[92.253574,22.916067],[92.258284,22.918127],[92.252986,22.89811],[92.257695,22.881626],[92.265938,22.864553],[92.272119,22.843064],[92.272119,22.812156],[92.270647,22.804797],[92.267704,22.796555],[92.267409,22.786841],[92.272119,22.774772],[92.278006,22.774772],[92.279184,22.780954],[92.284777,22.794789],[92.298612,22.761231],[92.302144,22.770356],[92.302439,22.78007],[92.298612,22.802148],[92.305382,22.802148],[92.306854,22.786546],[92.314213,22.776244],[92.333936,22.761231],[92.333936,22.753872],[92.319217,22.748574],[92.30656,22.740037],[92.298612,22.726202],[92.298612,22.705891],[92.306854,22.710895],[92.317451,22.712955],[92.328637,22.711484],[92.333936,22.705891]]]}},{"type":"Feature","properties":{"name":"Vanderkloof Dam","minZoom":6.0,"rank":8},"geometry":{"type":"Polygon","coordinates":[[[24.97577,-30.24374],[24.978125,-30.265523],[24.970177,-30.261402],[24.963995,-30.259341],[24.956931,-30.258164],[24.946922,-30.257869],[24.944567,-30.254926],[24.937503,-30.240502],[24.933381,-30.234909],[24.920724,-30.221662],[24.913365,-30.217836],[24.905711,-30.221074],[24.89953,-30.226372],[24.891582,-30.231082],[24.884811,-30.230493],[24.881868,-30.221074],[24.881279,-30.197819],[24.877158,-30.16956],[24.865972,-30.151604],[24.844189,-30.159257],[24.827705,-30.167499],[24.828882,-30.148366],[24.835358,-30.118635],[24.834181,-30.094203],[24.822701,-30.080073],[24.813575,-30.079779],[24.802684,-30.085077],[24.786494,-30.087432],[24.773542,-30.083017],[24.764711,-30.074775],[24.752053,-30.053286],[24.770892,-30.05152],[24.786494,-30.040628],[24.795325,-30.02385],[24.793559,-30.004716],[24.78149,-29.99147],[24.762356,-29.985288],[24.74175,-29.98205],[24.724972,-29.97734],[24.758235,-29.966449],[24.788554,-29.974102],[24.813281,-29.991175],[24.830648,-30.008543],[24.858613,-30.081545],[24.869504,-30.09538],[24.890993,-30.117458],[24.893348,-30.121284],[24.896586,-30.125111],[24.902473,-30.128349],[24.893937,-30.151898],[24.900707,-30.173975],[24.91778,-30.19046],[24.940152,-30.19723],[24.956048,-30.204001],[24.968116,-30.221368],[24.97577,-30.24374]]]}},{"type":"Feature","properties":{"name":"Gariep Dam","minZoom":6.0,"rank":8},"geometry":{"type":"Polygon","coordinates":[[[25.953059,-30.545757],[25.971898,-30.545463],[25.951881,-30.571956],[25.935691,-30.574016],[25.919207,-30.56548],[25.900073,-30.559592],[25.902723,-30.604336],[25.896541,-30.627296],[25.87623,-30.621703],[25.852092,-30.659382],[25.840906,-30.664386],[25.817946,-30.651728],[25.803816,-30.659382],[25.799106,-30.66939],[25.797046,-30.693234],[25.794397,-30.703537],[25.784388,-30.720315],[25.78115,-30.719432],[25.777323,-30.710307],[25.766432,-30.703537],[25.754952,-30.702065],[25.741117,-30.70177],[25.729636,-30.707069],[25.724927,-30.721493],[25.719334,-30.722965],[25.680772,-30.71796],[25.63544,-30.722376],[25.608947,-30.720904],[25.595112,-30.710307],[25.610125,-30.707363],[25.638972,-30.693528],[25.661344,-30.688524],[25.659872,-30.683814],[25.652219,-30.679104],[25.642799,-30.677044],[25.624843,-30.678221],[25.616601,-30.680282],[25.608653,-30.683814],[25.608653,-30.639071],[25.606298,-30.629945],[25.599822,-30.628179],[25.590991,-30.629357],[25.568031,-30.627885],[25.534179,-30.631417],[25.519166,-30.628474],[25.512396,-30.624941],[25.508275,-30.621115],[25.506214,-30.614639],[25.505625,-30.60463],[25.508863,-30.593444],[25.516222,-30.591678],[25.525053,-30.593739],[25.532412,-30.594327],[25.553607,-30.590206],[25.560966,-30.585791],[25.557139,-30.577254],[25.550663,-30.56754],[25.553018,-30.559887],[25.560671,-30.555177],[25.57068,-30.553411],[25.581571,-30.55606],[25.586575,-30.561653],[25.589519,-30.568718],[25.595112,-30.574016],[25.602471,-30.576666],[25.611008,-30.57902],[25.625726,-30.580787],[25.633968,-30.578432],[25.643093,-30.569306],[25.649569,-30.566952],[25.65163,-30.561064],[25.654279,-30.559298],[25.659872,-30.563419],[25.662227,-30.56754],[25.663699,-30.573428],[25.663405,-30.578432],[25.659872,-30.580787],[25.646331,-30.586968],[25.632496,-30.601392],[25.627492,-30.615522],[25.639561,-30.621703],[25.663699,-30.623469],[25.678711,-30.63024],[25.688425,-30.642897],[25.697551,-30.663209],[25.705499,-30.657616],[25.711092,-30.655555],[25.716979,-30.657616],[25.724927,-30.663209],[25.727576,-30.65791],[25.730225,-30.65585],[25.733758,-30.654083],[25.739056,-30.649079],[25.753774,-30.660265],[25.767904,-30.638188],[25.778207,-30.602864],[25.780561,-30.574016],[25.789392,-30.580492],[25.803816,-30.595505],[25.814119,-30.601392],[25.811764,-30.607868],[25.809409,-30.621998],[25.807349,-30.628474],[25.81353,-30.627002],[25.831192,-30.62082],[25.834724,-30.618465],[25.836785,-30.609046],[25.841789,-30.608751],[25.84856,-30.610812],[25.855036,-30.608163],[25.862689,-30.595505],[25.862689,-30.586085],[25.848854,-30.559592],[25.874169,-30.538104],[25.891242,-30.527507],[25.910376,-30.525446],[25.917441,-30.530745],[25.938341,-30.553411],[25.945994,-30.548407],[25.953059,-30.545757]]]}},{"type":"Feature","properties":{"name":"Stanley","minZoom":6.0,"rank":8},"geometry":{"type":"Polygon","coordinates":[[[77.901263,11.93393],[77.908622,11.926571],[77.905972,11.92451],[77.904501,11.923921],[77.903323,11.923038],[77.901263,11.920095],[77.90244,11.910969],[77.888605,11.901255],[77.853281,11.88536],[77.847983,11.875057],[77.836208,11.860633],[77.831204,11.844738],[77.846511,11.830314],[77.834736,11.826193],[77.825905,11.820894],[77.81678,11.817067],[77.805005,11.816479],[77.79117,11.821188],[77.779101,11.836495],[77.765266,11.844443],[77.775275,11.849153],[77.793525,11.862399],[77.801767,11.865049],[77.812365,11.872113],[77.817369,11.88536],[77.813836,11.893602],[77.798529,11.88536],[77.796763,11.890364],[77.793231,11.894485],[77.791759,11.899195],[77.777335,11.888303],[77.762617,11.888892],[77.730237,11.899195],[77.735536,11.909792],[77.736713,11.919506],[77.732886,11.927454],[77.723467,11.93393],[77.707277,11.927748],[77.690792,11.933047],[77.674013,11.942172],[77.655174,11.947471],[77.659884,11.963366],[77.668715,11.97102],[77.679312,11.970431],[77.689615,11.961306],[77.692264,11.956596],[77.702861,11.954241],[77.713753,11.955418],[77.723467,11.961306],[77.734652,11.956007],[77.739951,11.95483],[77.74731,11.954535],[77.754964,11.95218],[77.757024,11.947471],[77.75673,11.942466],[77.757613,11.940112],[77.765266,11.938934],[77.773508,11.938934],[77.779985,11.94335],[77.7844,11.954535],[77.791759,11.954535],[77.793231,11.943938],[77.798529,11.936579],[77.812365,11.926571],[77.819135,11.926571],[77.829438,11.938051],[77.842978,11.935402],[77.85858,11.930103],[77.873887,11.93393],[77.879774,11.928337],[77.885367,11.926571],[77.891843,11.928631],[77.901263,11.93393]]]}},{"type":"Feature","properties":{"name":"Gandhi Sagar Dam","minZoom":6.0,"rank":8},"geometry":{"type":"Polygon","coordinates":[[[75.634953,24.637508],[75.646728,24.617786],[75.638485,24.621024],[75.628477,24.623084],[75.619057,24.622496],[75.611993,24.617786],[75.609049,24.607483],[75.614348,24.600713],[75.622001,24.595708],[75.626122,24.59041],[75.626122,24.525944],[75.622001,24.517408],[75.588444,24.477374],[75.588149,24.464716],[75.607283,24.422917],[75.611993,24.405844],[75.594036,24.416441],[75.580201,24.431159],[75.570782,24.44676],[75.564306,24.460595],[75.554003,24.455591],[75.546644,24.449704],[75.529571,24.431453],[75.526627,24.427038],[75.524861,24.422328],[75.524567,24.415852],[75.521917,24.408493],[75.515736,24.407021],[75.508671,24.40761],[75.503372,24.405844],[75.468049,24.346676],[75.451859,24.336962],[75.43714,24.33343],[75.432725,24.325188],[75.431547,24.315768],[75.427721,24.309292],[75.417418,24.306054],[75.383272,24.309292],[75.365904,24.299284],[75.373852,24.276618],[75.400345,24.241],[75.38651,24.241],[75.388276,24.237173],[75.391808,24.230697],[75.39328,24.227165],[75.3818,24.223632],[75.371792,24.225693],[75.3609,24.225398],[75.345593,24.213624],[75.338234,24.225398],[75.341472,24.233346],[75.348537,24.241],[75.352658,24.251302],[75.349714,24.261605],[75.343238,24.266904],[75.336468,24.270436],[75.332052,24.275146],[75.332936,24.284566],[75.336468,24.296046],[75.337057,24.305171],[75.328226,24.309292],[75.310269,24.310175],[75.303793,24.312236],[75.297906,24.316062],[75.303793,24.321067],[75.309975,24.324893],[75.31704,24.327543],[75.343533,24.334019],[75.37032,24.353152],[75.407998,24.363161],[75.422128,24.376702],[75.427721,24.394658],[75.42095,24.412908],[75.455685,24.42586],[75.463928,24.43528],[75.448032,24.447055],[75.463928,24.454119],[75.508082,24.482967],[75.516913,24.490915],[75.520445,24.502101],[75.528099,24.510932],[75.544289,24.522706],[75.548999,24.525355],[75.560773,24.534775],[75.568427,24.544783],[75.560773,24.549493],[75.550176,24.562151],[75.546938,24.590704],[75.549882,24.621024],[75.557241,24.638686],[75.581379,24.647811],[75.610227,24.647222],[75.634953,24.637508]]]}},{"type":"Feature","properties":{"name":"Bhumphol K. K. Nam","minZoom":6.0,"rank":8},"geometry":{"type":"Polygon","coordinates":[[[98.834967,17.357295],[98.834084,17.363182],[98.857339,17.360533],[98.862049,17.357],[98.867053,17.351113],[98.872352,17.35023],[98.877356,17.360533],[98.874412,17.362887],[98.869114,17.369952],[98.864698,17.379372],[98.864404,17.388497],[98.874412,17.402332],[98.886776,17.398506],[98.897667,17.386437],[98.90532,17.374956],[98.917389,17.329919],[98.967137,17.218943],[98.953007,17.189213],[98.948003,17.205403],[98.932696,17.210407],[98.913857,17.211879],[98.89855,17.217177],[98.908558,17.222476],[98.91268,17.223948],[98.902966,17.234545],[98.894135,17.240138],[98.887364,17.247202],[98.884715,17.261921],[98.888542,17.26928],[98.91268,17.29901],[98.91268,17.306075],[98.909736,17.308136],[98.906204,17.309902],[98.89855,17.312846],[98.897078,17.307253],[98.892957,17.297833],[98.891485,17.29224],[98.884126,17.296361],[98.874412,17.299305],[98.862932,17.300188],[98.850569,17.29901],[98.85675,17.305486],[98.856456,17.310785],[98.853218,17.316967],[98.850569,17.325798],[98.848214,17.326681],[98.843504,17.325503],[98.839089,17.325503],[98.837028,17.329624],[98.8385,17.338455],[98.84056,17.341988],[98.834967,17.357295]]]}},{"type":"Feature","properties":{"name":"Sirikit Dam","minZoom":6.0,"rank":8},"geometry":{"type":"Polygon","coordinates":[[[100.501363,17.923062],[100.500185,17.907461],[100.501363,17.89392],[100.505189,17.882146],[100.512843,17.872432],[100.524323,17.865073],[100.538158,17.862129],[100.548461,17.86625],[100.565828,17.883323],[100.568183,17.872432],[100.56259,17.836519],[100.577014,17.79001],[100.57672,17.781473],[100.483995,17.767932],[100.473398,17.76911],[100.467511,17.793248],[100.463684,17.799724],[100.478402,17.811498],[100.484584,17.817974],[100.489588,17.826217],[100.457502,17.842112],[100.425711,17.836814],[100.393037,17.824745],[100.358596,17.820918],[100.365072,17.825628],[100.396569,17.855359],[100.422768,17.871549],[100.427772,17.877436],[100.429244,17.885384],[100.42836,17.89392],[100.426006,17.902163],[100.422473,17.909522],[100.413348,17.922768],[100.41011,17.93101],[100.414525,17.933365],[100.438074,17.925417],[100.446022,17.924534],[100.463979,17.92895],[100.466333,17.935131],[100.464567,17.943079],[100.461624,17.951027],[100.461329,17.958092],[100.463684,17.963096],[100.4681,17.965156],[100.477814,17.967806],[100.483112,17.971632],[100.484878,17.97487],[100.485761,17.979286],[100.488705,17.985173],[100.499891,17.988117],[100.508133,17.991355],[100.51402,17.997831],[100.516964,18.009017],[100.516964,18.020497],[100.518142,18.025501],[100.522263,18.029033],[100.526972,18.029622],[100.53963,18.028445],[100.545223,18.028739],[100.549933,18.030505],[100.563768,18.040514],[100.57201,18.04905],[100.576426,18.051111],[100.584962,18.050816],[100.613221,18.039631],[100.619108,18.038747],[100.55582,18.001363],[100.537864,17.984584],[100.533743,17.978108],[100.532271,17.965745],[100.529916,17.958975],[100.524912,17.953382],[100.512254,17.944257],[100.506956,17.938075],[100.503423,17.930716],[100.501363,17.923062]]]}},{"type":"Feature","properties":{"name":"Senanayaka Samudra","minZoom":7.0,"rank":9},"geometry":{"type":"Polygon","coordinates":[[[81.537248,7.2191],[81.546668,7.214979],[81.545196,7.20497],[81.530183,7.175828],[81.527829,7.172296],[81.526945,7.169058],[81.526651,7.160816],[81.525179,7.155517],[81.518998,7.138149],[81.516348,7.132851],[81.50634,7.127847],[81.503691,7.137561],[81.506046,7.174062],[81.504279,7.181715],[81.498098,7.181421],[81.485735,7.170824],[81.480142,7.159932],[81.473666,7.129907],[81.468073,7.119605],[81.44835,7.115189],[81.433926,7.114012],[81.424212,7.116072],[81.435398,7.125197],[81.458947,7.15169],[81.468073,7.156989],[81.471605,7.164642],[81.468661,7.180538],[81.457476,7.194962],[81.437753,7.1982],[81.428333,7.193784],[81.408317,7.180244],[81.39978,7.177594],[81.388889,7.180832],[81.382707,7.187897],[81.38153,7.194962],[81.385945,7.1982],[81.405962,7.200849],[81.437459,7.211446],[81.458359,7.211741],[81.449822,7.225281],[81.446878,7.239116],[81.451294,7.25148],[81.464246,7.260605],[81.464246,7.246475],[81.471605,7.228814],[81.489856,7.220866],[81.537248,7.2191]]]}},{"type":"Feature","properties":{"name":"Beidagang","minZoom":7.0,"rank":9},"geometry":{"type":"Polygon","coordinates":[[[117.413759,38.760216],[117.427594,38.754917],[117.393743,38.714001],[117.389916,38.70723],[117.32545,38.68633],[117.329277,38.739905],[117.33222,38.754917],[117.34635,38.749324],[117.356064,38.752562],[117.364601,38.759038],[117.376375,38.762571],[117.401985,38.762276],[117.413759,38.760216]]]}},{"type":"Feature","properties":{"name":"Supung Lake","minZoom":7.0,"rank":9},"geometry":{"type":"Polygon","coordinates":[[[125.342457,40.6727],[125.363357,40.673583],[125.358647,40.668284],[125.353937,40.665046],[125.349522,40.660631],[125.342163,40.654155],[125.331566,40.636493],[125.325384,40.632666],[125.314492,40.635904],[125.306545,40.642086],[125.298597,40.645324],[125.287705,40.639436],[125.300069,40.636198],[125.305662,40.631783],[125.305662,40.625896],[125.301246,40.619125],[125.296536,40.618831],[125.268866,40.607056],[125.2671,40.60529],[125.2253,40.59852],[125.214114,40.594104],[125.19086,40.580858],[125.164367,40.574088],[125.119035,40.55466],[125.109909,40.547006],[125.098724,40.541708],[125.027487,40.522868],[125.027487,40.515215],[125.041323,40.516098],[125.047504,40.511682],[125.050448,40.504029],[125.055452,40.496081],[125.07017,40.485778],[125.071348,40.480774],[125.061634,40.474298],[125.064577,40.451632],[125.033669,40.446628],[124.959195,40.453987],[124.970381,40.465762],[124.987748,40.469588],[125.027487,40.468117],[125.01689,40.474593],[124.985982,40.486367],[124.9798,40.492254],[124.976268,40.499025],[124.957429,40.524046],[124.911508,40.550833],[124.915335,40.554365],[124.925049,40.559075],[124.934468,40.566434],[124.938295,40.578209],[124.949775,40.57291],[124.955957,40.564374],[124.965965,40.543179],[124.973619,40.537881],[124.981567,40.535232],[124.988926,40.529933],[124.993341,40.515215],[125.002172,40.526989],[125.010414,40.535232],[125.01689,40.544062],[125.021306,40.557014],[125.029548,40.551716],[125.038085,40.550244],[125.046621,40.55201],[125.055452,40.557014],[125.051037,40.564962],[125.050153,40.5682],[125.055452,40.578209],[125.07282,40.567023],[125.09578,40.567317],[125.115208,40.577326],[125.123745,40.595282],[125.13493,40.599403],[125.204989,40.612355],[125.236486,40.614121],[125.246494,40.619125],[125.253559,40.628251],[125.257091,40.639436],[125.262979,40.64915],[125.277403,40.653272],[125.299774,40.657098],[125.342457,40.6727]]]}},{"type":"Feature","properties":{"name":"Kumpupintil","minZoom":3.0,"rank":3},"geometry":{"type":"Polygon","coordinates":[[[122.800328,-23.693255],[122.795619,-23.694138],[122.784138,-23.669117],[122.735863,-23.633793],[122.716435,-23.613777],[122.709664,-23.596703],[122.704954,-23.578747],[122.698184,-23.562263],[122.685232,-23.548722],[122.658445,-23.535476],[122.64461,-23.531355],[122.631952,-23.531355],[122.61694,-23.534004],[122.605459,-23.533709],[122.597806,-23.526939],[122.594274,-23.510455],[122.595157,-23.497503],[122.606637,-23.460707],[122.611347,-23.426267],[122.617234,-23.411254],[122.631069,-23.400951],[122.638428,-23.399479],[122.643727,-23.399479],[122.648731,-23.398008],[122.655501,-23.392709],[122.659622,-23.385939],[122.665804,-23.370337],[122.669631,-23.363861],[122.680817,-23.355619],[122.69318,-23.349143],[122.7026,-23.340901],[122.70466,-23.326771],[122.702011,-23.320295],[122.692886,-23.30911],[122.691119,-23.303222],[122.693769,-23.296452],[122.69995,-23.291153],[122.713491,-23.282322],[122.705838,-23.264661],[122.704366,-23.254947],[122.707309,-23.247293],[122.714963,-23.244644],[122.723499,-23.247882],[122.786493,-23.279379],[122.801506,-23.282617],[122.812397,-23.280851],[122.821817,-23.275552],[122.830942,-23.268782],[122.840951,-23.263483],[122.853608,-23.259362],[122.878924,-23.256124],[122.89217,-23.256124],[122.917191,-23.261128],[122.935442,-23.27408],[122.946627,-23.293803],[122.949571,-23.347966],[122.948688,-23.360623],[122.94545,-23.374164],[122.940446,-23.38535],[122.941329,-23.389471],[122.946039,-23.397125],[122.950749,-23.403306],[122.95487,-23.407133],[122.957813,-23.411843],[122.958108,-23.419791],[122.955753,-23.425678],[122.943978,-23.445695],[122.941623,-23.453642],[122.941035,-23.459824],[122.948688,-23.507217],[122.949277,-23.559614],[122.946922,-23.573743],[122.939563,-23.584929],[122.911304,-23.603179],[122.906005,-23.608184],[122.902473,-23.61466],[122.902473,-23.622313],[122.907477,-23.635854],[122.907477,-23.642035],[122.900707,-23.649689],[122.887755,-23.657931],[122.850665,-23.675299],[122.800328,-23.693255]]]}},{"type":"Feature","properties":{"name":"Mackay","minZoom":3.0,"rank":3},"geometry":{"type":"Polygon","coordinates":[[[128.672598,-22.658859],[128.624911,-22.641786],[128.453886,-22.622652],[128.376468,-22.604108],[128.315535,-22.573494],[128.327604,-22.550533],[128.331725,-22.529633],[128.32937,-22.508145],[128.31318,-22.457809],[128.309942,-22.43161],[128.318478,-22.409238],[128.346149,-22.395109],[128.363222,-22.399819],[128.369403,-22.443385],[128.390303,-22.461635],[128.416796,-22.462813],[128.439168,-22.450155],[128.455063,-22.42955],[128.462128,-22.406884],[128.461834,-22.395992],[128.458007,-22.376564],[128.459184,-22.364201],[128.471842,-22.345067],[128.496274,-22.325639],[128.52365,-22.314159],[128.564272,-22.326228],[128.589293,-22.323579],[128.702035,-22.293259],[128.886601,-22.147549],[128.930167,-22.092503],[128.936937,-22.035102],[129.037021,-22.00125],[129.063808,-21.982705],[129.09295,-22.000367],[129.105902,-22.006254],[129.125036,-22.009492],[129.167425,-22.010964],[129.188324,-22.013907],[129.207164,-22.02215],[129.223942,-22.048348],[129.198038,-22.066304],[129.120621,-22.084555],[129.11856,-22.12135],[129.112378,-22.135185],[129.097955,-22.15167],[129.048207,-22.184933],[129.036433,-22.196708],[129.03084,-22.212015],[129.035549,-22.222317],[129.045263,-22.232914],[129.055566,-22.248516],[129.062337,-22.272654],[129.064986,-22.294142],[129.071756,-22.313276],[129.090007,-22.32976],[129.115028,-22.336825],[129.169191,-22.335942],[129.194506,-22.340357],[129.218644,-22.353309],[129.231596,-22.36214],[129.239249,-22.370088],[129.246608,-22.386867],[129.243076,-22.39246],[129.233656,-22.394226],[129.222176,-22.399524],[129.197155,-22.419247],[129.1948,-22.42484],[129.195389,-22.431316],[129.194506,-22.437497],[129.187441,-22.441913],[129.175961,-22.438969],[129.150057,-22.418069],[129.137694,-22.411888],[129.114733,-22.41542],[129.100604,-22.432493],[129.094422,-22.456631],[129.095305,-22.481358],[129.107374,-22.521097],[129.102959,-22.538759],[129.078527,-22.554066],[129.052034,-22.559953],[128.997871,-22.564368],[128.971084,-22.573199],[128.949006,-22.587034],[128.930461,-22.603224],[128.916038,-22.622358],[128.906029,-22.64473],[128.898376,-22.669456],[128.891017,-22.682703],[128.878359,-22.687118],[128.748544,-22.672694],[128.672598,-22.658859]]]}},{"type":"Feature","properties":{"name":"Barlee","minZoom":4.7,"rank":5},"geometry":{"type":"Polygon","coordinates":[[[119.807823,-29.452783],[119.803702,-29.471623],[119.800758,-29.53079],[119.791927,-29.561404],[119.784274,-29.577299],[119.774854,-29.587308],[119.766317,-29.589663],[119.753954,-29.590251],[119.743946,-29.586719],[119.73276,-29.547274],[119.698025,-29.542859],[119.625317,-29.553161],[119.63768,-29.538443],[119.654165,-29.523725],[119.67271,-29.511067],[119.690666,-29.502531],[119.725106,-29.494583],[119.740708,-29.487813],[119.752188,-29.473683],[119.753365,-29.46338],[119.748656,-29.431295],[119.745123,-29.420992],[119.727461,-29.406274],[119.702735,-29.400387],[119.653282,-29.397149],[119.633265,-29.392144],[119.615014,-29.38243],[119.605006,-29.367712],[119.608833,-29.347401],[119.616192,-29.340042],[119.624728,-29.33857],[119.633854,-29.337687],[119.642684,-29.333271],[119.648277,-29.324735],[119.649455,-29.315904],[119.64916,-29.306779],[119.650927,-29.29677],[119.678597,-29.247023],[119.680952,-29.229067],[119.654459,-29.191388],[119.604123,-29.180202],[119.55673,-29.195803],[119.538774,-29.237014],[119.544367,-29.277342],[119.549371,-29.297359],[119.555847,-29.305896],[119.554375,-29.315904],[119.531709,-29.380958],[119.532298,-29.428645],[119.528471,-29.453078],[119.514636,-29.46338],[119.498446,-29.470445],[119.500507,-29.486341],[119.509043,-29.504591],[119.511398,-29.518721],[119.49874,-29.530495],[119.455763,-29.546391],[119.438985,-29.556694],[119.419556,-29.564642],[119.396007,-29.559049],[119.375991,-29.544331],[119.36716,-29.525491],[119.372164,-29.508418],[119.396007,-29.477804],[119.4016,-29.460142],[119.39954,-29.426291],[119.401306,-29.410984],[119.407488,-29.391556],[119.434569,-29.330917],[119.453114,-29.221413],[119.449287,-29.175198],[119.428682,-29.141346],[119.402483,-29.131632],[119.377462,-29.138402],[119.359212,-29.156653],[119.35303,-29.182263],[119.354208,-29.210227],[119.350675,-29.23201],[119.338018,-29.251438],[119.205554,-29.345635],[119.180827,-29.352111],[119.17494,-29.329445],[119.17965,-29.291177],[119.196428,-29.227889],[119.200844,-29.22053],[119.211441,-29.209344],[119.21674,-29.202574],[119.219095,-29.16254],[119.172291,-29.15783],[119.113712,-29.159302],[119.081038,-29.137225],[119.144915,-29.099841],[119.177589,-29.091599],[119.251475,-29.096603],[119.275318,-29.090127],[119.294157,-29.073642],[119.347732,-29.001817],[119.370692,-28.983567],[119.391298,-28.987394],[119.396302,-28.996813],[119.405133,-29.020657],[119.411609,-29.025367],[119.423089,-29.02625],[119.484022,-29.053626],[119.526411,-29.065989],[119.571448,-29.07011],[119.613248,-29.059513],[119.631204,-29.04715],[119.687428,-28.994458],[119.695964,-28.982095],[119.721574,-28.907327],[119.730994,-28.88937],[119.743063,-28.87789],[119.761019,-28.872886],[119.768378,-28.880834],[119.772793,-28.894669],[119.781624,-28.909093],[119.811649,-28.91969],[119.841969,-28.908504],[119.872289,-28.889959],[119.901725,-28.878185],[119.944702,-28.876713],[119.975022,-28.885838],[119.990917,-28.909387],[119.986796,-29.027133],[119.97561,-29.043912],[119.952944,-28.992398],[119.93646,-28.938824],[119.917032,-28.926755],[119.889656,-28.932348],[119.836376,-28.959723],[119.788395,-29.001523],[119.776326,-29.017713],[119.767201,-29.033903],[119.75572,-29.048621],[119.736587,-29.059513],[119.694198,-29.072465],[119.680363,-29.085417],[119.675359,-29.111027],[119.678303,-29.13487],[119.68625,-29.155476],[119.697436,-29.173432],[119.723929,-29.206695],[119.736881,-29.227595],[119.746595,-29.252616],[119.750422,-29.282052],[119.750716,-29.31296],[119.755132,-29.341808],[119.766612,-29.366535],[119.789278,-29.383902],[119.814004,-29.395677],[119.82519,-29.40333],[119.826368,-29.411572],[119.82048,-29.423347],[119.807823,-29.452783]]]}},{"type":"Feature","properties":{"name":"Amadeus","minZoom":5.7,"rank":7},"geometry":{"type":"Polygon","coordinates":[[[131.394878,-24.932233],[131.427552,-24.950778],[131.431379,-24.975505],[131.402237,-24.979626],[131.183524,-24.961964],[131.164391,-24.957549],[131.147023,-24.946952],[131.12318,-24.927524],[131.094921,-24.911922],[131.077553,-24.917221],[131.061952,-24.934],[131.03752,-24.951367],[131.01191,-24.924874],[130.968933,-24.867473],[130.938908,-24.842452],[130.786722,-24.762385],[130.662206,-24.67437],[130.637479,-24.663773],[130.526798,-24.629921],[130.416117,-24.575758],[130.385503,-24.554859],[130.372846,-24.533076],[130.385209,-24.512176],[130.41229,-24.513353],[130.501483,-24.556036],[130.536806,-24.568399],[130.574485,-24.574875],[130.619817,-24.576936],[130.667798,-24.586061],[130.75758,-24.630805],[130.804089,-24.646995],[130.836469,-24.649349],[130.900346,-24.643462],[130.932137,-24.644345],[130.932726,-24.659358],[130.918008,-24.68173],[130.915653,-24.696153],[130.927133,-24.715287],[130.950388,-24.734421],[131.096393,-24.818315],[131.086384,-24.838331],[131.096981,-24.850695],[131.138781,-24.863352],[131.249756,-24.913394],[131.394878,-24.932233]]]}},{"type":"Feature","properties":{"name":"Carnegie","minZoom":5.7,"rank":7},"geometry":{"type":"Polygon","coordinates":[[[123.183885,-26.541522],[123.199486,-26.552414],[123.207728,-26.566249],[123.200075,-26.580673],[123.17682,-26.582439],[123.150033,-26.576846],[123.131488,-26.569781],[123.120891,-26.563011],[123.112354,-26.559184],[123.10264,-26.557123],[123.089394,-26.556829],[123.079386,-26.558301],[123.075265,-26.557712],[123.069966,-26.554474],[123.064667,-26.547409],[123.062607,-26.539167],[123.060546,-26.521505],[123.049655,-26.495013],[123.042885,-26.469403],[123.037586,-26.45704],[123.029344,-26.447326],[123.004323,-26.429958],[122.995198,-26.421716],[122.989899,-26.411413],[122.989016,-26.396989],[122.999319,-26.365198],[123.000496,-26.349891],[122.990193,-26.337233],[122.974298,-26.333407],[122.944567,-26.341943],[122.930732,-26.342238],[122.92249,-26.333995],[122.925139,-26.321043],[122.938091,-26.293668],[122.940446,-26.285131],[122.94074,-26.28101],[122.938091,-26.277183],[122.908066,-26.248041],[122.883339,-26.233029],[122.853314,-26.222137],[122.822111,-26.215367],[122.792969,-26.213012],[122.725854,-26.221843],[122.682877,-26.235678],[122.668748,-26.233912],[122.657268,-26.226847],[122.64932,-26.219782],[122.639606,-26.216544],[122.62371,-26.221254],[122.616057,-26.225669],[122.613407,-26.22979],[122.611641,-26.24392],[122.595451,-26.269824],[122.566603,-26.282482],[122.534223,-26.28101],[122.507142,-26.265114],[122.51244,-26.247747],[122.505964,-26.2345],[122.492129,-26.225964],[122.474467,-26.22302],[122.45033,-26.225964],[122.432962,-26.233912],[122.402348,-26.257166],[122.386453,-26.266292],[122.36673,-26.272473],[122.350834,-26.269235],[122.347008,-26.250396],[122.353484,-26.23715],[122.37615,-26.214778],[122.382626,-26.201826],[122.378505,-26.175922],[122.360843,-26.155905],[122.335528,-26.143542],[122.309329,-26.141187],[122.294022,-26.146485],[122.285486,-26.155022],[122.27901,-26.165325],[122.269884,-26.176216],[122.251045,-26.185047],[122.227496,-26.18593],[122.203947,-26.181809],[122.184224,-26.174744],[122.165679,-26.163853],[122.150078,-26.15149],[122.133005,-26.141776],[122.110928,-26.138243],[122.095326,-26.137949],[122.089145,-26.134711],[122.089733,-26.127057],[122.095621,-26.114105],[122.105335,-26.097915],[122.118287,-26.08408],[122.148312,-26.060531],[122.184224,-26.041692],[122.190995,-26.031978],[122.190995,-26.022264],[122.186579,-26.014905],[122.173039,-26.00107],[122.165974,-25.989884],[122.163913,-25.980464],[122.167446,-25.972516],[122.17716,-25.96604],[122.199237,-25.957798],[122.202769,-25.950733],[122.199826,-25.935132],[122.218665,-25.932777],[122.242803,-25.940431],[122.263703,-25.955149],[122.271356,-25.972222],[122.266352,-25.980464],[122.247513,-25.994594],[122.242508,-26.002836],[122.25811,-26.024913],[122.295788,-26.045813],[122.336705,-26.053761],[122.361432,-26.037276],[122.360843,-26.025796],[122.347302,-26.006662],[122.347891,-25.995771],[122.353778,-25.991356],[122.36467,-25.988412],[122.376444,-25.988412],[122.385864,-25.992827],[122.411768,-26.009312],[122.425897,-26.001658],[122.437966,-25.988412],[122.4571,-25.989589],[122.462987,-26.001658],[122.440321,-26.037276],[122.436789,-26.057882],[122.458866,-26.087318],[122.46652,-26.108218],[122.4571,-26.133533],[122.467991,-26.154139],[122.483593,-26.16297],[122.502432,-26.159732],[122.522449,-26.143542],[122.537756,-26.134417],[122.577789,-26.122936],[122.594862,-26.112928],[122.599867,-26.106452],[122.608697,-26.090851],[122.614879,-26.085846],[122.626359,-26.08408],[122.634896,-26.08879],[122.640489,-26.097915],[122.642255,-26.109101],[122.6399,-26.116755],[122.632835,-26.133828],[122.633718,-26.141187],[122.641666,-26.146191],[122.654618,-26.148252],[122.678756,-26.147369],[122.703188,-26.141776],[122.710842,-26.140893],[122.726443,-26.144131],[122.753819,-26.157966],[122.769126,-26.160909],[122.810337,-26.152078],[122.824172,-26.152667],[122.827704,-26.154728],[122.833003,-26.160321],[122.836535,-26.162675],[122.878041,-26.172684],[122.890698,-26.177688],[122.902767,-26.184458],[122.91307,-26.193878],[122.943978,-26.238916],[122.958108,-26.249513],[122.97783,-26.253928],[122.988722,-26.246569],[122.98931,-26.230379],[122.97783,-26.208596],[123.00079,-26.21154],[123.017864,-26.219488],[123.090866,-26.273651],[123.098225,-26.286308],[123.097636,-26.293668],[123.093221,-26.307503],[123.092926,-26.314862],[123.095281,-26.320749],[123.102935,-26.330169],[123.10529,-26.335762],[123.10529,-26.350774],[123.10058,-26.367847],[123.093221,-26.384332],[123.084684,-26.396695],[123.077325,-26.41524],[123.077325,-26.439378],[123.081741,-26.463516],[123.087922,-26.482944],[123.094398,-26.494424],[123.102935,-26.503549],[123.113238,-26.511497],[123.125012,-26.517679],[123.183885,-26.541522]]]}},{"type":"Feature","properties":{"name":"Moore","minZoom":5.7,"rank":7},"geometry":{"type":"Polygon","coordinates":[[[117.444079,-30.324101],[117.445845,-30.304084],[117.452615,-30.283479],[117.456148,-30.264345],[117.45026,-30.246095],[117.425828,-30.215481],[117.420235,-30.195464],[117.424651,-30.169266],[117.458797,-30.0839],[117.461741,-30.070359],[117.45497,-29.985877],[117.451732,-29.972336],[117.424651,-29.909342],[117.420235,-29.884321],[117.419941,-29.838106],[117.427594,-29.79248],[117.46439,-29.717711],[117.468511,-29.68592],[117.479403,-29.648535],[117.499419,-29.615861],[117.512371,-29.582892],[117.500597,-29.544919],[117.49,-29.533733],[117.454382,-29.514305],[117.445256,-29.503414],[117.431716,-29.482514],[117.422885,-29.462203],[117.427006,-29.452783],[117.495004,-29.46338],[117.555054,-29.483692],[117.615104,-29.491345],[117.681631,-29.46338],[117.699293,-29.434533],[117.706652,-29.397443],[117.718721,-29.36624],[117.749923,-29.354171],[117.791134,-29.372422],[117.782009,-29.408923],[117.722547,-29.484575],[117.702531,-29.52608],[117.683691,-29.552573],[117.67957,-29.561109],[117.680748,-29.58142],[117.701942,-29.615861],[117.709007,-29.634995],[117.705474,-29.661782],[117.690756,-29.674734],[117.669562,-29.676794],[117.647484,-29.66973],[117.60804,-29.647652],[117.57566,-29.634406],[117.551816,-29.644414],[117.537981,-29.691513],[117.538864,-29.70682],[117.546223,-29.736256],[117.544751,-29.751563],[117.528561,-29.773051],[117.505012,-29.798072],[117.491766,-29.824271],[117.505895,-29.850175],[117.540336,-29.855179],[117.578898,-29.841638],[117.616282,-29.835162],[117.647484,-29.860772],[117.652489,-29.878728],[117.652194,-29.899334],[117.647779,-29.917584],[117.640125,-29.929653],[117.611866,-29.941133],[117.542396,-29.956735],[117.525323,-29.976751],[117.526795,-29.98676],[117.532388,-29.99618],[117.539453,-30.005305],[117.544457,-30.01443],[117.547106,-30.02591],[117.547989,-30.03739],[117.542985,-30.102151],[117.546812,-30.171326],[117.537687,-30.254631],[117.529444,-30.283773],[117.508839,-30.312621],[117.482052,-30.333521],[117.45497,-30.340586],[117.444079,-30.324101]]]}},{"type":"Feature","properties":{"name":"Carey","minZoom":5.7,"rank":7},"geometry":{"type":"Polygon","coordinates":[[[122.674341,-29.355938],[122.755291,-29.374777],[122.793264,-29.398032],[122.764122,-29.410689],[122.728504,-29.411278],[122.693474,-29.401564],[122.666687,-29.384491],[122.6399,-29.374188],[122.612524,-29.38037],[122.584854,-29.381547],[122.557772,-29.357409],[122.534223,-29.320614],[122.519505,-29.307073],[122.479472,-29.282935],[122.448563,-29.254971],[122.42943,-29.24143],[122.33229,-29.206989],[122.314628,-29.19757],[122.299321,-29.187267],[122.271945,-29.161068],[122.196293,-29.04921],[122.162736,-29.014475],[122.149784,-28.995047],[122.147429,-28.968849],[122.19335,-28.956191],[122.218665,-28.954719],[122.223669,-28.947949],[122.218076,-28.928521],[122.184813,-28.904677],[122.14478,-28.9244],[122.107101,-28.950009],[122.080903,-28.943533],[122.076781,-28.928226],[122.077959,-28.912331],[122.084729,-28.899967],[122.097976,-28.894963],[122.117109,-28.892314],[122.120642,-28.884366],[122.118876,-28.871414],[122.122114,-28.854047],[122.134771,-28.841095],[122.152433,-28.83874],[122.171567,-28.839623],[122.18864,-28.837268],[122.199826,-28.830203],[122.207185,-28.82255],[122.215721,-28.816957],[122.230734,-28.815779],[122.258404,-28.825199],[122.310507,-28.860228],[122.338177,-28.867587],[122.362315,-28.881423],[122.375855,-28.913508],[122.385864,-29.019774],[122.404409,-29.092187],[122.42678,-29.150471],[122.441204,-29.173432],[122.458572,-29.194037],[122.477411,-29.211993],[122.535106,-29.247317],[122.551591,-29.262624],[122.582205,-29.297948],[122.599867,-29.307956],[122.626654,-29.316198],[122.632835,-29.325618],[122.639311,-29.333566],[122.674341,-29.355938]]]}},{"type":"Feature","properties":{"name":"","minZoom":6.0,"rank":8},"geometry":{"type":"Polygon","coordinates":[[[129.05851,-23.406544],[129.053506,-23.434214],[129.033783,-23.463945],[129.025247,-23.498974],[129.033195,-23.515459],[129.058804,-23.541363],[129.062631,-23.558436],[129.004052,-23.564618],[128.828906,-23.500741],[128.782396,-23.492204],[128.767089,-23.485728],[128.735298,-23.46159],[128.719108,-23.452465],[128.697619,-23.449227],[128.689083,-23.450699],[128.671715,-23.45688],[128.663179,-23.457175],[128.654937,-23.454526],[128.650521,-23.45011],[128.6464,-23.445695],[128.641101,-23.442162],[128.599302,-23.428327],[128.586938,-23.421851],[128.603717,-23.40625],[128.632859,-23.400363],[129.000226,-23.371515],[129.023186,-23.377696],[129.05851,-23.406544]]]}},{"type":"Feature","properties":{"name":"Neale","minZoom":6.0,"rank":8},"geometry":{"type":"Polygon","coordinates":[[[130.076715,-24.351159],[130.093494,-24.353514],[130.110862,-24.353808],[130.128818,-24.356457],[130.150012,-24.366171],[130.237733,-24.427105],[130.248918,-24.447416],[130.241559,-24.460662],[130.210651,-24.459485],[130.141181,-24.433286],[130.115866,-24.427988],[130.060231,-24.42475],[130.039037,-24.415919],[129.992527,-24.361461],[129.965446,-24.338795],[129.934832,-24.321428],[129.897742,-24.306415],[129.792065,-24.27639],[129.762923,-24.259023],[129.771165,-24.238417],[129.769694,-24.196912],[129.775581,-24.184549],[129.867422,-24.184549],[129.884201,-24.194851],[129.905984,-24.227526],[129.922174,-24.241655],[130.037271,-24.261672],[130.057582,-24.26962],[130.054344,-24.279628],[130.044924,-24.289637],[130.03521,-24.298173],[130.030206,-24.303766],[130.032266,-24.317895],[130.03992,-24.327021],[130.06082,-24.341445],[130.076715,-24.351159]]]}},{"type":"Feature","properties":{"name":"Wells","minZoom":6.0,"rank":8},"geometry":{"type":"Polygon","coordinates":[[[123.40142,-27.173228],[123.39465,-27.182647],[123.388174,-27.209729],[123.379048,-27.222386],[123.368746,-27.222681],[123.358737,-27.21385],[123.351084,-27.198543],[123.349906,-27.192361],[123.350201,-27.173816],[123.344019,-27.142908],[123.344902,-27.13496],[123.351672,-27.128779],[123.369923,-27.121714],[123.376105,-27.11406],[123.376399,-27.102874],[123.371101,-27.093455],[123.356971,-27.07697],[123.351672,-27.067256],[123.341664,-27.037231],[123.331656,-27.023396],[123.318409,-27.011916],[123.268073,-26.978653],[123.264541,-26.967173],[123.27396,-26.955692],[123.301925,-26.931555],[123.310756,-26.922135],[123.317821,-26.911538],[123.32253,-26.899469],[123.328123,-26.870621],[123.328418,-26.85502],[123.325768,-26.842362],[123.322236,-26.837652],[123.307812,-26.823817],[123.303985,-26.817341],[123.300747,-26.800268],[123.28809,-26.782018],[123.269545,-26.777013],[123.226862,-26.77878],[123.215676,-26.775836],[123.208317,-26.771126],[123.193305,-26.757585],[123.180058,-26.748754],[123.164163,-26.74169],[123.147678,-26.73698],[123.131782,-26.735508],[123.067905,-26.738746],[123.05407,-26.741395],[123.041118,-26.746694],[123.028755,-26.755819],[123.019041,-26.764944],[123.00815,-26.772892],[122.999907,-26.773481],[122.997847,-26.759352],[123.009916,-26.718729],[123.010504,-26.703422],[123.006972,-26.689882],[123.000202,-26.680168],[122.990782,-26.672809],[122.978124,-26.665744],[122.978124,-26.661328],[123.000496,-26.653086],[123.026989,-26.651909],[123.107939,-26.658385],[123.122657,-26.656618],[123.132666,-26.648671],[123.135315,-26.640428],[123.136492,-26.631892],[123.138847,-26.623944],[123.144735,-26.617174],[123.155037,-26.614524],[123.164751,-26.618057],[123.194776,-26.645138],[123.207728,-26.654264],[123.252766,-26.675752],[123.289562,-26.708427],[123.309578,-26.719024],[123.324297,-26.729621],[123.331361,-26.736391],[123.335482,-26.743162],[123.337543,-26.755819],[123.337249,-26.780546],[123.339898,-26.793498],[123.347846,-26.814398],[123.359032,-26.83412],[123.36433,-26.839713],[123.369334,-26.843834],[123.373455,-26.849427],[123.374633,-26.858258],[123.371395,-26.87121],[123.367274,-26.881807],[123.366979,-26.892404],[123.375222,-26.904179],[123.387585,-26.91036],[123.402303,-26.912421],[123.432034,-26.91301],[123.446752,-26.91507],[123.459998,-26.919191],[123.465886,-26.926256],[123.457055,-26.936559],[123.443808,-26.942152],[123.413783,-26.946273],[123.400243,-26.951571],[123.38523,-26.970999],[123.385524,-26.99396],[123.396121,-27.041058],[123.399359,-27.049595],[123.43174,-27.094338],[123.449401,-27.110234],[123.455877,-27.11877],[123.459704,-27.131133],[123.458232,-27.171756],[123.453522,-27.183236],[123.441748,-27.180292],[123.428207,-27.172344],[123.417316,-27.168223],[123.40142,-27.173228]]]}},{"type":"Feature","properties":{"name":"Ballard","minZoom":6.0,"rank":8},"geometry":{"type":"Polygon","coordinates":[[[121.112739,-29.563759],[121.067112,-29.537855],[121.042092,-29.532556],[121.01972,-29.535205],[120.999997,-29.540504],[120.944068,-29.566997],[120.934943,-29.569057],[120.926406,-29.565525],[120.919047,-29.554928],[120.92258,-29.54698],[120.930822,-29.540209],[120.937004,-29.532556],[120.93406,-29.499293],[120.905212,-29.48428],[120.866356,-29.481337],[120.794531,-29.48693],[120.653825,-29.45661],[120.608493,-29.439537],[120.587005,-29.436299],[120.561984,-29.429234],[120.562572,-29.413044],[120.57523,-29.394499],[120.587005,-29.380958],[120.607316,-29.34799],[120.616147,-29.340042],[120.628216,-29.334155],[120.635869,-29.335038],[120.643228,-29.33857],[120.655591,-29.340336],[120.668838,-29.33857],[120.695331,-29.331211],[120.709754,-29.330328],[120.743018,-29.339453],[120.80454,-29.372716],[120.840452,-29.380958],[120.876953,-29.379781],[120.888728,-29.380958],[120.899325,-29.38508],[120.918164,-29.397443],[120.927878,-29.402741],[120.936709,-29.404508],[120.95702,-29.405685],[120.964674,-29.408334],[120.971444,-29.415105],[120.974093,-29.421581],[120.975565,-29.428351],[120.979098,-29.43571],[121.001469,-29.456316],[121.034438,-29.472211],[121.143942,-29.499882],[121.186624,-29.50518],[121.202226,-29.510773],[121.19575,-29.524019],[121.169257,-29.546097],[121.135111,-29.566702],[121.112739,-29.563759]]]}},{"type":"Feature","properties":{"name":"Goongarrie","minZoom":6.0,"rank":8},"geometry":{"type":"Polygon","coordinates":[[[121.430947,-29.748914],[121.416817,-29.728897],[121.397683,-29.707997],[121.388264,-29.68592],[121.38326,-29.663548],[121.360594,-29.623515],[121.356178,-29.602026],[121.360888,-29.583775],[121.371779,-29.582892],[121.402099,-29.59761],[121.417406,-29.58407],[121.428592,-29.590546],[121.436539,-29.606736],[121.441838,-29.622926],[121.454496,-29.647947],[121.472158,-29.665609],[121.495118,-29.676206],[121.523671,-29.680916],[121.533385,-29.661487],[121.555168,-29.660899],[121.57754,-29.673556],[121.587548,-29.692984],[121.594024,-29.715356],[121.622578,-29.736256],[121.629348,-29.761571],[121.624344,-29.77835],[121.612569,-29.784826],[121.557229,-29.78777],[121.538095,-29.793068],[121.520139,-29.802488],[121.501005,-29.817206],[121.486876,-29.83163],[121.482755,-29.842227],[121.481577,-29.872841],[121.467448,-29.898745],[121.440366,-29.919645],[121.408575,-29.931125],[121.379727,-29.929653],[121.393562,-29.910814],[121.401216,-29.893741],[121.404159,-29.875785],[121.405926,-29.80867],[121.412107,-29.78777],[121.426237,-29.768342],[121.430947,-29.748914]]]}},{"type":"Feature","properties":{"name":"","minZoom":6.0,"rank":8},"geometry":{"type":"Polygon","coordinates":[[[130.947739,-29.330622],[130.97747,-29.323852],[131.008378,-29.326207],[131.037814,-29.336215],[131.051944,-29.34328],[131.065484,-29.352405],[131.077553,-29.363002],[131.087856,-29.375071],[131.092566,-29.384196],[131.093743,-29.392144],[131.094332,-29.409217],[131.098159,-29.427174],[131.104046,-29.443952],[131.109933,-29.46809],[131.106107,-29.483692],[131.079025,-29.514011],[131.071372,-29.525786],[131.06048,-29.55169],[131.053416,-29.564347],[131.045468,-29.559932],[131.022802,-29.543742],[131.01191,-29.538738],[130.983357,-29.533439],[130.965695,-29.521665],[130.939791,-29.487518],[130.923012,-29.474861],[130.917419,-29.473683],[130.905056,-29.473978],[130.899169,-29.4728],[130.895931,-29.470151],[130.892987,-29.461909],[130.888866,-29.459259],[130.879152,-29.458671],[130.855603,-29.461909],[130.847361,-29.459554],[130.8453,-29.447779],[130.857663,-29.436005],[130.888572,-29.416871],[130.900346,-29.40127],[130.911826,-29.366829],[130.922718,-29.348873],[130.947739,-29.330622]]]}},{"type":"Feature","properties":{"name":"Cowan","minZoom":6.0,"rank":8},"geometry":{"type":"Polygon","coordinates":[[[121.778296,-31.950757],[121.785067,-31.972835],[121.801845,-31.987258],[121.822745,-31.998739],[121.841585,-32.012279],[121.853065,-32.026115],[121.860129,-32.040833],[121.862779,-32.056728],[121.861601,-32.07439],[121.857186,-32.089108],[121.850121,-32.101472],[121.83923,-32.106476],[121.824806,-32.098234],[121.81833,-32.084987],[121.814797,-32.071152],[121.808616,-32.063793],[121.793309,-32.070564],[121.783006,-32.080866],[121.757396,-32.117956],[121.725899,-32.070858],[121.720012,-32.055257],[121.719423,-32.041421],[121.720601,-32.027292],[121.714714,-31.969597],[121.710298,-31.957528],[121.695874,-31.927797],[121.691753,-31.910135],[121.689987,-31.886292],[121.692931,-31.878049],[121.699995,-31.870396],[121.708238,-31.864803],[121.728254,-31.858916],[121.733259,-31.849496],[121.735319,-31.83831],[121.739146,-31.827713],[121.750037,-31.814761],[121.762401,-31.806519],[121.779179,-31.801809],[121.825394,-31.797099],[121.845706,-31.788563],[121.857775,-31.775316],[121.853948,-31.758832],[121.843056,-31.75059],[121.830399,-31.744702],[121.819802,-31.737932],[121.814797,-31.726452],[121.817447,-31.716738],[121.823923,-31.707907],[121.840407,-31.694661],[121.858363,-31.684652],[121.878674,-31.676999],[121.899574,-31.671994],[121.919591,-31.670228],[121.934898,-31.672289],[121.959919,-31.681708],[121.974637,-31.683769],[121.979347,-31.679942],[121.986412,-31.655804],[121.992005,-31.649623],[122.129178,-31.564552],[122.14213,-31.560136],[122.16303,-31.561902],[122.179809,-31.573088],[122.18864,-31.59075],[122.184813,-31.611061],[122.173039,-31.624307],[122.156848,-31.63461],[122.12123,-31.6508],[122.106807,-31.660514],[122.071777,-31.697899],[122.04499,-31.718504],[121.985234,-31.752945],[121.959625,-31.775316],[121.951971,-31.786796],[121.945789,-31.800926],[121.941963,-31.815939],[121.941668,-31.829774],[121.945495,-31.842137],[121.95256,-31.850379],[121.97081,-31.864803],[121.979053,-31.874811],[121.979936,-31.882465],[121.963451,-31.918083],[121.958447,-31.924853],[121.950499,-31.931624],[121.910466,-31.954878],[121.891921,-31.97519],[121.884562,-31.980488],[121.868666,-31.983432],[121.853065,-31.979311],[121.844528,-31.969302],[121.85071,-31.953995],[121.854831,-31.937511],[121.850415,-31.913373],[121.841585,-31.889824],[121.83187,-31.8754],[121.811265,-31.872751],[121.795369,-31.890707],[121.784184,-31.918083],[121.778885,-31.943693],[121.778296,-31.950757]]]}},{"type":"Feature","properties":{"name":"Turkana","minZoom":3.0,"rank":3},"geometry":{"type":"Polygon","coordinates":[[[36.709713,2.730341],[36.68793,2.715328],[36.691168,2.683537],[36.699999,2.646153],[36.696172,2.614362],[36.696172,2.620543],[36.693817,2.545186],[36.708241,2.508391],[36.702354,2.486313],[36.690873,2.46718],[36.635827,2.408895],[36.62788,2.40448],[36.621698,2.403303],[36.597266,2.406835],[36.593733,2.408307],[36.581664,2.407424],[36.57195,2.405069],[36.564591,2.400948],[36.558115,2.394472],[36.531917,2.422731],[36.525735,2.464236],[36.52603,2.510451],[36.517787,2.551662],[36.494533,2.591401],[36.476871,2.611712],[36.443313,2.630552],[36.436543,2.654395],[36.436837,2.723571],[36.435954,2.730341],[36.431244,2.741233],[36.417704,2.763899],[36.410344,2.791274],[36.400336,2.813352],[36.380614,2.846321],[36.357653,2.866337],[36.302607,2.902544],[36.261396,2.938456],[36.257864,2.942578],[36.251388,2.972603],[36.247267,2.980551],[36.239613,2.982022],[36.223129,2.967304],[36.21312,2.963183],[36.202818,2.965832],[36.189571,2.979373],[36.182212,2.983494],[36.141884,2.982317],[36.126577,2.987615],[36.12069,3.007926],[36.148066,3.116547],[36.148066,3.128027],[36.144828,3.139802],[36.135997,3.160701],[36.134525,3.172182],[36.136586,3.18219],[36.145711,3.202501],[36.148066,3.213098],[36.142767,3.219869],[36.130404,3.219869],[36.106266,3.216336],[36.072414,3.230466],[36.064761,3.235176],[36.059462,3.239591],[36.052986,3.242829],[36.041506,3.244301],[36.02826,3.252543],[35.996468,3.305823],[35.976746,3.319364],[35.959379,3.327606],[35.947898,3.33938],[35.943189,3.364107],[35.943189,3.528951],[35.939951,3.540725],[35.932886,3.550145],[35.925821,3.552206],[35.922583,3.542492],[35.925527,3.532189],[35.936713,3.508051],[35.935829,3.497454],[35.918168,3.481264],[35.907865,3.495688],[35.902861,3.522475],[35.901683,3.542492],[35.89609,3.561331],[35.882844,3.575166],[35.866948,3.586941],[35.853113,3.600481],[35.841339,3.630212],[35.834274,3.673484],[35.833391,3.719699],[35.840161,3.758261],[35.844871,3.767092],[35.856646,3.782398],[35.860472,3.792407],[35.860767,3.805064],[35.853113,3.83715],[35.853996,3.959017],[35.864593,3.991397],[35.919639,4.105905],[35.922583,4.117974],[35.915224,4.422935],[35.918168,4.437064],[35.926999,4.465029],[35.932003,4.504179],[35.946132,4.551572],[35.94937,4.576887],[35.955552,4.59396],[35.97027,4.617215],[35.988226,4.635171],[36.004122,4.635171],[36.007949,4.623397],[36.007066,4.591017],[36.013836,4.576887],[36.023256,4.565996],[36.029437,4.553927],[36.032675,4.540386],[36.032087,4.525374],[36.037974,4.525374],[36.054164,4.547451],[36.058285,4.560403],[36.038563,4.572766],[36.03032,4.58719],[36.025022,4.60338],[36.024727,4.61486],[36.043272,4.636643],[36.074475,4.643414],[36.106561,4.637821],[36.126872,4.621631],[36.127461,4.630461],[36.122456,4.657543],[36.123634,4.663136],[36.154836,4.664019],[36.167494,4.660192],[36.175442,4.649006],[36.186628,4.624574],[36.18545,4.616038],[36.168377,4.61486],[36.198108,4.547156],[36.203112,4.515659],[36.195753,4.478275],[36.207233,4.46238],[36.208411,4.442657],[36.200463,4.387022],[36.191043,4.367006],[36.188983,4.358175],[36.188394,4.339335],[36.21106,4.301362],[36.214887,4.285761],[36.216064,4.261918],[36.214298,4.241901],[36.214887,4.229832],[36.223129,4.214819],[36.221363,4.21011],[36.218125,4.2054],[36.216064,4.199807],[36.219302,4.193036],[36.226072,4.188621],[36.233137,4.185383],[36.236964,4.182734],[36.241674,4.165661],[36.244617,4.145055],[36.242851,4.123566],[36.224895,4.087948],[36.216064,4.032019],[36.198402,3.979328],[36.192515,3.970497],[36.181624,3.961961],[36.18545,3.942827],[36.219008,3.879833],[36.223129,3.868058],[36.229899,3.831852],[36.233726,3.823315],[36.239319,3.815662],[36.242557,3.808891],[36.244029,3.800649],[36.244323,3.788874],[36.246972,3.779455],[36.253448,3.774156],[36.260513,3.77033],[36.264634,3.765031],[36.265812,3.753551],[36.264045,3.743248],[36.246384,3.694384],[36.240496,3.686141],[36.235787,3.683786],[36.230782,3.682903],[36.219596,3.683198],[36.216653,3.681137],[36.215475,3.67054],[36.21312,3.66583],[36.211354,3.658766],[36.20635,3.540137],[36.216064,3.456537],[36.222834,3.434754],[36.240496,3.393838],[36.244323,3.370877],[36.238141,3.346151],[36.226661,3.334082],[36.22254,3.322013],[36.236964,3.298758],[36.274643,3.263434],[36.291716,3.243123],[36.29878,3.220163],[36.299369,3.208977],[36.30143,3.198969],[36.306728,3.191904],[36.326156,3.186605],[36.331455,3.180424],[36.34058,3.161585],[36.375904,3.123023],[36.380614,3.110071],[36.381791,3.099768],[36.388267,3.076219],[36.386795,3.041484],[36.388267,3.032064],[36.40063,3.010576],[36.532211,2.901661],[36.5746,2.894596],[36.657905,2.898717],[36.689107,2.881055],[36.69941,2.850442],[36.697644,2.769491],[36.709713,2.730341]]]}},{"type":"Feature","properties":{"name":"Qinghai","minZoom":3.0,"rank":3},"geometry":{"type":"Polygon","coordinates":[[[100.751867,36.82536],[100.765996,36.804461],[100.761581,36.781206],[100.743036,36.773258],[100.72037,36.776496],[100.70153,36.776202],[100.693288,36.757362],[100.698881,36.74441],[100.734499,36.706143],[100.741858,36.684066],[100.73862,36.669642],[100.731555,36.655807],[100.72037,36.590164],[100.712716,36.566026],[100.703591,36.555429],[100.694466,36.553074],[100.6718,36.543654],[100.659142,36.541005],[100.649428,36.541593],[100.628234,36.54542],[100.559941,36.566614],[100.539924,36.568969],[100.498419,36.578389],[100.459269,36.599583],[100.445434,36.622838],[100.481052,36.63785],[100.481052,36.644032],[100.450143,36.64521],[100.440135,36.644032],[100.435425,36.641677],[100.423651,36.632552],[100.418941,36.630491],[100.410404,36.631669],[100.403045,36.636673],[100.395392,36.63785],[100.392742,36.644327],[100.390387,36.65669],[100.385383,36.665815],[100.366838,36.658162],[100.330337,36.650803],[100.300018,36.657573],[100.288832,36.657867],[100.276763,36.654629],[100.259101,36.646093],[100.220834,36.641677],[100.159017,36.62431],[100.133996,36.623721],[100.089253,36.634907],[100.022138,36.643738],[99.980927,36.657867],[99.943248,36.676412],[99.92647,36.68907],[99.907925,36.719978],[99.882315,36.722039],[99.836689,36.712325],[99.810785,36.713208],[99.797832,36.72351],[99.781642,36.760895],[99.791356,36.774435],[99.790473,36.79298],[99.780171,36.811231],[99.761626,36.822122],[99.723358,36.83272],[99.70187,36.84155],[99.682736,36.865983],[99.63711,36.889237],[99.623863,36.898068],[99.619153,36.908371],[99.617682,36.91838],[99.619153,36.928388],[99.623863,36.938985],[99.662131,36.96695],[99.682442,36.965772],[99.697454,36.961945],[99.733661,36.945755],[99.781642,36.937513],[99.820793,36.951348],[99.842281,36.981373],[99.836689,37.021407],[99.832567,37.037891],[99.830507,37.042012],[99.827269,37.044367],[99.81991,37.046722],[99.816966,37.048783],[99.780759,37.082046],[99.770162,37.105595],[99.760448,37.122079],[99.754561,37.142096],[99.761626,37.164762],[99.776933,37.178009],[99.796949,37.185073],[99.836689,37.192727],[99.893206,37.211566],[99.935006,37.215687],[99.967681,37.225401],[99.984165,37.227756],[99.999766,37.223929],[100.043038,37.199497],[100.079245,37.191255],[100.182861,37.192727],[100.192575,37.190078],[100.215535,37.180364],[100.223777,37.181835],[100.230548,37.187723],[100.239379,37.193316],[100.249387,37.198025],[100.258218,37.199497],[100.274702,37.196259],[100.286183,37.188606],[100.29678,37.17948],[100.296191,37.178597],[100.34741,37.117664],[100.441607,37.046134],[100.469571,37.017286],[100.559941,36.887471],[100.577897,36.870104],[100.593499,36.863628],[100.638831,36.863333],[100.649722,36.860684],[100.672094,36.851559],[100.679747,36.849498],[100.688578,36.853619],[100.695937,36.86039],[100.704474,36.862745],[100.717426,36.853325],[100.751867,36.82536]]]}},{"type":"Feature","properties":{"name":"Milh","minZoom":3.0,"rank":3},"geometry":{"type":"Polygon","coordinates":[[[43.898085,32.703968],[43.899557,32.694549],[43.891903,32.662463],[43.891903,32.618308],[43.88631,32.601824],[43.873358,32.587989],[43.834208,32.561496],[43.812425,32.552665],[43.802122,32.546189],[43.792702,32.536181],[43.778867,32.515281],[43.768859,32.505273],[43.763855,32.514398],[43.757379,32.517341],[43.749725,32.51587],[43.740894,32.511749],[43.748842,32.526172],[43.745015,32.535886],[43.737656,32.545895],[43.734713,32.560613],[43.727354,32.560613],[43.725587,32.555609],[43.720878,32.546189],[43.713518,32.546189],[43.712047,32.551782],[43.70822,32.561496],[43.706748,32.566795],[43.702627,32.564145],[43.699978,32.560613],[43.693796,32.560613],[43.682316,32.5665],[43.679078,32.556198],[43.677017,32.540891],[43.669069,32.533237],[43.656412,32.538241],[43.651702,32.55031],[43.651996,32.58063],[43.660827,32.57798],[43.66642,32.577686],[43.679372,32.58063],[43.663771,32.587989],[43.647581,32.584751],[43.629919,32.577686],[43.61108,32.574154],[43.619028,32.585634],[43.623737,32.590344],[43.631096,32.594759],[43.618439,32.597114],[43.596656,32.605945],[43.583704,32.607711],[43.573695,32.590932],[43.537783,32.595642],[43.498927,32.612421],[43.480676,32.631849],[43.445058,32.679242],[43.429163,32.710444],[43.439171,32.731344],[43.430046,32.736937],[43.42563,32.738115],[43.42563,32.744885],[43.434756,32.752833],[43.430929,32.769023],[43.411501,32.806996],[43.415033,32.80523],[43.418271,32.804346],[43.421509,32.802875],[43.42563,32.799637],[43.433873,32.813472],[43.443587,32.825541],[43.449474,32.836727],[43.44653,32.847912],[43.432106,32.842319],[43.42563,32.850856],[43.419449,32.862925],[43.405025,32.868518],[43.405025,32.875877],[43.414444,32.878526],[43.429163,32.887063],[43.439171,32.888829],[43.45124,32.881764],[43.461543,32.877349],[43.472729,32.875877],[43.472729,32.882059],[43.455655,32.883825],[43.455361,32.889123],[43.462131,32.897071],[43.466547,32.906196],[43.469785,32.909729],[43.48362,32.90914],[43.486858,32.912967],[43.487152,32.922386],[43.48833,32.929451],[43.490685,32.936222],[43.494512,32.944169],[43.483031,32.951823],[43.457716,32.976844],[43.453006,32.985086],[43.457716,32.997449],[43.479499,33.016583],[43.486858,33.026003],[43.50452,33.018055],[43.517766,33.021882],[43.526008,33.033067],[43.529246,33.046608],[43.521299,33.086642],[43.521593,33.104598],[43.534839,33.114901],[43.533368,33.092529],[43.535134,33.07369],[43.541904,33.056617],[43.555445,33.039838],[43.571046,33.030124],[43.609902,33.019821],[43.62462,33.012462],[43.616084,32.99009],[43.624032,32.972723],[43.637572,32.958888],[43.644637,32.947407],[43.64817,32.933572],[43.666126,32.890006],[43.732063,32.775499],[43.754435,32.752244],[43.763266,32.7493],[43.795646,32.744885],[43.81949,32.727517],[43.82626,32.724574],[43.898085,32.703968]]]}},{"type":"Feature","properties":{"name":"Dead Sea","minZoom":3.0,"rank":3},"geometry":{"type":"Polygon","coordinates":[[[35.586419,31.752878],[35.588185,31.730506],[35.578471,31.701364],[35.554628,31.538286],[35.568463,31.496781],[35.571995,31.468228],[35.54462,31.354014],[35.545208,31.345772],[35.547563,31.338707],[35.547563,31.331937],[35.540204,31.323401],[35.52372,31.310154],[35.512828,31.304856],[35.503703,31.306327],[35.501348,31.318102],[35.512534,31.354309],[35.510473,31.367555],[35.49134,31.366966],[35.442181,31.322223],[35.414805,31.326639],[35.405974,31.344889],[35.401853,31.395225],[35.393611,31.435848],[35.400675,31.472349],[35.392728,31.514149],[35.398321,31.532399],[35.408035,31.548589],[35.414805,31.566251],[35.414216,31.577731],[35.40774,31.602163],[35.408035,31.614821],[35.412744,31.624241],[35.43541,31.655738],[35.454544,31.695182],[35.476621,31.730506],[35.506941,31.755821],[35.55139,31.765535],[35.559043,31.765535],[35.586419,31.752878]]]}},{"type":"Feature","properties":{"name":"Urmia","minZoom":4.0,"rank":4},"geometry":{"type":"Polygon","coordinates":[[[45.910358,37.388773],[45.913302,37.374055],[45.908886,37.362869],[45.898878,37.366696],[45.886514,37.37435],[45.875623,37.374055],[45.862965,37.366107],[45.834706,37.356099],[45.823815,37.349917],[45.822049,37.345796],[45.817633,37.326368],[45.814101,37.32313],[45.748458,37.284863],[45.735211,37.282214],[45.717549,37.285452],[45.702537,37.294283],[45.695178,37.307235],[45.700476,37.32313],[45.690174,37.32107],[45.667802,37.314005],[45.65956,37.309589],[45.636599,37.27927],[45.628651,37.274854],[45.623647,37.263963],[45.618349,37.192727],[45.611284,37.172416],[45.600098,37.14975],[45.585086,37.131499],[45.566835,37.123846],[45.554766,37.127084],[45.545052,37.134148],[45.537693,37.141213],[45.532394,37.144451],[45.512083,37.144451],[45.503841,37.142685],[45.502958,37.138564],[45.504135,37.133854],[45.501781,37.130027],[45.477643,37.120902],[45.462924,37.121196],[45.451444,37.130616],[45.404935,37.180952],[45.399636,37.191255],[45.395809,37.196259],[45.390217,37.199203],[45.377559,37.198025],[45.371966,37.199497],[45.356365,37.210683],[45.344884,37.227756],[45.341352,37.23747],[45.341352,37.246007],[45.338408,37.251894],[45.327517,37.254249],[45.31692,37.26514],[45.303085,37.336082],[45.299552,37.343441],[45.282479,37.363458],[45.295137,37.367285],[45.307206,37.371995],[45.317509,37.379648],[45.324279,37.390834],[45.316625,37.406435],[45.3075,37.437343],[45.295431,37.457655],[45.292488,37.474728],[45.286306,37.483559],[45.264817,37.500043],[45.262168,37.504458],[45.265112,37.518882],[45.278947,37.545081],[45.282479,37.555972],[45.282185,37.573634],[45.276003,37.584231],[45.248627,37.604248],[45.262757,37.614845],[45.256281,37.63339],[45.242446,37.653112],[45.234792,37.669008],[45.239208,37.680194],[45.248627,37.686376],[45.258047,37.690497],[45.262168,37.695795],[45.25422,37.75614],[45.253043,37.760261],[45.248627,37.768209],[45.224195,37.794113],[45.220663,37.805887],[45.183279,37.82296],[45.181512,37.824432],[45.174448,37.831497],[45.168855,37.838562],[45.159435,37.836501],[45.1456,37.829731],[45.078485,37.854163],[45.05994,37.857695],[45.062884,37.868587],[45.049343,37.932758],[45.047871,37.953953],[45.051403,37.971614],[45.05994,37.987804],[45.073481,38.004289],[45.091437,38.01518],[45.138535,38.023128],[45.159141,38.029015],[45.181218,38.038435],[45.189755,38.046383],[45.193287,38.059335],[45.193876,38.092598],[45.196819,38.097897],[45.20094,38.102606],[45.199469,38.113498],[45.193287,38.13116],[45.186811,38.139402],[45.178863,38.144995],[45.172976,38.152354],[45.172681,38.165895],[45.165911,38.165895],[45.154431,38.141168],[45.140007,38.129982],[45.124994,38.134986],[45.111454,38.159124],[45.094381,38.147055],[45.073481,38.134986],[45.05052,38.12645],[45.028737,38.124389],[45.003716,38.13793],[44.997535,38.159419],[45.003716,38.175609],[45.015197,38.172371],[45.024028,38.182968],[45.027266,38.194154],[45.033153,38.203279],[45.049343,38.207106],[45.047282,38.250377],[45.094086,38.268039],[45.308383,38.272454],[45.361663,38.265978],[45.417298,38.225062],[45.465279,38.176197],[45.484707,38.165895],[45.493538,38.156475],[45.497659,38.134986],[45.498837,38.113792],[45.497954,38.104078],[45.502664,38.095542],[45.49501,38.076114],[45.473816,38.042556],[45.486179,38.033431],[45.47676,38.003406],[45.487945,37.987804],[45.453799,37.973675],[45.458803,37.968965],[45.463219,37.963078],[45.467634,37.960134],[45.460275,37.953658],[45.438787,37.940412],[45.434077,37.935996],[45.430839,37.931286],[45.409645,37.909209],[45.406112,37.900967],[45.40464,37.888015],[45.406112,37.864466],[45.411999,37.847687],[45.413766,37.817368],[45.412883,37.815896],[45.421713,37.798234],[45.436137,37.778217],[45.453505,37.761438],[45.479114,37.750547],[45.485002,37.741422],[45.489712,37.732002],[45.494127,37.727292],[45.507079,37.729058],[45.517971,37.737595],[45.523858,37.749369],[45.522092,37.761438],[45.549467,37.766148],[45.64543,37.767326],[45.66633,37.757906],[45.711073,37.724643],[45.741982,37.711691],[45.755522,37.727292],[45.756111,37.711691],[45.760527,37.699622],[45.776128,37.678722],[45.781721,37.674895],[45.787314,37.673423],[45.792612,37.671363],[45.796733,37.665181],[45.797322,37.657233],[45.794673,37.652524],[45.791435,37.648403],[45.789669,37.641338],[45.77289,37.634273],[45.662798,37.644576],[45.659854,37.640455],[45.666624,37.631035],[45.678105,37.621615],[45.705186,37.613373],[45.709013,37.602776],[45.709307,37.58953],[45.714017,37.576283],[45.725792,37.56392],[45.765825,37.53154],[45.773773,37.528302],[45.784076,37.528008],[45.792907,37.525947],[45.796733,37.518294],[45.797616,37.511523],[45.800266,37.506519],[45.804681,37.502987],[45.810274,37.500632],[45.811452,37.479732],[45.831468,37.450001],[45.857078,37.423508],[45.875623,37.412028],[45.890341,37.409085],[45.902116,37.400842],[45.910358,37.388773]],[[45.55771,37.340498],[45.556532,37.351978],[45.542697,37.377293],[45.536515,37.38583],[45.529745,37.397016],[45.529745,37.407024],[45.542697,37.412028],[45.541225,37.417915],[45.538282,37.42292],[45.534161,37.427629],[45.529156,37.431751],[45.510611,37.439404],[45.496776,37.43646],[45.494127,37.426158],[45.508551,37.412028],[45.48824,37.407024],[45.483824,37.400254],[45.490006,37.3926],[45.501781,37.384652],[45.508845,37.381709],[45.525918,37.377882],[45.532394,37.374055],[45.536515,37.367285],[45.542697,37.343736],[45.55771,37.340498]],[[45.66633,37.480321],[45.663975,37.501809],[45.647491,37.507991],[45.604219,37.507991],[45.599509,37.513289],[45.595094,37.522415],[45.589207,37.528302],[45.58067,37.52477],[45.568601,37.512406],[45.566835,37.506813],[45.570073,37.500632],[45.570073,37.49445],[45.566835,37.492684],[45.565658,37.492684],[45.565069,37.491801],[45.563891,37.487091],[45.573017,37.487385],[45.58067,37.48503],[45.604219,37.472078],[45.608929,37.467369],[45.611578,37.459715],[45.618349,37.459715],[45.62453,37.468546],[45.642487,37.479143],[45.652495,37.487091],[45.66633,37.480321]]]}},{"type":"Feature","properties":{"name":"Sarygamysh","minZoom":4.0,"rank":4},"geometry":{"type":"Polygon","coordinates":[[[57.883619,41.816893],[57.886268,41.807473],[57.878615,41.797759],[57.865368,41.788634],[57.854771,41.775682],[57.85065,41.75596],[57.856537,41.689728],[57.853888,41.682663],[57.848001,41.680897],[57.838875,41.679719],[57.801491,41.668239],[57.731727,41.663529],[57.708472,41.658819],[57.687867,41.648222],[57.675209,41.63527],[57.664318,41.615842],[57.652543,41.6076],[57.635764,41.600241],[57.618397,41.595237],[57.599263,41.595237],[57.558641,41.608189],[57.546277,41.603773],[57.533325,41.593471],[57.513897,41.581402],[57.494469,41.575514],[57.482106,41.578752],[57.47092,41.587289],[57.454436,41.597297],[57.435597,41.599358],[57.42029,41.589938],[57.387615,41.555203],[57.36907,41.542546],[57.352292,41.540485],[57.335807,41.546372],[57.241611,41.612899],[57.236018,41.622318],[57.231308,41.639391],[57.228659,41.657053],[57.230719,41.668239],[57.233957,41.678542],[57.236606,41.692083],[57.232191,41.706801],[57.219828,41.717987],[57.162427,41.750072],[57.152713,41.760669],[57.137111,41.796582],[57.127103,41.800114],[57.117978,41.794227],[57.111796,41.783335],[57.107381,41.772444],[57.079416,41.720636],[57.07971,41.717104],[57.081182,41.710333],[57.080299,41.68855],[57.074706,41.667356],[57.067347,41.665295],[57.058516,41.674126],[57.045564,41.693849],[57.033495,41.739475],[57.03585,41.751838],[57.05204,41.779803],[57.058222,41.796876],[57.06823,41.932284],[57.072057,41.947002],[57.09464897287048,42.0],[57.728101075804226,42.0],[57.728195,41.999399],[57.7279,41.98939],[57.723779,41.983503],[57.698464,41.972906],[57.68404,41.964958],[57.678447,41.954655],[57.675503,41.920509],[57.680213,41.903142],[57.695226,41.896077],[57.746739,41.894311],[57.762341,41.889601],[57.778236,41.882536],[57.84123,41.838382],[57.865368,41.827196],[57.883619,41.816893]]]}},{"type":"Feature","properties":{"name":"Tuz","minZoom":4.0,"rank":4},"geometry":{"type":"Polygon","coordinates":[[[33.420488,38.954496],[33.420488,38.940367],[33.426375,38.924765],[33.434323,38.913285],[33.416956,38.877373],[33.413718,38.867659],[33.417544,38.859711],[33.426081,38.850586],[33.54677,38.752857],[33.555307,38.761099],[33.552657,38.77935],[33.547359,38.789358],[33.547359,38.803782],[33.571497,38.891797],[33.578267,38.891797],[33.584154,38.846465],[33.629487,38.786414],[33.640378,38.751679],[33.64391,38.731368],[33.652741,38.713412],[33.686299,38.659543],[33.698662,38.646886],[33.71603,38.64041],[33.742817,38.638349],[33.742817,38.63099],[33.711025,38.62157],[33.629487,38.615094],[33.598873,38.597432],[33.590042,38.550629],[33.584449,38.544741],[33.568259,38.531789],[33.558545,38.516188],[33.550008,38.497054],[33.541472,38.484397],[33.53058,38.487635],[33.517039,38.498232],[33.508209,38.514127],[33.497906,38.528846],[33.479066,38.535322],[33.462582,38.538854],[33.420782,38.563286],[33.354845,38.582714],[33.296561,38.638349],[33.264769,38.657777],[33.187352,38.688097],[33.153205,38.70723],[33.138487,38.738139],[33.146729,38.77935],[33.20207,38.904749],[33.219437,38.92035],[33.245636,38.926532],[33.298916,38.929475],[33.322465,38.938306],[33.332473,38.95744],[33.334534,38.983933],[33.332473,38.995413],[33.326291,39.009542],[33.309218,39.036035],[33.30392,39.049281],[33.305097,39.061056],[33.317461,39.079307],[33.317755,39.090787],[33.309807,39.102856],[33.289202,39.117868],[33.28302,39.131703],[33.32482,39.150837],[33.338066,39.152309],[33.345131,39.14701],[33.366031,39.118163],[33.442271,39.044866],[33.468469,38.992764],[33.47259,38.980989],[33.459933,38.977751],[33.444331,38.963621],[33.430791,38.960383],[33.420488,38.954496]]]}},{"type":"Feature","properties":{"name":"Van","minZoom":4.0,"rank":4},"geometry":{"type":"Polygon","coordinates":[[[43.104185,38.314254],[43.019113,38.316609],[43.000863,38.326912],[42.994387,38.335448],[42.97908,38.336626],[42.960535,38.335448],[42.945522,38.336626],[42.93522,38.343985],[42.936986,38.351638],[42.945228,38.360764],[42.953176,38.371655],[42.953176,38.377542],[42.943168,38.385196],[42.936103,38.392849],[42.928449,38.396382],[42.918441,38.391966],[42.91432,38.398442],[42.911376,38.40168],[42.906961,38.403741],[42.897835,38.405801],[42.9049,38.432883],[42.911671,38.432883],[42.914614,38.428762],[42.920796,38.423463],[42.925211,38.418753],[42.924328,38.427879],[42.926977,38.430528],[42.932276,38.431117],[42.939046,38.432883],[42.928449,38.447601],[42.925211,38.453488],[42.910787,38.446718],[42.897835,38.447601],[42.884883,38.451134],[42.870165,38.453488],[42.877524,38.460848],[42.871048,38.467618],[42.872226,38.471739],[42.879291,38.473505],[42.891065,38.474094],[42.884589,38.476743],[42.878996,38.480864],[42.873992,38.486752],[42.870165,38.494405],[42.879879,38.500587],[42.876347,38.505885],[42.868399,38.504708],[42.856624,38.4738],[42.839257,38.469678],[42.818946,38.474094],[42.801873,38.481453],[42.798046,38.456432],[42.791276,38.446718],[42.773908,38.440242],[42.764488,38.444069],[42.691781,38.43877],[42.687071,38.442303],[42.663227,38.472328],[42.651747,38.478804],[42.598761,38.485574],[42.583749,38.493522],[42.575801,38.507946],[42.567265,38.502647],[42.550191,38.497643],[42.541655,38.494405],[42.536651,38.489695],[42.533118,38.484102],[42.528703,38.478215],[42.520755,38.474094],[42.501327,38.47115],[42.486314,38.475271],[42.474834,38.484102],[42.466003,38.494405],[42.468653,38.494994],[42.470124,38.501175],[42.46983,38.508829],[42.466003,38.515011],[42.457172,38.516777],[42.448636,38.514127],[42.438627,38.507946],[42.40978,38.496171],[42.39565,38.495877],[42.38417,38.507946],[42.369746,38.497643],[42.349729,38.490873],[42.327946,38.48734],[42.308224,38.487635],[42.299688,38.507651],[42.309696,38.517954],[42.349729,38.528551],[42.361798,38.537971],[42.37946,38.566524],[42.39094,38.577121],[42.409485,38.578888],[42.420082,38.581242],[42.425087,38.586835],[42.42126,38.591545],[42.413606,38.59861],[42.408014,38.607441],[42.410663,38.618038],[42.423909,38.622748],[42.493968,38.624808],[42.488669,38.630401],[42.482193,38.633934],[42.476012,38.636289],[42.472774,38.638349],[42.466003,38.658955],[42.457172,38.67014],[42.44422,38.692218],[42.435389,38.703698],[42.438333,38.720771],[42.467769,38.736667],[42.600822,38.778466],[42.620544,38.781704],[42.647626,38.782882],[42.709148,38.793185],[42.733286,38.803487],[42.747415,38.799661],[42.801873,38.792596],[42.809821,38.785531],[42.828366,38.784648],[42.89813,38.795834],[42.91638,38.796717],[42.928744,38.792596],[42.941696,38.785237],[42.956414,38.784354],[43.09241,38.804076],[43.123907,38.816439],[43.162174,38.841166],[43.175715,38.844404],[43.183663,38.850586],[43.195143,38.880611],[43.206918,38.891797],[43.193966,38.897684],[43.177776,38.900333],[43.145101,38.899156],[43.145396,38.900628],[43.144513,38.903571],[43.142158,38.905926],[43.137448,38.905926],[43.133327,38.902688],[43.131266,38.893563],[43.123907,38.889736],[43.110072,38.877962],[43.143924,38.880316],[43.147751,38.865304],[43.1295,38.851763],[43.09712,38.858239],[43.088289,38.866776],[43.079164,38.879728],[43.072099,38.892974],[43.069155,38.902688],[43.065917,38.925648],[43.072099,38.930947],[43.110661,38.933891],[43.120963,38.937423],[43.130677,38.942133],[43.145101,38.946843],[43.16188,38.94802],[43.203385,38.940072],[43.219575,38.942722],[43.231644,38.948903],[43.242241,38.955674],[43.25431,38.960383],[43.271089,38.962444],[43.287574,38.960972],[43.315538,38.954202],[43.313478,38.960972],[43.310828,38.974513],[43.308768,38.980989],[43.315538,38.980989],[43.319659,38.972747],[43.327313,38.968331],[43.337615,38.966565],[43.350567,38.967448],[43.351156,38.977751],[43.353511,38.984816],[43.359987,38.987759],[43.373528,38.987171],[43.37706,38.987759],[43.383831,38.991292],[43.388246,38.995707],[43.392956,38.999828],[43.401492,39.001594],[43.40473,39.000417],[43.407674,38.998356],[43.41209,38.996002],[43.477733,38.993058],[43.542199,38.980989],[43.578994,38.982461],[43.59018,38.980989],[43.596656,38.977457],[43.61314,38.965093],[43.62462,38.960383],[43.632274,38.963916],[43.641399,38.959795],[43.659061,38.946843],[43.65494,38.945665],[43.651408,38.945077],[43.64817,38.943899],[43.644637,38.940072],[43.659061,38.932713],[43.640516,38.930947],[43.59695,38.919761],[43.547497,38.917995],[43.534839,38.913285],[43.531307,38.908281],[43.521299,38.885321],[43.501282,38.871191],[43.484503,38.868247],[43.469785,38.868836],[43.457127,38.86707],[43.44653,38.858239],[43.428868,38.858828],[43.412678,38.850291],[43.399432,38.837045],[43.390012,38.822621],[43.384419,38.822621],[43.369701,38.840872],[43.339087,38.845876],[43.308768,38.835573],[43.295227,38.806725],[43.296699,38.787297],[43.291989,38.779055],[43.27786,38.775523],[43.261375,38.774051],[43.244596,38.76993],[43.229878,38.763454],[43.219575,38.754917],[43.216337,38.750502],[43.214277,38.745792],[43.213688,38.739905],[43.213099,38.731074],[43.211039,38.720771],[43.205446,38.715767],[43.19897,38.712235],[43.192788,38.70723],[43.176304,38.685742],[43.16865,38.671612],[43.165412,38.655717],[43.155993,38.637466],[43.133032,38.624808],[43.08299,38.611856],[43.08299,38.604203],[43.089761,38.604203],[43.100652,38.613328],[43.123907,38.61951],[43.175715,38.624808],[43.190728,38.620687],[43.200147,38.611268],[43.216632,38.586835],[43.226935,38.580654],[43.242536,38.575061],[43.258726,38.57094],[43.271089,38.569468],[43.316127,38.542386],[43.325252,38.486457],[43.306413,38.439653],[43.267262,38.440242],[43.22664,38.418165],[43.219575,38.415515],[43.213099,38.408156],[43.184252,38.389023],[43.175715,38.385196],[43.162469,38.382841],[43.153344,38.376071],[43.147456,38.365474],[43.145101,38.35105],[43.148045,38.335154],[43.153049,38.326617],[43.150694,38.322202],[43.131266,38.316903],[43.104185,38.314254]]]}},{"type":"Feature","properties":{"name":"Abaya","minZoom":4.7,"rank":5},"geometry":{"type":"Polygon","coordinates":[[[38.005798,6.618008],[38.011097,6.622129],[38.024343,6.585039],[38.055546,6.561196],[38.074385,6.55472],[38.091752,6.55943],[38.110297,6.586805],[38.138851,6.594459],[38.150036,6.550304],[38.136201,6.511154],[38.108531,6.487016],[38.122366,6.449926],[38.106765,6.451104],[38.094402,6.449926],[38.091458,6.430204],[38.083216,6.400179],[38.036118,6.370448],[38.00727,6.315107],[38.005504,6.285377],[38.002854,6.255646],[37.972535,6.230919],[37.938683,6.216495],[37.925437,6.19589],[37.914251,6.175284],[37.88452,6.144965],[37.862737,6.109936],[37.859205,6.078439],[37.850079,6.049885],[37.836539,6.059011],[37.833301,6.089036],[37.820054,6.07108],[37.813873,6.044292],[37.785319,6.034284],[37.749996,6.022215],[37.739987,6.008969],[37.727918,5.999843],[37.716732,6.005436],[37.705547,6.011029],[37.685235,6.010146],[37.68082,6.026631],[37.693183,6.058716],[37.694361,6.09404],[37.707313,6.117],[37.732039,6.130541],[37.744108,6.137311],[37.755589,6.144376],[37.757649,6.157623],[37.767363,6.167631],[37.804159,6.177934],[37.827708,6.200011],[37.827708,6.194418],[37.827708,6.188825],[37.849785,6.183527],[37.844486,6.144376],[37.875689,6.198539],[37.87775,6.261239],[37.896589,6.275663],[37.883343,6.305688],[37.886581,6.345721],[37.873334,6.381928],[37.8542,6.447277],[37.872157,6.511154],[37.906597,6.515569],[37.936034,6.552659],[37.949869,6.573265],[37.963998,6.593281],[37.980777,6.605939],[37.999911,6.616536],[38.005798,6.618008]]]}},{"type":"Feature","properties":{"name":"Dead Sea","minZoom":4.7,"rank":5},"geometry":{"type":"Polygon","coordinates":[[[35.526369,31.188876],[35.531079,31.169742],[35.527546,31.163561],[35.507235,31.144722],[35.503703,31.139129],[35.505763,31.135302],[35.50959,31.131769],[35.512239,31.122644],[35.516655,31.116463],[35.517832,31.110281],[35.510473,31.103805],[35.485452,31.088498],[35.476327,31.086437],[35.459254,31.087321],[35.415982,31.093797],[35.400675,31.100861],[35.393022,31.112636],[35.388312,31.141778],[35.363586,31.17563],[35.358581,31.210365],[35.369767,31.235386],[35.400675,31.230381],[35.405091,31.235974],[35.421281,31.251576],[35.461314,31.219196],[35.475738,31.210659],[35.511062,31.199473],[35.526369,31.188876]]]}},{"type":"Feature","properties":{"name":"Hammar","minZoom":4.7,"rank":5},"geometry":{"type":"MultiPolygon","coordinates":[[[[46.731928,30.757633],[46.748707,30.758221],[46.769901,30.750568],[46.769901,30.743798],[46.756066,30.743798],[46.758127,30.739382],[46.760482,30.728491],[46.762248,30.724075],[46.743408,30.727019],[46.724275,30.732612],[46.687185,30.750568],[46.705435,30.750568],[46.731928,30.757633]]],[[[47.62444,30.704647],[47.633271,30.68257],[47.567039,30.664025],[47.540841,30.661964],[47.538192,30.664025],[47.530538,30.673739],[47.530244,30.676094],[47.522885,30.673445],[47.518764,30.668735],[47.517292,30.664025],[47.516997,30.661964],[47.490505,30.662553],[47.479907,30.659315],[47.475492,30.648129],[47.468722,30.648129],[47.461363,30.652839],[47.451943,30.651662],[47.440757,30.648718],[47.427805,30.648129],[47.412498,30.651956],[47.404256,30.657843],[47.400723,30.66844],[47.39984,30.685808],[47.388949,30.700232],[47.362456,30.704353],[47.190842,30.709651],[47.165821,30.715244],[47.1199,30.736733],[47.091936,30.737616],[47.091936,30.743798],[47.099,30.748213],[47.104888,30.755278],[47.105182,30.761459],[47.095468,30.764403],[47.084282,30.762343],[47.068092,30.752923],[47.031885,30.748213],[47.005392,30.741737],[46.99038,30.732906],[47.002743,30.724075],[46.993912,30.719954],[46.985081,30.71966],[46.976839,30.723486],[46.968303,30.730257],[46.973012,30.736733],[46.978017,30.746741],[46.982138,30.750568],[46.970363,30.755867],[46.946225,30.755278],[46.934451,30.758221],[46.925031,30.766169],[46.934156,30.779416],[46.926797,30.792368],[46.908252,30.797372],[46.883231,30.791779],[46.859388,30.779121],[46.844964,30.764403],[46.87234,30.758221],[46.906486,30.743798],[46.910018,30.729374],[46.898244,30.721426],[46.858505,30.709651],[46.848202,30.714656],[46.82848,30.71495],[46.817588,30.717305],[46.808463,30.722898],[46.798749,30.736733],[46.790212,30.743798],[46.803164,30.754689],[46.819943,30.765875],[46.837605,30.774706],[46.851734,30.778533],[46.851734,30.784714],[46.823475,30.792073],[46.809935,30.791485],[46.796688,30.784714],[46.789329,30.791779],[46.782853,30.799138],[46.789918,30.80532],[46.798749,30.815034],[46.804047,30.819449],[46.804047,30.827103],[46.779321,30.825042],[46.716033,30.810324],[46.70779,30.819449],[46.697193,30.819155],[46.69425,30.819449],[46.69425,30.827103],[46.706319,30.832107],[46.72398,30.844176],[46.735166,30.846825],[46.72663,30.864193],[46.691306,30.875967],[46.680414,30.888625],[46.72663,30.890097],[46.749001,30.895689],[46.762248,30.908936],[46.774905,30.904226],[46.780793,30.911585],[46.785797,30.922182],[46.796688,30.928953],[46.796688,30.922477],[46.789918,30.908053],[46.795216,30.897161],[46.804342,30.895395],[46.810818,30.908936],[46.806991,30.924243],[46.817294,30.932779],[46.831129,30.932191],[46.838194,30.918944],[46.845258,30.911291],[46.862626,30.910408],[46.900304,30.915118],[46.894417,30.905698],[46.892945,30.896573],[46.895006,30.88833],[46.900304,30.88156],[46.905603,30.895689],[46.906486,30.902165],[46.922971,30.894806],[46.948875,30.878911],[46.968303,30.874201],[46.968303,30.868019],[46.961532,30.868019],[46.961532,30.86066],[46.980372,30.857422],[46.996562,30.845353],[47.012457,30.830929],[47.030413,30.819449],[47.028353,30.814739],[47.02747,30.814739],[47.023643,30.812679],[47.04366,30.807086],[47.06191,30.817389],[47.077217,30.832401],[47.088698,30.840055],[47.11313,30.837111],[47.122255,30.830635],[47.11519,30.825925],[47.091936,30.827103],[47.091936,30.819449],[47.099295,30.817977],[47.104593,30.816211],[47.111952,30.812679],[47.123727,30.81886],[47.13609,30.819155],[47.146687,30.814445],[47.153458,30.805908],[47.173769,30.816506],[47.192314,30.809441],[47.22175,30.778533],[47.205854,30.773528],[47.202322,30.764403],[47.207621,30.757633],[47.218218,30.761165],[47.228226,30.762637],[47.241178,30.757338],[47.255602,30.753217],[47.269437,30.758221],[47.27974,30.752629],[47.295636,30.74733],[47.31212,30.744092],[47.324189,30.743798],[47.340673,30.749979],[47.350387,30.759105],[47.378646,30.792662],[47.393953,30.815328],[47.403667,30.819449],[47.455181,30.819449],[47.503457,30.812679],[47.514054,30.804731],[47.514642,30.799138],[47.492859,30.781771],[47.482557,30.775883],[47.448705,30.761165],[47.437519,30.758221],[47.379529,30.758221],[47.398074,30.734378],[47.426628,30.730257],[47.489327,30.743798],[47.498452,30.744681],[47.52053,30.743798],[47.528478,30.741737],[47.532304,30.732317],[47.540841,30.730257],[47.56645,30.734967],[47.582052,30.735555],[47.599125,30.730257],[47.599125,30.724075],[47.592649,30.725841],[47.578519,30.728196],[47.571749,30.730257],[47.581757,30.716716],[47.603246,30.712006],[47.62444,30.704647]]]]}},{"type":"Feature","properties":{"name":"Assal","minZoom":4.7,"rank":5},"geometry":{"type":"Polygon","coordinates":[[[42.44893,11.674595],[42.438922,11.655461],[42.411252,11.624553],[42.400066,11.650163],[42.384464,11.692257],[42.422143,11.711096],[42.44893,11.674595]]]}},{"type":"Feature","properties":{"name":"Chew Bahir","minZoom":5.7,"rank":7},"geometry":{"type":"Polygon","coordinates":[[[36.991419,4.869485],[37.001428,4.806491],[36.992008,4.711117],[36.984354,4.674027],[36.977584,4.656071],[36.968459,4.639587],[36.932841,4.600731],[36.925187,4.589839],[36.914001,4.569822],[36.904876,4.561286],[36.881327,4.552749],[36.823632,4.549217],[36.79655,4.541564],[36.780655,4.532438],[36.768291,4.52243],[36.758283,4.510361],[36.740621,4.478864],[36.732379,4.476215],[36.725903,4.484751],[36.720604,4.502413],[36.717661,4.523019],[36.719427,4.539209],[36.737089,4.590722],[36.747686,4.65666],[36.753867,4.676088],[36.790074,4.76322],[36.793018,4.784708],[36.792429,4.809141],[36.794195,4.820915],[36.800083,4.830923],[36.810091,4.825036],[36.828342,4.809435],[36.872202,4.783236],[36.881033,4.780293],[36.89634,4.788829],[36.905465,4.805314],[36.912824,4.823859],[36.923127,4.838577],[36.93078,4.842698],[36.948148,4.84888],[36.955212,4.855356],[36.958156,4.865364],[36.95845,4.875667],[36.960805,4.884792],[36.969931,4.891268],[36.983766,4.886853],[36.991419,4.869485]]]}},{"type":"Feature","properties":{"name":"Chamo","minZoom":5.7,"rank":7},"geometry":{"type":"Polygon","coordinates":[[[37.726446,5.940676],[37.72939,5.905647],[37.723503,5.854133],[37.714966,5.806741],[37.704958,5.784075],[37.683469,5.777893],[37.660215,5.767001],[37.637843,5.746985],[37.596926,5.717548],[37.555421,5.705479],[37.557187,5.726674],[37.556598,5.748751],[37.548651,5.767001],[37.547179,5.782014],[37.563074,5.817043],[37.594571,5.855605],[37.598692,5.864436],[37.605757,5.872089],[37.602814,5.879743],[37.59987,5.888868],[37.608112,5.894461],[37.616649,5.900054],[37.615177,5.910357],[37.611056,5.916538],[37.633722,5.932728],[37.658448,5.935966],[37.673461,5.949507],[37.688768,5.96658],[37.694361,5.960987],[37.699954,5.955689],[37.726446,5.940676]]]}},{"type":"Feature","properties":{"name":"Abbe","minZoom":5.7,"rank":7},"geometry":{"type":"Polygon","coordinates":[[[41.8655,11.22775],[41.882279,11.206556],[41.874331,11.171821],[41.842246,11.133848],[41.772187,11.079685],[41.730682,11.102057],[41.697124,11.139441],[41.680051,11.183007],[41.687116,11.224512],[41.702717,11.249239],[41.720968,11.271022],[41.744222,11.28574],[41.773364,11.288684],[41.798385,11.277498],[41.8655,11.22775]]]}},{"type":"Feature","properties":{"name":"Eyasi","minZoom":5.7,"rank":7},"geometry":{"type":"Polygon","coordinates":[[[34.76897,-3.764215],[34.777801,-3.747142],[34.792225,-3.729774],[34.805471,-3.711229],[34.754252,-3.723004],[34.733352,-3.69445],[34.746893,-3.689741],[34.761022,-3.688857],[34.772502,-3.675317],[34.783394,-3.661187],[34.805766,-3.64588],[34.816657,-3.616738],[34.91733,-3.623509],[35.010643,-3.584947],[35.083057,-3.525191],[35.15547,-3.46102],[35.175781,-3.448068],[35.195798,-3.432172],[35.204923,-3.41451],[35.214049,-3.397143],[35.258203,-3.357403],[35.302652,-3.352694],[35.325024,-3.399498],[35.338859,-3.448362],[35.313544,-3.479859],[35.272333,-3.494283],[35.269095,-3.506352],[35.261147,-3.519598],[35.242013,-3.526663],[35.22494,-3.536082],[35.223763,-3.572584],[35.249961,-3.583181],[35.226412,-3.614678],[35.194621,-3.644408],[35.172543,-3.65059],[35.153115,-3.658244],[35.137514,-3.679143],[35.119263,-3.69445],[35.075992,-3.701809],[35.033309,-3.713878],[35.008582,-3.716822],[34.983267,-3.716822],[34.957657,-3.72683],[34.932342,-3.738605],[34.884655,-3.756561],[34.839029,-3.777755],[34.799878,-3.792768],[34.755429,-3.777755],[34.76897,-3.764215]]]}},{"type":"Feature","properties":{"name":"Natron","minZoom":5.7,"rank":7},"geometry":{"type":"Polygon","coordinates":[[[36.015013,-2.519349],[36.035913,-2.494622],[36.032087,-2.453117],[36.000001,-2.422209],[35.978218,-2.353327],[35.977924,-2.277676],[35.964677,-2.197609],[36.005594,-2.136087],[36.013836,-2.122252],[36.022373,-2.108416],[36.033264,-2.114598],[36.035913,-2.133437],[36.069765,-2.157575],[36.102734,-2.186129],[36.118041,-2.267079],[36.098318,-2.343025],[36.089193,-2.362453],[36.082423,-2.383058],[36.083306,-2.4122],[36.083306,-2.438987],[36.074475,-2.453117],[36.061817,-2.466069],[36.054753,-2.481965],[36.055636,-2.499921],[36.037679,-2.538188],[36.016485,-2.572334],[35.981456,-2.581754],[35.94466,-2.583226],[35.924055,-2.556733],[35.940245,-2.516405],[35.96085,-2.491973],[36.000001,-2.494328],[36.015013,-2.519349]]]}},{"type":"Feature","properties":{"name":"Aydar","minZoom":5.7,"rank":7},"geometry":{"type":"Polygon","coordinates":[[[68.045952,41.050369],[68.058609,41.055079],[68.040359,41.015928],[68.013866,40.934389],[67.975304,40.861387],[67.904657,40.814583],[67.889055,40.813111],[67.859619,40.818704],[67.846078,40.818999],[67.830477,40.812523],[67.816936,40.791623],[67.80369,40.78338],[67.789266,40.783675],[67.775137,40.790445],[67.76189,40.799571],[67.748938,40.806341],[67.734809,40.809579],[67.721562,40.810756],[67.708316,40.809579],[67.694481,40.806341],[67.666516,40.793389],[67.617946,40.75836],[67.587921,40.748646],[67.53052,40.752178],[67.501967,40.747762],[67.485188,40.728923],[67.490781,40.719503],[67.574675,40.651211],[67.591748,40.632077],[67.602345,40.610294],[67.603817,40.595871],[67.602345,40.565551],[67.6047,40.550538],[67.612648,40.53847],[67.623539,40.525223],[67.630604,40.512566],[67.627366,40.501085],[67.60676,40.497259],[67.577029,40.506384],[67.528165,40.531699],[67.51639,40.539941],[67.490192,40.565551],[67.477534,40.57291],[67.438678,40.585568],[67.421605,40.595576],[67.364499,40.644735],[67.326231,40.668578],[67.309453,40.688595],[67.312396,40.706257],[67.322993,40.724802],[67.329469,40.746585],[67.32211,40.766013],[67.302093,40.771312],[67.251757,40.769251],[67.227914,40.776021],[67.179049,40.798099],[67.156089,40.801042],[67.133128,40.793389],[67.117233,40.782792],[67.100748,40.775138],[67.074844,40.776021],[67.047468,40.78603],[66.884979,40.883464],[66.852599,40.893473],[66.492886,40.943367],[66.133173,40.993262],[66.114629,41.003565],[66.121693,41.016223],[66.128464,41.017694],[66.155545,41.016223],[66.148775,41.016223],[66.229136,41.013868],[66.275646,41.026525],[66.300667,41.023287],[66.348059,41.009452],[66.443728,41.002682],[66.457268,41.005037],[66.481112,41.015928],[66.49377,41.019461],[66.508193,41.018872],[66.544989,41.00592],[66.769294,40.993851],[66.835821,41.002387],[66.984769,41.001504],[67.036283,40.993262],[67.084853,40.977072],[67.11635,40.953229],[67.137838,40.952934],[67.177577,40.960882],[67.197888,40.961471],[67.211135,40.958527],[67.232035,40.950285],[67.267358,40.946753],[67.273834,40.940865],[67.272363,40.917316],[67.289141,40.891118],[67.328586,40.880226],[67.408359,40.87375],[67.398939,40.859621],[67.384515,40.849907],[67.368914,40.84137],[67.353901,40.831362],[67.372741,40.82047],[67.396584,40.818115],[67.476357,40.824297],[67.53994,40.820765],[67.764834,40.881698],[67.905245,40.952051],[67.956759,40.990613],[67.996793,41.040655],[68.020342,41.060966],[68.020636,41.059494],[68.033883,41.04301],[68.045952,41.050369]]]}},{"type":"Feature","properties":{"name":"Great Bitter","minZoom":6.0,"rank":8},"geometry":{"type":"Polygon","coordinates":[[[32.550642,30.195692],[32.550642,30.200107],[32.547993,30.203345],[32.543577,30.209527],[32.536807,30.203345],[32.536807,30.229838],[32.532391,30.230427],[32.53092,30.229249],[32.526504,30.233076],[32.520617,30.241318],[32.512669,30.249266],[32.491769,30.265456],[32.487059,30.266928],[32.464688,30.249266],[32.461155,30.243084],[32.457623,30.240729],[32.447615,30.244262],[32.437312,30.24956],[32.413468,30.271343],[32.398161,30.280174],[32.361072,30.291654],[32.344293,30.298719],[32.331341,30.309905],[32.309852,30.336103],[32.296606,30.3467],[32.306025,30.374371],[32.310441,30.380847],[32.305731,30.399686],[32.326337,30.413227],[32.372257,30.428534],[32.386092,30.422352],[32.393157,30.408517],[32.432602,30.362596],[32.437901,30.359064],[32.44261,30.354648],[32.447615,30.3467],[32.449675,30.336103],[32.448792,30.327567],[32.448792,30.319913],[32.454091,30.313143],[32.449969,30.30284],[32.459683,30.291949],[32.475285,30.282823],[32.48912,30.277819],[32.526799,30.272815],[32.537984,30.266633],[32.550642,30.250443],[32.552703,30.253093],[32.553291,30.25427],[32.554174,30.255447],[32.557412,30.257802],[32.559473,30.254564],[32.559473,30.253387],[32.560062,30.252504],[32.564183,30.250443],[32.564183,30.245733],[32.562417,30.24485],[32.559473,30.245439],[32.557412,30.244262],[32.571542,30.236608],[32.565066,30.236019],[32.563594,30.234548],[32.564183,30.229838],[32.573014,30.211882],[32.569481,30.190099],[32.560062,30.179502],[32.550642,30.195692]]]}}]}